seed,x_grid,y_grid,tke,u,v
20260923,0,0,0.04161723755695177,-0.824286915530678,1.2295616301552905
20260923,1,0,0.05403119686552621,-0.930297448906523,1.1684923750068135
20260923,2,0,0.0718933109927981,-1.0052540565469514,1.1208770643785029
20260923,3,0,0.08664296977180644,-1.0004269974371043,1.1280800032862197
20260923,4,0,0.09608183138600344,-0.9118471128972656,1.2037064433651272
20260923,5,0,0.10528606287070962,-0.7666121068832481,1.3342784035386173
20260923,6,0,0.11761804342832889,-0.5850185164222347,1.5071254082530545
20260923,7,0,0.1071157237322219,-0.39951972331117985,1.6979364739068183
20260923,8,0,0.10405202174037342,-0.24596199745550923,1.8681010071139015
20260923,9,0,0.10587321675828419,-0.12966420165966308,2.0070561376830502
20260923,10,0,0.10796135321212039,-0.06564870932524552,2.0945868121547013
20260923,11,0,0.11624319083205999,-0.04665421019022692,2.130759984996234
20260923,12,0,0.13262087829850522,-0.07319109905250187,2.109617253598338
20260923,13,0,0.11626367423843648,-0.20547331339973685,1.9764612644661423
20260923,14,0,0.10782319079557727,-0.3476892509373618,1.8235774418139559
20260923,15,0,0.10533658783503082,-0.49236837116354126,1.6630125709630277
20260923,16,0,0.10275232663770374,-0.6307744502194095,1.5124643376336047
20260923,17,0,0.10495672384189529,-0.753178059114888,1.3864168614822852
20260923,18,0,0.1147390297940409,-0.8588133006633876,1.2912414307829305
20260923,19,0,0.10418612967390384,-0.8970748270782469,1.2931049345904213
20260923,20,0,0.09922301437643614,-0.9007812972934817,1.3431278977308447
20260923,21,0,0.09685698121192789,-0.8703529125180387,1.4364381665395047
20260923,22,0,0.09206022456835547,-0.8036289173605986,1.5628341407805117
20260923,23,0,0.0881241492168721,-0.715634936989992,1.695302604187989
20260923,24,0,0.08905470285141295,-0.6176515273312706,1.8170387623367088
20260923,25,0,0.08702675882707236,-0.512469657144121,1.9056003231260545
20260923,26,0,0.08722973752519522,-0.41161327231699607,1.9509009049771762
20260923,27,0,0.08609165897822797,-0.32502975975149906,1.9386137241011157
20260923,28,0,0.08269614017228376,-0.26405348132997186,1.8666646335166575
20260923,29,0,0.08566377063156369,-0.22025855130040367,1.75848514273866
20260923,30,0,0.09845257979399574,-0.18963156926624603,1.6189239314559294
20260923,31,0,0.08466230180237942,-0.24000921890430338,1.4482872041727457
20260923,32,0,0.07854338805350758,-0.3056089012750409,1.2976236760174575
20260923,33,0,0.07736676028601758,-0.38756960685025177,1.1721564746822237
20260923,34,0,0.07351368716418313,-0.4877520890802867,1.091185530868179
20260923,35,0,0.0649249052998428,-0.5895912556241428,1.06703759881455
20260923,36,0,0.055080327758936176,-0.6745876057015006,1.0879213869935949
20260923,37,0,0.06557054781790478,-0.7719158414333036,1.1063808845998915
20260923,38,0,0.07689506324046971,-0.8575752868254768,1.163972414191188
20260923,39,0,0.08679867641609845,-0.910676619237383,1.2486163967751291
20260923,40,0,0.09589651761445225,-0.9188167414349884,1.3386614554968796
20260923,41,0,0.10371571921196493,-0.8735031601861585,1.4114869249410285
20260923,42,0,0.10877180776570133,-0.7736907567983632,1.4458034727400921
20260923,43,0,0.10294265711198378,-0.627902026929889,1.4183216554933813
20260923,44,0,0.09355882333840272,-0.4729809693985322,1.3421435201065792
20260923,45,0,0.08430461638655558,-0.33363998805033523,1.2369623460185897
20260923,46,0,0.0781014811013417,-0.22227351603642492,1.1223197159694178
20260923,47,0,0.0782413526526133,-0.13779283310421953,1.0104196867244515
20260923,48,0,0.08389236813053398,-0.08593562678811612,0.9068897478741401
20260923,49,0,0.07788554866671661,-0.1206272605127256,0.8398290845425334
20260923,50,0,0.0762808175835587,-0.19753072671222444,0.8064851756313155
20260923,51,0,0.07953388774104607,-0.3128186773685291,0.8062952078376451
20260923,52,0,0.08336197084222538,-0.46749643765674764,0.8445402374266269
20260923,53,0,0.08148325218319621,-0.64061381549609,0.9196673878114523
20260923,54,0,0.0729231652038172,-0.7897337659740559,1.0116828342621804
20260923,55,0,0.08090004258660675,-0.9353534229655898,1.1043589437503285
20260923,56,0,0.08072596291570568,-1.0164362597477186,1.1871585823218096
20260923,57,0,0.07286580732888154,-1.0097531649759544,1.2386884344058648
20260923,58,0,0.06577711290292108,-0.9414972767749887,1.2599579102112313
20260923,59,0,0.06957405582273891,-0.8490701551846317,1.2668693584498443
20260923,60,0,0.08320350382556181,-0.7151508970928735,1.2553618763235497
20260923,0,1,0.054285141646530304,-0.9725660676486085,1.2122449280124654
20260923,1,1,0.06388988327226586,-1.0488516020603635,1.1845930140064092
20260923,2,1,0.07963361428781983,-1.0736089473783448,1.1740144986340562
20260923,3,1,0.09250636643415998,-0.9996669133668051,1.2102452354402007
20260923,4,1,0.09978722466287146,-0.8349859866635447,1.3000773200797129
20260923,5,1,0.10429184791461127,-0.6185898412120898,1.4308128021949786
20260923,6,1,0.10809816889910423,-0.38753895525573245,1.585999967430533
20260923,7,1,0.10680988594189589,-0.1824270018938426,1.7441260477824831
20260923,8,1,0.10801490052914184,-0.025342417928117533,1.886164868624774
20260923,9,1,0.11051543181833384,0.06634993477068984,1.9958731598691049
20260923,10,1,0.11159206654799192,0.07599182670545024,2.0548361150610295
20260923,11,1,0.11401235512603891,0.011513462923273265,2.059063116468158
20260923,12,1,0.1181471252786741,-0.11729013622521095,2.0076065280087674
20260923,13,1,0.11408159509291757,-0.3047902719423576,1.8969288548231722
20260923,14,1,0.11171965467585242,-0.5046294191927371,1.7588401915235947
20260923,15,1,0.1105961833479558,-0.6943055706868908,1.611696714604367
20260923,16,1,0.10761626245805585,-0.8489833850717972,1.4787710895318358
20260923,17,1,0.10566699022180581,-0.9541516720787241,1.378389733821518
20260923,18,1,0.10675124215896785,-1.0067375898351305,1.3199180159997703
20260923,19,1,0.1045776452312001,-0.9913427282375614,1.3223298275713713
20260923,20,1,0.10398092803823285,-0.9244520120575668,1.3761693331186495
20260923,21,1,0.10267577560908822,-0.8132799047354299,1.4762586158451019
20260923,22,1,0.09780913213618515,-0.6730997085022946,1.6061001692069004
20260923,23,1,0.09215143849766468,-0.5297922487135237,1.7374574944456052
20260923,24,1,0.0898814689062077,-0.3993889930716069,1.8511757096911772
20260923,25,1,0.0905776091038672,-0.289232222431404,1.934525918743932
20260923,26,1,0.0926815925913864,-0.20778387259715042,1.9734914089793592
20260923,27,1,0.0921714179207196,-0.16857778439332644,1.95110277541319
20260923,28,1,0.08804315048541862,-0.17669206270086085,1.8657594930920576
20260923,29,1,0.08561865285673176,-0.2177823097389972,1.7384035795706239
20260923,30,1,0.08722701001998374,-0.28212604294247223,1.5842345600917482
20260923,31,1,0.08380906451612259,-0.3744586522194004,1.4165904938121474
20260923,32,1,0.08246313568186274,-0.47443521543698686,1.260716983062397
20260923,33,1,0.08163779650793186,-0.5748684619281125,1.133576576898427
20260923,34,1,0.07763524097209698,-0.6638625104647022,1.055970628992768
20260923,35,1,0.07086914789861422,-0.7289140661833154,1.0350481182005749
20260923,36,1,0.06610412871760774,-0.7702289882497027,1.056065409637427
20260923,37,1,0.07111622285215982,-0.8038148651052808,1.0986865087648736
20260923,38,1,0.07914478721675508,-0.8153365386131275,1.1738359378608718
20260923,39,1,0.08692300383568868,-0.7942150690742584,1.271828747127149
20260923,40,1,0.09406053910832347,-0.739023890842037,1.371268330644611
20260923,41,1,0.09999022710011704,-0.6528045150574063,1.4486745233573457
20260923,42,1,0.10269642501655357,-0.5437105438946936,1.481211274970291
20260923,43,1,0.09838281847308505,-0.42887124495870377,1.4511282609411822
20260923,44,1,0.09018739432147775,-0.3289577487023719,1.3670539885683337
20260923,45,1,0.08212983310042372,-0.2550801326445019,1.2507188734934371
20260923,46,1,0.07679568336429474,-0.20965414674477828,1.1226619681462993
20260923,47,1,0.07573581080222637,-0.19124394749692647,0.9967634280800691
20260923,48,1,0.07717310796479271,-0.20555749440550664,0.8839065389293272
20260923,49,1,0.07535481370980225,-0.2647441442547959,0.8043548636523213
20260923,50,1,0.07529181189541083,-0.35419093344293323,0.7638070799496228
20260923,51,1,0.07835711452308886,-0.46756705274931487,0.7634899433178555
20260923,52,1,0.08219859148772597,-0.5988321317928729,0.8074524813112309
20260923,53,1,0.08313298421803429,-0.7296524262501036,0.8930596773836952
20260923,54,1,0.08114150624555769,-0.8364001612693776,1.0023009518859207
20260923,55,1,0.08245206370344818,-0.9139166943408848,1.1155003352187676
20260923,56,1,0.07974017524724311,-0.9351079161529536,1.2142065044654404
20260923,57,1,0.07242056732415666,-0.8923724725014653,1.2778814399009746
20260923,58,1,0.06559661243687104,-0.8054686605000622,1.3046508716830285
20260923,59,1,0.0651038758373152,-0.6958124233952491,1.3066779144908587
20260923,60,1,0.06870110365399835,-0.5611628424007494,1.2829858414577864
20260923,0,2,0.07300390358306375,-1.1111452938783,1.2236928960703082
20260923,1,2,0.08060978351297395,-1.1389914559385663,1.2351478275618393
20260923,2,2,0.09177340693550123,-1.0869691281530756,1.265779503420052
20260923,3,2,0.10104284783481862,-0.9355269272116497,1.3266354105131462
20260923,4,2,0.10616125919635944,-0.7051345410536296,1.417954388182147
20260923,5,2,0.10829129431774241,-0.44062721134577126,1.530431297561427
20260923,6,2,0.1097005525037399,-0.18583680065071806,1.651658925702915
20260923,7,2,0.1118633776161865,0.02552022289166178,1.7694375419367316
20260923,8,2,0.11516573179550277,0.16761033766794453,1.8715329513335632
20260923,9,2,0.11793388620272423,0.2170851295546815,1.9437568320112724
20260923,10,2,0.11863742806952873,0.16279787273848345,1.9736430477417257
20260923,11,2,0.1180862619492205,0.017410305533574366,1.9574702138447533
20260923,12,2,0.11790333113655882,-0.19231588203603817,1.8992668164077835
20260923,13,2,0.11836532471654951,-0.43703249569106545,1.8068144810973672
20260923,14,2,0.1193836423065114,-0.6847967642991513,1.6923302143016785
20260923,15,2,0.11924030495149511,-0.9012325534869208,1.5727206449629012
20260923,16,2,0.11675024999991283,-1.0530467861466895,1.469068479277032
20260923,17,2,0.11343602979018517,-1.1233920446935501,1.3980993694868231
20260923,18,2,0.11168192638977384,-1.1140107086003128,1.3674941509340175
20260923,19,2,0.11198974043248773,-1.0321028049956367,1.380886199948586
20260923,20,2,0.11308759773028546,-0.8873533674701122,1.439411295938612
20260923,21,2,0.11230623489708688,-0.6973153958137339,1.5378454892780917
20260923,22,2,0.10835073916314272,-0.4933025738577507,1.6586290224820186
20260923,23,2,0.10323140334294871,-0.308731027426533,1.7776020126858605
20260923,24,2,0.10039320156009018,-0.16252361379947594,1.8767304030782537
20260923,25,2,0.1010654495246238,-0.062425537641610906,1.9447665936944463
20260923,26,2,0.10294204867197458,-0.019005063284162182,1.968066062870955
20260923,27,2,0.1024761874420735,-0.04257784663589098,1.9329137970162764
20260923,28,2,0.09856505477522325,-0.1276291138327234,1.839255565826014
20260923,29,2,0.09376370305218776,-0.2515568403484132,1.7038055915796098
20260923,30,2,0.09098776223531727,-0.3917950835454766,1.5464635065350454
20260923,31,2,0.09030538647893539,-0.5339084903120499,1.383198629355128
20260923,32,2,0.09033542301273928,-0.6644018877907253,1.2314760417670776
20260923,33,2,0.08878053979568594,-0.7671530309255521,1.1123259181570058
20260923,34,2,0.08478121515640516,-0.8285026110687677,1.0428402414667517
20260923,35,2,0.08003800878346823,-0.8463602721789409,1.0258106277589691
20260923,36,2,0.0775102733002153,-0.8295067294698522,1.051619887235089
20260923,37,2,0.07891630344226294,-0.7864427324912382,1.1104886590084828
20260923,38,2,0.08273139407573885,-0.7181617661209089,1.1966084010826852
20260923,39,2,0.08706767573711606,-0.6279046158723919,1.2972868963677755
20260923,40,2,0.09095865040661051,-0.5244994592569447,1.3925582073620515
20260923,41,2,0.09367857468570324,-0.4197628843417461,1.4606991750644274
20260923,42,2,0.0939438607470681,-0.3270928148465978,1.4824516702914037
20260923,43,2,0.09054378734212644,-0.2598911906989965,1.4471126519854198
20260923,44,2,0.08461960069005267,-0.22527386835893703,1.3608756368729953
20260923,45,2,0.07870008698764051,-0.2215552388169002,1.2421510266341835
20260923,46,2,0.07456290394132349,-0.24341955529254095,1.1101074992290425
20260923,47,2,0.072724882115042,-0.2866821925923095,0.980231399603807
20260923,48,2,0.07236657819748685,-0.34947868590418135,0.8666296984783715
20260923,49,2,0.07242273319641451,-0.42863037311128555,0.7840474796487559
20260923,50,2,0.07361347882181181,-0.5177467736158056,0.7419035712741349
20260923,51,2,0.0764125423011066,-0.6108621644207364,0.7446411192433287
20260923,52,2,0.07982212378961197,-0.7000847645297648,0.7943969172424798
20260923,53,2,0.0821635135754309,-0.7733489941578966,0.8864932881102415
20260923,54,2,0.08265624655257128,-0.8184317281721631,1.005425287676537
20260923,55,2,0.08142948965363785,-0.8274450059463021,1.1294045958458068
20260923,56,2,0.07764909973263376,-0.7958441858534527,1.2356080342123303
20260923,57,2,0.07164392489157181,-0.7280238594475172,1.3058886566970518
20260923,58,2,0.06567157758056068,-0.6369499078762628,1.3353216149353426
20260923,59,2,0.062122201144588704,-0.5348393010953679,1.3299975869355622
20260923,60,2,0.06064187161296268,-0.42891397808346426,1.2951935313851894
20260923,0,3,0.08847617022960282,-1.171828972275636,1.2863890841363703
20260923,1,3,0.09491800900155216,-1.1419784394152952,1.3391353634429384
20260923,2,3,0.10302851331525859,-1.01919298804717,1.40041175018208
20260923,3,3,0.10985170341828246,-0.806103365072584,1.4705706851357563
20260923,4,3,0.1139720376810184,-0.5330333586339165,1.546826111673684
20260923,5,3,0.11613374393677983,-0.24612470899138938,1.6245314842674612
20260923,6,3,0.11801571377141534,0.011213126559950604,1.6988275123544072
20260923,7,3,0.12084183021130547,0.20540744797940325,1.7648279804279803
20260923,8,3,0.12445219163875897,0.3096452261649333,1.8166368503109953
20260923,9,3,0.1274930305309221,0.30387027228366226,1.847321029457056
20260923,10,3,0.12883888569872828,0.18458922108447784,1.8514420241101468
20260923,11,3,0.12883562555657407,-0.028577822935445585,1.827878638242414
20260923,12,3,0.12881354130885256,-0.30104804234013616,1.7797034043573643
20260923,13,3,0.12957454852951136,-0.5948975948241394,1.7125170602365323
20260923,14,3,0.13061713080278017,-0.8714004127151255,1.6344654546689381
20260923,15,3,0.13061959539483423,-1.0906550741611638,1.5571710319073158
20260923,16,3,0.12897362164912857,-1.219711870680066,1.4940315580888834
20260923,17,3,0.12666091880889618,-1.2445157753863958,1.4557328515626273
20260923,18,3,0.12523438914304838,-1.1698956310075148,1.4480635193309086
20260923,19,3,0.1252508140925604,-1.0101440318335553,1.4734040837028364
20260923,20,3,0.1256960780678462,-0.7854611994934623,1.5312968264112108
20260923,21,3,0.12478167138453065,-0.5264793735083467,1.615652454740507
20260923,22,3,0.121762109045527,-0.2737747041140167,1.7127235578424866
20260923,23,3,0.11802192404864592,-0.06440816473490896,1.8051928363949332
20260923,24,3,0.11577082254896147,0.07999437872318615,1.8786380540529886
20260923,25,3,0.11581728636169579,0.14896503929695526,1.922041602726954
20260923,26,3,0.11676024091887086,0.13470702256013833,1.9246122491209614
20260923,27,3,0.1162410294776912,0.03648444517002325,1.8779634930318791
20260923,28,3,0.11330891856306276,-0.12880328072894986,1.783379834675217
20260923,29,3,0.10930294552185597,-0.32972278502853297,1.6533489599829374
20260923,30,3,0.10603457564170943,-0.5350768502189357,1.5047139139669146
20260923,31,3,0.10384484319777887,-0.7201636600895551,1.3541277787755743
20260923,32,3,0.1015545561975983,-0.8631591405521533,1.2192742814389608
20260923,33,3,0.09784629614997398,-0.9456324339223695,1.1181072932288478
20260923,34,3,0.09279879373880703,-0.9605075068306511,1.062421037255022
20260923,35,3,0.08799612516792717,-0.9157629940741512,1.0530120063699622
20260923,36,3,0.08508939569639991,-0.8267885815132252,1.0831384344292034
20260923,37,3,0.08455802633577993,-0.7075008088531393,1.1444436004052925
20260923,38,3,0.08566605919618288,-0.5700374513394836,1.2272882480725171
20260923,39,3,0.0872293039089009,-0.4288695154197951,1.3176691792716433
20260923,40,3,0.08831039344540707,-0.30115241915734103,1.3973723461772902
20260923,41,3,0.08837590927534317,-0.20306865140856972,1.4480744148889841
20260923,42,3,0.08696490651964213,-0.14646439924944077,1.455758548026977
20260923,43,3,0.08376133793513807,-0.13648225122305924,1.4145571568785817
20260923,44,3,0.07928696681472851,-0.1692213925574218,1.3298647000524744
20260923,45,3,0.07483668355972632,-0.23351710446444363,1.2160456711698093
20260923,46,3,0.07146633509182201,-0.3169791785797143,1.089779446079114
20260923,47,3,0.0695143943366701,-0.4094929774056884,0.9664696380460585
20260923,48,3,0.0688756597513103,-0.5028779283682616,0.8601762799608124
20260923,49,3,0.0694081108831156,-0.5899850438326033,0.7833314364766135
20260923,50,3,0.07116608060074604,-0.6647671530421948,0.7452760880292553
20260923,51,3,0.0739421692740449,-0.721876149450625,0.7519303928168761
20260923,52,3,0.07690276195019798,-0.7556184505844836,0.805024743342637
20260923,53,3,0.0790042660296338,-0.7611641822562057,0.8986760294627574
20260923,54,3,0.0795964898270051,-0.7371662470589162,1.0177567716149059
20260923,55,3,0.0784075721077893,-0.686554448854784,1.141100663292158
20260923,56,3,0.07530023742414378,-0.6159103650309187,1.246670670789293
20260923,57,3,0.07066027401759621,-0.5348185769908725,1.317434156986043
20260923,58,3,0.06574715628611984,-0.4533946460112198,1.3468343847739355
20260923,59,3,0.06194069234988888,-0.37886222000135716,1.3381173364876606
20260923,60,3,0.059591419484343065,-0.31587404215120396,1.2982218726455819
20260923,0,4,0.09606011545075265,-1.1203285533295264,1.3942517603188136
20260923,1,4,0.10221245612973204,-1.0378695908904616,1.4822150562529122
20260923,2,4,0.10997447014016455,-0.8686139099094325,1.5605550882014958
20260923,3,4,0.11649417659606755,-0.6238467072286555,1.6241783572016084
20260923,4,4,0.12035936230280495,-0.33954666886286833,1.670033510070043
20260923,5,4,0.12223154294712832,-0.06288656176231822,1.6989624177425953
20260923,6,4,0.12416391472849769,0.16583685935320058,1.7145725371187548
20260923,7,4,0.12793599068900896,0.31888747140726736,1.720478049073447
20260923,8,4,0.13293096454974584,0.3722665763015799,1.7183190449830708
20260923,9,4,0.13712229662835848,0.3083008736298043,1.7088887553579168
20260923,10,4,0.13921028294615354,0.12994252753582214,1.6933781669328394
20260923,11,4,0.13960286311507225,-0.13523115917879747,1.6732487219701162
20260923,12,4,0.1398087194973482,-0.44607301706355496,1.6496945358018273
20260923,13,4,0.14080689055262882,-0.760042960964674,1.6238629713152157
20260923,14,4,0.14209988530128465,-1.035092259685707,1.5979790506694087
20260923,15,4,0.14225333010088007,-1.2297388844554127,1.576052531869518
20260923,16,4,0.14063349598333832,-1.3132742685044752,1.5627980670657566
20260923,17,4,0.138304177060629,-1.2776396513409016,1.5617378006411968
20260923,18,4,0.1369425243011747,-1.1349262628306458,1.574755336264453
20260923,19,4,0.1372009646939922,-0.9065983438175982,1.6028270335139436
20260923,20,4,0.13796435784629008,-0.6204801851758183,1.6456660520490998
20260923,21,4,0.13722859494229336,-0.31599957181954097,1.699548057154776
20260923,22,4,0.1340181978027196,-0.04143067424318331,1.75619903724283
20260923,23,4,0.129815784895789,0.16321703408087285,1.8054993917638078
20260923,24,4,0.12742538850341673,0.27923018650722364,1.8394298019619841
20260923,25,4,0.1280900557564591,0.3006538959470625,1.8516819966623737
20260923,26,4,0.13007516663391105,0.2224185628301616,1.834883563881727
20260923,27,4,0.13047837777694588,0.049273709389283105,1.7830200533700862
20260923,28,4,0.12820321143142513,-0.1912979432613633,1.697311910654901
20260923,29,4,0.12462938801564244,-0.4571523600355977,1.5868348688330378
20260923,30,4,0.1211356546833141,-0.7086959140334734,1.4639109946590771
20260923,31,4,0.11748380893203968,-0.9126941356006234,1.342193323210104
20260923,32,4,0.11283756995340272,-1.042152573775101,1.2364843283515057
20260923,33,4,0.10659106135751101,-1.0813736333891368,1.1601936250540537
20260923,34,4,0.09921045703711336,-1.0325476147939996,1.120918884494966
20260923,35,4,0.0925684563656663,-0.9157958919929048,1.117568629988248
20260923,36,4,0.0884588074944954,-0.7563485008020334,1.1438576795093733
20260923,37,4,0.08706824146178622,-0.5741527822015615,1.1932462053668558
20260923,38,4,0.08725270831047632,-0.387510793277906,1.2579688396570101
20260923,39,4,0.08749536650326298,-0.21846125319322296,1.3260268061527534
20260923,40,4,0.08687572799275514,-0.0899792942496408,1.3820084519827924
20260923,41,4,0.08537494741633898,-0.018190460166769784,1.4118048221472588
20260923,42,4,0.08315405107095133,-0.009100293274403592,1.4061073548595548
20260923,43,4,0.07999307456589436,-0.05970587227794255,1.3615023037623966
20260923,44,4,0.07593367183349965,-0.15748214461284282,1.2822305320991967
20260923,45,4,0.07178912527879533,-0.2827198819290782,1.1797512764751203
20260923,46,4,0.06830885895169679,-0.4158659930252039,1.0681493985464539
20260923,47,4,0.06584214587684166,-0.5410573476987919,0.9611530855937896
20260923,48,4,0.06486303902580824,-0.6469169781932839,0.8705933573965285
20260923,49,4,0.0657336360557894,-0.7265110789529032,0.8056562305710729
20260923,50,4,0.06825419804817834,-0.7746720135327104,0.7742587777586916
20260923,51,4,0.07162409786564256,-0.7865314847413393,0.7831369511677428
20260923,52,4,0.07477301901096277,-0.7597414529251094,0.8345933212330952
20260923,53,4,0.07684621963400326,-0.6977685418747502,0.9227591252586228
20260923,54,4,0.07746576525418275,-0.6104209545860482,1.0333651179244354
20260923,55,4,0.0764987458037336,-0.5112453426502468,1.1471707983210775
20260923,56,4,0.07383291388512689,-0.41465387840074375,1.2442958140905163
20260923,57,4,0.06969445030225294,-0.33337809823177933,1.3090657612750094
20260923,58,4,0.06506474283125978,-0.2752464337374053,1.3348727462999828
20260923,59,4,0.06122583765407206,-0.2418162517035573,1.3244143260784953
20260923,60,4,0.05885475854474602,-0.23125639469585615,1.284835321271471
20260923,0,5,0.09413427736268333,-0.9605116413891583,1.5221898886205103
20260923,1,5,0.10171632905381958,-0.8454565733882174,1.6333891583402131
20260923,2,5,0.11260447615358102,-0.6605542834104937,1.7184768467758875
20260923,3,5,0.12099714712857894,-0.416305092631998,1.7644263983611166
20260923,4,5,0.12447476760938299,-0.1547524152676077,1.7680418990958249
20260923,5,5,0.123352739504913,0.07351055757724623,1.7378458769554121
20260923,6,5,0.12266902554837542,0.23798141489336666,1.6902221347697368
20260923,7,5,0.12934188916820968,0.3363625183853609,1.6375251223915062
20260923,8,5,0.13891158537273476,0.3406253441809449,1.5846706947981597
20260923,9,5,0.1456495895414989,0.22628778188879106,1.5413266982385043
20260923,10,5,0.14781495070662917,0.0041869326443281785,1.516795277757812
20260923,11,5,0.146559557046269,-0.28682737522993274,1.5142922745259002
20260923,12,5,0.14565160825391593,-0.599584972429815,1.5301188977085123
20260923,13,5,0.14790304050978534,-0.8965386487258956,1.5582125856584632
20260923,14,5,0.1515510388110048,-1.140470672226574,1.5944065425828176
20260923,15,5,0.15262576833056268,-1.2869257107384313,1.6347199916215096
20260923,16,5,0.14946789382398895,-1.3056625330777607,1.6738171284128498
20260923,17,5,0.14398913232759716,-1.1992518025070282,1.7070480963464278
20260923,18,5,0.14077525320727577,-0.9969974793457002,1.7326279695801066
20260923,19,5,0.14322580513799002,-0.7278529000095089,1.751782352587408
20260923,20,5,0.14737947227193593,-0.41256562142438324,1.7658176565402157
20260923,21,5,0.14800965382064685,-0.09495543454662231,1.7743432207919354
20260923,22,5,0.1426177475958673,0.16480778094477566,1.7759185177090728
20260923,23,5,0.1335690481895494,0.3231332346915774,1.769515448314109
20260923,24,5,0.12841213440784652,0.3804851312638624,1.7561781152796523
20260923,25,5,0.1324616437361806,0.3532252593228018,1.736352790565423
20260923,26,5,0.13989553350245254,0.22408881179781182,1.7048100555094885
20260923,27,5,0.14315294895946598,-0.009951190000774601,1.6565754431795412
20260923,28,5,0.14048023491647266,-0.30753577661956694,1.5923417949046155
20260923,29,5,0.1356480648509014,-0.6111637619508596,1.5171579054403068
20260923,30,5,0.13199445053789877,-0.8778036619649614,1.436711445332645
20260923,31,5,0.12788374969479516,-1.0718512978467993,1.3580118557099377
20260923,32,5,0.12212260509207586,-1.165534790509443,1.289699160434981
20260923,33,5,0.1137612982445591,-1.1466720788192002,1.240086354093304
20260923,34,5,0.10299570964896589,-1.0264221301428862,1.2140179630121828
20260923,35,5,0.09306679087970995,-0.8413720865369041,1.2094179324440057
20260923,36,5,0.08779587806832205,-0.6286262785016863,1.220798553315401
20260923,37,5,0.0868519718886876,-0.4066563493935079,1.245578787203978
20260923,38,5,0.08788078544099244,-0.19392496911762167,1.2803849705183432
20260923,39,5,0.08816919908117694,-0.018801658018210488,1.3170734951833372
20260923,40,5,0.0867244663341203,0.09101699365230409,1.344174724916052
20260923,41,5,0.08466778215994028,0.12423968114015072,1.3525529785904775
20260923,42,5,0.08272117607086427,0.08259701672657371,1.3366997171815298
20260923,43,5,0.07958443984647949,-0.027169659793935264,1.2930422192021551
20260923,44,5,0.07512671454805893,-0.18373425932938495,1.2245845445173473
20260923,45,5,0.07038745658892302,-0.35788433152537735,1.140339017703525
20260923,46,5,0.06599292217875814,-0.5236552480309837,1.0511850468528918
20260923,47,5,0.06253986568309243,-0.6616141437308722,0.967852877265467
20260923,48,5,0.06120329486667089,-0.762172645687288,0.898397423716558
20260923,49,5,0.062230250849861904,-0.8209240755744991,0.8489160366566308
20260923,50,5,0.06564787696599855,-0.8349394129592305,0.8249841838482914
20260923,51,5,0.07010641496770519,-0.7988319861335721,0.8334592172353099
20260923,52,5,0.07408231032043558,-0.7132575138842552,0.8776266462526414
20260923,53,5,0.07680816195915728,-0.5903754713426109,0.9528059379773939
20260923,54,5,0.07782607678608855,-0.4502353710215707,1.0471096193146636
20260923,55,5,0.07667942950761457,-0.31616319662630155,1.1438453065418646
20260923,56,5,0.07360329932232904,-0.20930890543506703,1.2257254734213503
20260923,57,5,0.06894634176743113,-0.1436155692567188,1.2794825273562738
20260923,58,5,0.06355647741156202,-0.12290341754157968,1.299508066479728
20260923,59,5,0.05881636061506714,-0.14092627107727468,1.2887886304906653
20260923,60,5,0.05616215019524396,-0.18651545023431662,1.255125617100891
20260923,0,6,0.08243645469963996,-0.726380595870066,1.635160315018553
20260923,1,6,0.09563746273585368,-0.60665309303934,1.7619058965070178
20260923,2,6,0.11386016698410688,-0.43024552586481557,1.8521310029297102
20260923,3,6,0.1256854727685056,-0.21278297709490557,1.8743074764621408
20260923,4,6,0.12805178103681708,-0.004876030741572779,1.828029550209627
20260923,5,6,0.1179175666481784,0.13542643666568188,1.7329357486387704
20260923,6,6,0.10280958093260588,0.1855203023612142,1.6283783409399522
20260923,7,6,0.12362697052975737,0.25371492805237583,1.530424069503097
20260923,8,6,0.14407233600237104,0.22451321972065186,1.4317343905267288
20260923,9,6,0.15431418848536324,0.07286468620442471,1.3634556457219857
20260923,10,6,0.15559619005540817,-0.16880715196677437,1.3441394307820318
20260923,11,6,0.14954346946118913,-0.4500107348256713,1.3764751634749544
20260923,12,6,0.14430041795055787,-0.7220368535907402,1.4444383680034647
20260923,13,6,0.15064717215044274,-0.9708215822830016,1.528933308123012
20260923,14,6,0.16017828667749381,-1.1641565034716659,1.62827768175334
20260923,15,6,0.1633714701523862,-1.2479752042148125,1.7304485061598511
20260923,16,6,0.15704480014060218,-1.1941736286957365,1.815326467706553
20260923,17,6,0.1428646333030308,-1.0175308209575689,1.867755060250467
20260923,18,6,0.13028839272762088,-0.7726836716218233,1.8872966106325113
20260923,19,6,0.14237503352951286,-0.5053500681765244,1.8928775570435359
20260923,20,6,0.15551597833758973,-0.19297073680019555,1.8726417743465418
20260923,21,6,0.15927008630308742,0.10665944281456474,1.8264966766610342
20260923,22,6,0.14991361457801974,0.31645187353721427,1.7646040850311846
20260923,23,6,0.12918016044714156,0.3852927874544927,1.7008289015974598
20260923,24,6,0.11291976929386092,0.34724307409762734,1.645844547158697
20260923,25,6,0.12858087282265573,0.30207333161028815,1.5969412237565161
20260923,26,6,0.1482458310624199,0.14781595141544723,1.5521419707996789
20260923,27,6,0.15612244034873016,-0.12689200870333173,1.5153306772083421
20260923,28,6,0.15135181564808498,-0.45302041928372394,1.4861927636171381
20260923,29,6,0.14323973836267034,-0.7577515692385518,1.460201666193221
20260923,30,6,0.14149472461954363,-1.0107618152388798,1.4327225909898835
20260923,31,6,0.13611665592666547,-1.1664563295672812,1.4050227773087054
20260923,32,6,0.1300057476716836,-1.209213284503849,1.3769219555631471
20260923,33,6,0.12057968321201017,-1.129999143605313,1.3507380154519657
20260923,34,6,0.10620362748784187,-0.9451089726073715,1.328932478996506
20260923,35,6,0.09221765423333048,-0.7089047408770004,1.3116827087420317
20260923,36,6,0.08735377053146859,-0.46763658102673616,1.2983466811428412
20260923,37,6,0.08670776379722599,-0.2285431545368027,1.2906600331285654
20260923,38,6,0.08908271711085948,-0.010805466402583952,1.2883403007697738
20260923,39,6,0.08994846616935441,0.15132029161320304,1.287988806229775
20260923,40,6,0.08782076899239556,0.22666844360612404,1.2838073086565869
20260923,41,6,0.08597418435769326,0.2156519052906667,1.2721100702297012
20260923,42,6,0.08653722468212387,0.12981606027408465,1.2506128192403132
20260923,43,6,0.08203553016338067,-0.037359481679347606,1.2127207499064956
20260923,44,6,0.07630959935315405,-0.24155377390400096,1.1621112946220458
20260923,45,6,0.07074523932391655,-0.4473291374480767,1.1036806264853505
20260923,46,6,0.06523664918248101,-0.6258410144238138,1.0434530927349281
20260923,47,6,0.06146731048846204,-0.7595855133070397,0.9876440517146406
20260923,48,6,0.06215372270919828,-0.8497326656178169,0.9391969776501005
20260923,49,6,0.0610851322776467,-0.8704601729629164,0.9074345351250556
20260923,50,6,0.06440252147649182,-0.8427987876424543,0.8914842585144127
20260923,51,6,0.06970316953773861,-0.7587178430886332,0.8972979169781207
20260923,52,6,0.07446566108187416,-0.6199106942248176,0.9290169524317081
20260923,53,6,0.07846882965326425,-0.44690943979925235,0.9838387300631
20260923,54,6,0.08104429798679054,-0.266951713602819,1.0543020430758534
20260923,55,6,0.07843687063291971,-0.11596652392979456,1.1269969639674216
20260923,56,6,0.07406126595421607,-0.017816781683313854,1.1885303978535007
20260923,57,6,0.06848629556131645,0.017173480090140525,1.229531759500626
20260923,58,6,0.06192486662483158,-0.009572878375940841,1.245304007951881
20260923,59,6,0.05503196276970225,-0.08470581908371838,1.2374489015095016
20260923,60,6,0.050161187730452396,-0.18497752509749685,1.2141446929297506
20260923,0,7,0.07818042091664246,-0.4880444248563237,1.732908112367717
20260923,1,7,0.0964928563675784,-0.3648655968950447,1.8703132117480865
20260923,2,7,0.11960303194701537,-0.2037469517880117,1.9559554189275463
20260923,3,7,0.13381081301270115,-0.03462880428861187,1.9461936966229307
20260923,4,7,0.13618240921876668,0.09815678619183621,1.8490272859424979
20260923,5,7,0.1219118637103733,0.14923295965853933,1.6982677388873444
20260923,6,7,0.09437508439109482,0.1021149097375097,1.5538230907969297
20260923,7,7,0.12892798002433997,0.12928277742786404,1.4089312168084196
20260923,8,7,0.15436295627093377,0.04871743763342118,1.2717618389137095
20260923,9,7,0.16574909645759586,-0.12857426719768705,1.192583678138138
20260923,10,7,0.16667939113651606,-0.3598096699239197,1.1916137953103678
20260923,11,7,0.15643209285679158,-0.5949361250382172,1.2704677542182277
20260923,12,7,0.14469021113109984,-0.792668799678719,1.3985152449783698
20260923,13,7,0.1578711312871384,-0.9777602798513177,1.536074798007558
20260923,14,7,0.17390331852756935,-1.1039456536747712,1.6973638573473955
20260923,15,7,0.1792633565711457,-1.1159780428288966,1.856850364065374
20260923,16,7,0.1703595623200595,-0.9994309694774368,1.97615500101564
20260923,17,7,0.148682200417986,-0.7830667313372004,2.0292878847719087
20260923,18,7,0.1257511084010793,-0.5310632450598308,2.021113245160169
20260923,19,7,0.14837139574706437,-0.27622746873135545,2.014576885828058
20260923,20,7,0.16961281682256518,0.014604944215242943,1.9559202723084776
20260923,21,7,0.1767901525909307,0.27016783806407074,1.8489386260097305
20260923,22,7,0.16523443133519633,0.4126449280301301,1.7216494396482036
20260923,23,7,0.13541769937535886,0.3961555092616045,1.6090905333354908
20260923,24,7,0.10757703496551868,0.27395774844267495,1.5306709505255771
20260923,25,7,0.13517626015103337,0.20798744789520518,1.4486938695679097
20260923,26,7,0.16460272607277548,0.020551523090129642,1.3895146300879322
20260923,27,7,0.1751496062183843,-0.27988686800921037,1.373006439540715
20260923,28,7,0.1667583397892731,-0.602646916693723,1.3923563682845657
20260923,29,7,0.15173022440681663,-0.8705523572728284,1.4263927573330144
20260923,30,7,0.14655805420393767,-1.0711378071007753,1.4575461816267847
20260923,31,7,0.14323603265539583,-1.1761775353752997,1.4812940966317791
20260923,32,7,0.13930744042348148,-1.1673015414540215,1.4913529303325699
20260923,33,7,0.13026751643654136,-1.0359344500896452,1.482889735217029
20260923,34,7,0.11394326177018706,-0.8067917583837033,1.4547200930215396
20260923,35,7,0.09589526923549581,-0.5426528290547381,1.4126960595406564
20260923,36,7,0.08905471993086553,-0.2920430097325869,1.3675580509223813
20260923,37,7,0.0896677663606565,-0.05582096870184622,1.3221879522176894
20260923,38,7,0.09335084107416318,0.14867618038389774,1.2784086755296102
20260923,39,7,0.09397951559359874,0.2790875085605201,1.2381770465130957
20260923,40,7,0.09051264072402429,0.3070684726303937,1.2034551888408367
20260923,41,7,0.08756855094722937,0.24515237534048595,1.1743341199505146
20260923,42,7,0.0888490953884169,0.11489571509765312,1.1491448263189912
20260923,43,7,0.08375798264834163,-0.09193029556566662,1.1252372045504946
20260923,44,7,0.07816247569305328,-0.32132393366741036,1.1007922928817095
20260923,45,7,0.07268520892507024,-0.538006903846226,1.0748925809477896
20260923,46,7,0.06685572121067146,-0.7113548970612893,1.0480850373253843
20260923,47,7,0.06274575164288158,-0.8264527709787384,1.021874681467941
20260923,48,7,0.06445339084659966,-0.8940117954453207,0.9970741757488
20260923,49,7,0.062265154011219674,-0.8724829546428498,0.9794060273741523
20260923,50,7,0.06549908228062652,-0.8015690613807782,0.9685211597337711
20260923,51,7,0.07050001988092437,-0.6704015138761751,0.9686706437983059
20260923,52,7,0.07486450283864769,-0.48761345535653783,0.9828892600781158
20260923,53,7,0.07896969401623324,-0.2806143152837388,1.0108766603013537
20260923,54,7,0.08242939776335637,-0.08045800531473862,1.0499824158770323
20260923,55,7,0.07884832593217025,0.06510147166259167,1.092969247221348
20260923,56,7,0.07399970245329054,0.13882950082592932,1.1323751009009018
20260923,57,7,0.06828346892067802,0.13554453077152562,1.1623156948887845
20260923,58,7,0.061570803164167826,0.06228304624653086,1.1789116973302889
20260923,59,7,0.0540237361023916,-0.06117804856208059,1.1817386226963624
20260923,60,7,0.04780385283407747,-0.20419082898429505,1.1751653347902042
20260923,0,8,0.1021942603620465,-0.23730179584057198,1.8678286078130253
20260923,1,8,0.11480338349829446,-0.11507697254713734,1.9815843627294458
20260923,2,8,0.13351296291148262,0.007170040989347759,2.028660370146317
20260923,3,8,0.1469937075527076,0.10166516376098655,1.9747844428619814
20260923,4,8,0.1516082752288028,0.14482844455692706,1.8312804876682551
20260923,5,8,0.14847709460804165,0.12788157115808507,1.6392970305789363
20260923,6,8,0.14628137746126293,0.06326785132590534,1.4439824743214018
20260923,7,8,0.15740566034206488,-0.033138738955528546,1.261500855101852
20260923,8,8,0.17049352554627853,-0.17584042792485033,1.1176607164771197
20260923,9,8,0.18012704405969798,-0.3552432158214346,1.0472293800338894
20260923,10,8,0.18438060481502513,-0.5463154836455215,1.0701465259307694
20260923,11,8,0.18057814696235863,-0.7156851375588869,1.187307372886658
20260923,12,8,0.1764994473396443,-0.8426617045085629,1.3661610571301195
20260923,13,8,0.18618524190789634,-0.9334641150196706,1.5733302671930263
20260923,14,8,0.20077396836424294,-0.9622220497715566,1.7994283292327808
20260923,15,8,0.2063569161230584,-0.8954265807357421,2.0089279944590346
20260923,16,8,0.1983678331391172,-0.7351713484691538,2.154296255681926
20260923,17,8,0.18177687452553148,-0.5171583291023594,2.2110838905645203
20260923,18,8,0.1713991907028656,-0.28294811947695064,2.1951345256860693
20260923,19,8,0.18197558431969296,-0.04010292209182914,2.1345617510385475
20260923,20,8,0.199270963963437,0.1995433367218271,2.0141283671907226
20260923,21,8,0.2075191863603322,0.3826519675394148,1.8381591973492648
20260923,22,8,0.19904277797046047,0.45407510276214336,1.6445120097245116
20260923,23,8,0.17738883791610416,0.39890927517358,1.4796376672224156
20260923,24,8,0.16357211122474602,0.26709271562008374,1.3596643545629088
20260923,25,8,0.17790251455531872,0.09906922056545064,1.2647284559348637
20260923,26,8,0.19984637981484105,-0.14721634707731981,1.2153670243467385
20260923,27,8,0.2071609460152701,-0.45327314575642846,1.2367421197022619
20260923,28,8,0.19586815148049697,-0.7424090800513204,1.3160297152799696
20260923,29,8,0.17625399856487192,-0.9528150475061414,1.416959030053953
20260923,30,8,0.16326617846802582,-1.076447857253251,1.5097632694099348
20260923,31,8,0.15968058434235188,-1.116332513349107,1.5836639205915881
20260923,32,8,0.15596447058121657,-1.0488934014558837,1.6278187266633926
20260923,33,8,0.14695406814101664,-0.8733835588850253,1.6304831284704986
20260923,34,8,0.13123147868492452,-0.6226916100360644,1.5888819003391323
20260923,35,8,0.112786959498459,-0.3538885935974191,1.5143156792865706
20260923,36,8,0.10194675936718116,-0.10883064743252291,1.4274664546783284
20260923,37,8,0.10138941439383739,0.1086321734504535,1.3379285368471137
20260923,38,8,0.10330476408050747,0.2769004262211451,1.2483990002883112
20260923,39,8,0.10150638500421899,0.355663541988257,1.1682775882735528
20260923,40,8,0.09597869928659856,0.3296014764181894,1.1072118484946383
20260923,41,8,0.09042971677290149,0.2168162540831936,1.0676011152776668
20260923,42,8,0.08723972763340083,0.04209675612138103,1.0467380555429373
20260923,43,8,0.08432763300700614,-0.1763012346522911,1.0418655706262452
20260923,44,8,0.08056296850351576,-0.40731662137386054,1.0479020467641955
20260923,45,8,0.076114920725943,-0.6152571989796134,1.0582894031217365
20260923,46,8,0.07129434586552692,-0.7703381255565855,1.0672776718323669
20260923,47,8,0.06703210707419532,-0.8561305050335672,1.0712264005879888
20260923,48,8,0.06520580675747233,-0.8739161879282699,1.0693567668164317
20260923,49,8,0.06618495411234179,-0.8264714582576456,1.0626045367236086
20260923,50,8,0.06924311744973836,-0.7141885843873716,1.0525110711247594
20260923,51,8,0.07249095721660391,-0.5418421209698887,1.0412443591189964
20260923,52,8,0.07509956323805854,-0.33138807072887017,1.0320337505652555
20260923,53,8,0.07714752578220191,-0.1145951698400405,1.0281439626234443
20260923,54,8,0.07808759224651746,0.07422912082864996,1.0317711653537376
20260923,55,8,0.07647372359743694,0.19997893592467764,1.0434041419886089
20260923,56,8,0.07297818994954124,0.24343422955487493,1.0615147018907043
20260923,57,8,0.06821082851132751,0.20297208911239595,1.0831573859506753
20260923,58,8,0.06273996609401286,0.09252491776578081,1.10503624255086
20260923,59,8,0.05762079737110452,-0.062289313085735265,1.1246546871590004
20260923,60,8,0.0546456736627751,-0.23440952899300355,1.1409669610177509
20260923,0,9,0.1274810440469802,0.050689650154691346,1.9709734995905093
20260923,1,9,0.13791094903929965,0.1348404354410353,2.05331867573379
20260923,2,9,0.15188947260010766,0.18188581733050935,2.0514424252835335
20260923,3,9,0.16315515573931225,0.17626117362962362,1.951014244265699
20260923,4,9,0.16884885189330784,0.11485984791476306,1.768813621265301
20260923,5,9,0.1704000965059488,0.008689471878328359,1.5451154915119538
20260923,6,9,0.17138742343237603,-0.12592462425776949,1.322532318073125
20260923,7,9,0.17460079536983472,-0.27519104243510983,1.1343768234517229
20260923,8,9,0.18178965390844964,-0.42850194557676036,1.0049915708558643
20260923,9,9,0.1930006662300773,-0.5757166898169425,0.9542540503020838
20260923,10,9,0.20530932696088125,-0.7020718778341879,1.000152428548243
20260923,11,9,0.2145615658629385,-0.7881368177218895,1.1479899931404285
20260923,12,9,0.22172781706510283,-0.82183619825521,1.3759012020615098
20260923,13,9,0.23203672459560543,-0.8017676588001967,1.6487635929999853
20260923,14,9,0.24333342426424193,-0.7219904801683024,1.9321077816792704
20260923,15,9,0.24845360590359108,-0.5804520002693011,2.1792797713593726
20260923,16,9,0.24443918679457496,-0.3933171611109104,2.342569991851362
20260923,17,9,0.23560220417972985,-0.188671429398549,2.399272236743872
20260923,18,9,0.23121481234613575,0.010788731549589925,2.3582388891134602
20260923,19,9,0.23715186280292855,0.19354616471639385,2.236016206368777
20260923,20,9,0.24831535092901788,0.3403607007818005,2.039570456750371
20260923,21,9,0.2551111675978193,0.4188720273507718,1.789111844550831
20260923,22,9,0.2519415880608835,0.40423282640927605,1.5289838597403604
20260923,23,9,0.24199950996036423,0.29836924903862294,1.3071762914007345
20260923,24,9,0.23680529734102732,0.12580959799842117,1.1471810030026528
20260923,25,9,0.2437238855174293,-0.09664279299472017,1.052865223209818
20260923,26,9,0.25413164052893866,-0.3605612382301044,1.0394276116392729
20260923,27,9,0.254879420457976,-0.6308445623773178,1.1174798006544955
20260923,28,9,0.24216875213202027,-0.8530480630581424,1.264869697588894
20260923,29,9,0.22265059814374488,-0.9893505805719519,1.4368750969168271
20260923,30,9,0.20601474717614643,-1.0334339660076517,1.5946995375260589
20260923,31,9,0.19512079788830397,-0.9887292815149252,1.7163891903774768
20260923,32,9,0.18562405144469837,-0.8546963845352443,1.7851581445817692
20260923,33,9,0.17387831762762015,-0.6446829669371263,1.7887131352610761
20260923,34,9,0.15842182720418221,-0.39146632736811277,1.7266174377853982
20260923,35,9,0.1416099293377099,-0.13896140839993384,1.6146860376812677
20260923,36,9,0.12923741398246097,0.0806390707359736,1.4780625578683173
20260923,37,9,0.12314243310256881,0.2528122981582971,1.3344755968008317
20260923,38,9,0.11894783242236114,0.35668555597370344,1.1965052098404438
20260923,39,9,0.11267555907744273,0.36966873811712675,1.080646157724522
20260923,40,9,0.10456360408785219,0.2913134239427301,1.0002212388696976
20260923,41,9,0.09711090481672534,0.14249095185455357,0.9580714319681367
20260923,42,9,0.0917678694715638,-0.05206808420188397,0.949951932260763
20260923,43,9,0.08783294187055646,-0.269516671658717,0.9698146574992469
20260923,44,9,0.08413291097213517,-0.48264801913985117,1.009222171333283
20260923,45,9,0.08044961469037047,-0.6624053838567943,1.056932481031934
20260923,46,9,0.07710545161424821,-0.7858096702834384,1.1019099024015966
20260923,47,9,0.07449208340805781,-0.8394638839836873,1.1357669263830525
20260923,48,9,0.07315071579034642,-0.8202356012542905,1.1537994295402516
20260923,49,9,0.07329789027240567,-0.7315300461986389,1.1545092727099864
20260923,50,9,0.07427272913754963,-0.580684936769353,1.138343986220094
20260923,51,9,0.07525116335584699,-0.38427081661611645,1.108308439194354
20260923,52,9,0.07588719178804844,-0.16914263763149195,1.0704080685596613
20260923,53,9,0.07614118926732882,0.03334774012337871,1.0322648110731436
20260923,54,9,0.0758063119453758,0.19270750400076608,1.0013672175947246
20260923,55,9,0.07441793090472755,0.28326461392157143,0.9838449493200314
20260923,56,9,0.07177280352731846,0.2907443125873397,0.983191250548587
20260923,57,9,0.06803836636601955,0.2168119402167894,0.9993893804882706
20260923,58,9,0.06384586497908822,0.07868707755161697,1.0291581238218153
20260923,59,9,0.060218106344981745,-0.09751971100650877,1.0673879181588746
20260923,60,9,0.05799359722314214,-0.286720476902334,1.109104206611545
20260923,0,10,0.1481288594478918,0.324952262806,2.0061342548172076
20260923,1,10,0.15756125623023184,0.34081122350803383,2.0498642351790695
20260923,2,10,0.16927749752392401,0.2903634884480455,2.005731190561594
20260923,3,10,0.17893435977189007,0.17304509714947805,1.8711071603371843
20260923,4,10,0.18342142225398061,0.004266474032740164,1.6676006543799933
20260923,5,10,0.18230705071804085,-0.1874750361257204,1.4372800886284263
20260923,6,10,0.17639212440445035,-0.3713040536179725,1.2276861526966183
20260923,7,10,0.17164940545677537,-0.5256730983919694,1.071908559790925
20260923,8,10,0.1818766746403775,-0.6542590489477464,0.9670003153308581
20260923,9,10,0.20164091895707487,-0.7489929650996422,0.9344496019438234
20260923,10,10,0.22650158824533112,-0.7947811192056224,0.9989322884070841
20260923,11,10,0.25198752341136155,-0.7779677405042771,1.1720108058020888
20260923,12,10,0.272795675604891,-0.6929564811501259,1.4404595976161398
20260923,13,10,0.28772265667861013,-0.5498257712240913,1.7619558382640848
20260923,14,10,0.2979283609100356,-0.36787507177057355,2.081955267400697
20260923,15,10,0.30369596054968484,-0.1693449047491569,2.346813617238854
20260923,16,10,0.3053784390848456,0.022545307892134464,2.5129807225760916
20260923,17,10,0.30509272779439167,0.18745594361076576,2.55712288015278
20260923,18,10,0.305590759129084,0.3108831494909746,2.4777174247112987
20260923,19,10,0.30829015122423215,0.3826642263543717,2.2889520282346147
20260923,20,10,0.3124325884819337,0.3944745007153496,2.0166892493832975
20260923,21,10,0.3153478005246528,0.3403561939635621,1.6988931522205957
20260923,22,10,0.314897519020105,0.22171614466458198,1.3843129122057387
20260923,23,10,0.3124867934466981,0.050623509781646175,1.1206275387040838
20260923,24,10,0.31200036888837407,-0.15523761058498778,0.9405917355457055
20260923,25,10,0.314925426535669,-0.3780081841763635,0.8626600717055075
20260923,26,10,0.3172588812649596,-0.595574058454629,0.8972686129423059
20260923,27,10,0.3125371281270448,-0.7768660942382495,1.0390714046293024
20260923,28,10,0.29849149478289055,-0.8911314737884631,1.2553217192616684
20260923,29,10,0.27927300906707125,-0.9230378837579962,1.4951102495337545
20260923,30,10,0.26043000581265974,-0.8738488278523849,1.7117606107056922
20260923,31,10,0.24363898599492534,-0.7517240029067943,1.8719106673330403
20260923,32,10,0.22739621729525464,-0.5697920672563961,1.952730895402599
20260923,33,10,0.21007244705262865,-0.35025994731162335,1.943441180475819
20260923,34,10,0.19129803148519947,-0.12355140060697183,1.8494369969453817
20260923,35,10,0.1731462773456499,0.07942572976248066,1.6929250605322594
20260923,36,10,0.15844837149401944,0.23714865684673128,1.5032950655147084
20260923,37,10,0.14718586935039968,0.33526054525675286,1.306265913850199
20260923,38,10,0.13682339664402435,0.3605902132200439,1.1253254234785925
20260923,39,10,0.1255732020320202,0.3078427100986949,0.9829777142510226
20260923,40,10,0.11423648403331717,0.18810530469738843,0.8931703948276684
20260923,41,10,0.10473000236000657,0.023119643086197433,0.8568857221772566
20260923,42,10,0.09771947349924655,-0.1655610414873829,0.8675706731915793
20260923,43,10,0.09241919052181545,-0.35725942006238004,0.9159200277737918
20260923,44,10,0.08798370433817347,-0.5294305743305399,0.989189324086173
20260923,45,10,0.08432409819939424,-0.6611503780280259,1.0718017085518348
20260923,46,10,0.08166690454881115,-0.7373169030954193,1.148866997571499
20260923,47,10,0.07999630541700564,-0.7488989847814499,1.2083094464390916
20260923,48,10,0.0790903821508093,-0.6932026671315658,1.2414776068234992
20260923,49,10,0.07865612391923198,-0.5751333752756863,1.2438549120949838
20260923,50,10,0.07833028960535543,-0.408003166802137,1.2157021693362529
20260923,51,10,0.07780994269228207,-0.21341641096412856,1.1624450242947109
20260923,52,10,0.07697094690695237,-0.01857671601775765,1.0940198048403849
20260923,53,10,0.07587288961618023,0.14863019926645024,1.0228594764611547
20260923,54,10,0.07461389571503106,0.264431249824422,0.9613101189306477
20260923,55,10,0.073050898439259,0.3117888176949518,0.9196853721489527
20260923,56,10,0.0707700268639162,0.28256361435907007,0.9050606717567821
20260923,57,10,0.06755341334288603,0.1814942714765351,0.9197333136889732
20260923,58,10,0.06384991710007129,0.02728414761193501,0.9601930267846178
20260923,59,10,0.06058669026718954,-0.15422175058719984,1.0187698122554605
20260923,60,10,0.05841294922139412,-0.33878286740010405,1.0869996107440973
20260923,0,11,0.15872143312354542,0.5279884493592918,1.9525319494550133
20260923,1,11,0.16908929485337323,0.46244798625794825,1.9604007469645301
20260923,2,11,0.18275671149588427,0.3143252596886731,1.8916093895727772
20260923,3,11,0.19352138287526013,0.09268474895229598,1.7454526727567479
20260923,4,11,0.19716601716716403,-0.16767174576753457,1.5466604687989634
20260923,5,11,0.19227589266876144,-0.41769247193227366,1.3390826973582546
20260923,6,11,0.176577822937753,-0.6082090342374545,1.1736220982030163
20260923,7,11,0.15784673217195017,-0.7157529461872637,1.0816219816555521
20260923,8,11,0.17997621687979462,-0.8152270324687247,0.9979079182892842
20260923,9,11,0.2126590137506285,-0.852385830655357,0.9825767669626803
20260923,10,11,0.25293464560217965,-0.8069253648350554,1.0643322774216544
20260923,11,11,0.2969695570669436,-0.6697085116839487,1.2577940227467894
20260923,12,11,0.3311199914999527,-0.4469870963171122,1.5533146025937186
20260923,13,11,0.3489362301338607,-0.17930189020689422,1.8964523697489963
20260923,14,11,0.3576361271964717,0.08399222917626817,2.2204532835645683
20260923,15,11,0.36431045903522924,0.30807144512158624,2.473876382365707
20260923,16,11,0.3713413034304347,0.47000980971501416,2.6196220267863137
20260923,17,11,0.3787491246476042,0.5551158504541708,2.634561551436977
20260923,18,11,0.38337472231392755,0.5547260793220135,2.510717486287758
20260923,19,11,0.38248487331834014,0.4707861729492634,2.264007144365041
20260923,20,11,0.3793382476838718,0.32053852612105327,1.9363569899002462
20260923,21,11,0.3765533245529138,0.125435091118993,1.577823886564943
20260923,22,11,0.3735148176256078,-0.09305569873323945,1.2397435078772223
20260923,23,11,0.37066327229365464,-0.3124602946449381,0.9694260935259941
20260923,24,11,0.37040509705863567,-0.5130869606447077,0.8003030399853204
20260923,25,11,0.3735466150377784,-0.6791618058846499,0.751170968365498
20260923,26,11,0.3755824753368102,-0.7939519136182859,0.8303607495206924
20260923,27,11,0.3693385857334699,-0.8400408300188642,1.0268333731654493
20260923,28,11,0.35227456744271435,-0.8100328098284416,1.2990089235690365
20260923,29,11,0.32967593592290784,-0.7134969115944948,1.5870375665672118
20260923,30,11,0.3091760882032971,-0.5688843219674244,1.8393045547169902
20260923,31,11,0.2916921054777573,-0.39155309912847647,2.019647413876114
20260923,32,11,0.2724843456780199,-0.19769920917360015,2.0993785200121446
20260923,33,11,0.24879649646564905,-0.010627115244472934,2.0650659937949847
20260923,34,11,0.22221695106209044,0.14535499317426934,1.9290474227589915
20260923,35,11,0.1979802088230144,0.2555252775580067,1.7256635634767958
20260923,36,11,0.18018509412141856,0.3165486622908401,1.491717837939307
20260923,37,11,0.16663566053500742,0.3242368295426079,1.2552902279464266
20260923,38,11,0.15287632322648695,0.27333600643224965,1.045352150955571
20260923,39,11,0.13738334322845427,0.16917048156056344,0.890039442161052
20260923,40,11,0.12215260388101314,0.0296557890045529,0.8032824881868459
20260923,41,11,0.11012863816144648,-0.12470092714314412,0.7811742036892376
20260923,42,11,0.10205453917964044,-0.27895441315694147,0.8128411866468438
20260923,43,11,0.09617833144930356,-0.4194737004115487,0.8875771391460625
20260923,44,11,0.09102885106704363,-0.5302865920245399,0.990032554699135
20260923,45,11,0.08675573854850205,-0.5987974196752721,1.1003721313587764
20260923,46,11,0.08369802745826672,-0.6178612019459383,1.200409235462341
20260923,47,11,0.08161782199368016,-0.5841103762829825,1.2753418873263798
20260923,48,11,0.08050149832907232,-0.4999902277327334,1.3148966494658012
20260923,49,11,0.08044220191746636,-0.37337993691297316,1.314418618436405
20260923,50,11,0.08034678625425423,-0.2163891855051881,1.2729638446006464
20260923,51,11,0.07940191278327934,-0.04948952818408961,1.1970090445001675
20260923,52,11,0.07753403187567123,0.10251692680583033,1.1007364306139336
20260923,53,11,0.07505534036753143,0.2171053163321008,1.0019297023624398
20260923,54,11,0.07286703617801464,0.2799590301236532,0.917126940012271
20260923,55,11,0.07151362009646818,0.28433753673933304,0.8583613971743952
20260923,56,11,0.06980965678667146,0.2253909679277825,0.8352705066339154
20260923,57,11,0.06675540904593304,0.10877323341634729,0.8527838383659887
20260923,58,11,0.06275382489369412,-0.04546072034904053,0.9066933260562593
20260923,59,11,0.05912056081567029,-0.21211046778524634,0.9857855814267591
20260923,60,11,0.05688721888839043,-0.37068054118150884,1.0780057828176708
20260923,0,12,0.1557754506626081,0.6191585991111719,1.8149865882415006
20260923,1,12,0.17002526911739632,0.4818648913700046,1.798723462132247
20260923,2,12,0.1921332998737718,0.2565678225128072,1.726727402018813
20260923,3,12,0.2086107073595053,-0.04863343263025571,1.5936119553143266
20260923,4,12,0.21473175938016614,-0.3756657820177225,1.4259634150406721
20260923,5,12,0.21212680132873518,-0.6588727995616843,1.2626278887073348
20260923,6,12,0.20025584018863068,-0.84475548488451,1.1423039162584807
20260923,7,12,0.1871346695758106,-0.918827805106083,1.0846002856571129
20260923,8,12,0.20225222730518916,-0.941882174846852,1.0576530724362037
20260923,9,12,0.23873775244435885,-0.8897290189925136,1.082595971566561
20260923,10,12,0.2929547963832326,-0.7333987520456247,1.1884899013459718
20260923,11,12,0.3555158438883269,-0.45831665346357653,1.3973871616801072
20260923,12,12,0.3985887663396376,-0.092721264361548,1.6981833168180374
20260923,13,12,0.4096223468159755,0.2756864273331651,2.0236058517358804
20260923,14,12,0.4143286496801782,0.5796661249860386,2.31092834863791
20260923,15,12,0.4216344180763868,0.7864179838731375,2.5207402080735437
20260923,16,12,0.43032903852137533,0.8738563580225629,2.620523280305154
20260923,17,12,0.44006490595613695,0.8354356068005782,2.591671255081356
20260923,18,12,0.44660862490494585,0.6766722410477899,2.429890940928835
20260923,19,12,0.4425955755941785,0.4196452305180148,2.1529326055543088
20260923,20,12,0.4361238342528081,0.11228142396123053,1.8099323134534373
20260923,21,12,0.428943979610416,-0.20282520645189261,1.4519948416573696
20260923,22,12,0.41733270981358395,-0.48574769359047665,1.1331148776361888
20260923,23,12,0.4019105905043086,-0.7026777911307653,0.9013240087167347
20260923,24,12,0.39396886842210727,-0.8422785475521188,0.7763273438888719
20260923,25,12,0.40641252408868805,-0.9124453593280908,0.7550012477560244
20260923,26,12,0.42171311799858074,-0.8965032710656078,0.8591219955546664
20260923,27,12,0.42005795952805625,-0.7834640327607016,1.0876087221101838
20260923,28,12,0.39624165154514257,-0.5942192539637341,1.3894297482265363
20260923,29,12,0.35963731486139716,-0.3711710784404032,1.6903984791128468
20260923,30,12,0.33291963049757517,-0.1530182805380561,1.9390750510008798
20260923,31,12,0.3240678654792848,0.0476869430587748,2.117091400351175
20260923,32,12,0.3114646906759694,0.21615298000546018,2.1875328686380664
20260923,33,12,0.28382726530832586,0.3265406907992556,2.1239059835221825
20260923,34,12,0.24523361639580044,0.36643512913615633,1.9443783491368267
20260923,35,12,0.20965523938271308,0.3487873494768762,1.7026031593884956
20260923,36,12,0.1899428560109069,0.29892008630620875,1.4459042752541167
20260923,37,12,0.17872352851530535,0.2183388901230256,1.1927298406323583
20260923,38,12,0.16532311168804498,0.10546326984952611,0.9720042212089446
20260923,39,12,0.14688557191606771,-0.02611758827694005,0.818508604266222
20260923,40,12,0.12698622454974923,-0.15577073549704054,0.7470637314839723
20260923,41,12,0.11159273279224062,-0.2697675686622631,0.7455782236123614
20260923,42,12,0.10341898750689052,-0.3654764098623964,0.7950472547807572
20260923,43,12,0.09859845867290634,-0.4376309998476567,0.8877071298224867
20260923,44,12,0.09318218317413927,-0.4751961037960011,1.0098038154246634
20260923,45,12,0.08793695841149994,-0.47493646859138766,1.1367050259703175
20260923,46,12,0.0835946203919989,-0.4380805939177414,1.2471081555933963
20260923,47,12,0.07920468322945523,-0.3665830902874938,1.3232886830121924
20260923,48,12,0.07607963551706161,-0.26964551734215636,1.3567610311473168
20260923,49,12,0.07838255062551092,-0.15657123358809463,1.35353141617679
20260923,50,12,0.08049267831114448,-0.03121611439344131,1.3027477736417645
20260923,51,12,0.07997589118873315,0.08780034917250976,1.2088102030783427
20260923,52,12,0.07711788677238343,0.18012103803022655,1.0913306434340322
20260923,53,12,0.07188174381775472,0.2290365339626072,0.9746026813252355
20260923,54,12,0.06716825447296842,0.23319240576282974,0.8795735869675343
20260923,55,12,0.06815259392941442,0.20579735486612055,0.8103931547590205
20260923,56,12,0.0686760944660487,0.13164507727733699,0.7818264426744266
20260923,57,12,0.06596152374965526,0.01540137294264482,0.8050220906197535
20260923,58,12,0.061314447711724444,-0.12023589764129566,0.8733736246518329
20260923,59,12,0.05732659100394399,-0.2534999510979097,0.9702778746103582
20260923,60,12,0.055719823430808404,-0.37221068790147527,1.0811343674539655
20260923,0,13,0.14090937857275646,0.595825066966053,1.6263314861433522
20260923,1,13,0.16501610778807455,0.41737419027860934,1.6006078588476111
20260923,2,13,0.20180440734371513,0.1387749238972507,1.5378700163803019
20260923,3,13,0.22706752328757718,-0.22719868761904022,1.4366745903992817
20260923,4,13,0.23767075481172684,-0.5934860205430672,1.3233809051346932
20260923,5,13,0.24192540506283855,-0.8890432505654853,1.2231553033274598
20260923,6,13,0.2495361061527523,-1.0817820297034832,1.1505916221947214
20260923,7,13,0.23509503446555047,-1.0936511060888507,1.144841854047746
20260923,8,13,0.2457955004816669,-1.0189798853095153,1.1722536998661717
20260923,9,13,0.28446351143744014,-0.8526511154693746,1.2402514489589647
20260923,10,13,0.3457201732090507,-0.5628919134540185,1.3718285250216853
20260923,11,13,0.4161211381712349,-0.1453830546428561,1.5811149897530314
20260923,12,13,0.46281349860278836,0.3360057327467669,1.8484631170163106
20260923,13,13,0.4566849731528358,0.7457276124326597,2.1065772333943333
20260923,14,13,0.4639115366414752,1.0451056826189156,2.323039767674943
20260923,15,13,0.47434077017163706,1.19439438242139,2.465481925508867
20260923,16,13,0.47838497579844824,1.1645955041135811,2.5023711963748783
20260923,17,13,0.4783687727781364,0.9681522587912189,2.4248923575470007
20260923,18,13,0.4819647634910959,0.6456478444941571,2.244980345652798
20260923,19,13,0.47923581653133296,0.23725885486331402,1.9790028574769596
20260923,20,13,0.48058888728876836,-0.1934721618139818,1.6666941694817061
20260923,21,13,0.47459596678212657,-0.5887686476812287,1.3511039697752123
20260923,22,13,0.45175334815912244,-0.8829000946972315,1.0893652371635265
20260923,23,13,0.40914294863951667,-1.0264593695824475,0.933391751721459
20260923,24,13,0.3665971609610562,-1.0286007174119647,0.8912810753133957
20260923,25,13,0.41675619070543635,-1.0193955221897875,0.8688547898474006
20260923,26,13,0.4632153315141755,-0.8770015533523841,0.9727394846889412
20260923,27,13,0.47182333594911874,-0.6020383187121618,1.206919967238207
20260923,28,13,0.439910076477684,-0.2659238560493769,1.5049970482585802
20260923,29,13,0.3730392104385106,0.04544893815038786,1.778006004702007
20260923,30,13,0.3150105641808332,0.2784887790668127,1.9703762495089476
20260923,31,13,0.3400981684243748,0.4872481446627429,2.140072786119881
20260923,32,13,0.3463277537373274,0.6111828100753823,2.1998545858284277
20260923,33,13,0.31788717204965694,0.6136006718831413,2.1102414337902036
20260923,34,13,0.2652800718969339,0.5091478962220765,1.8986361921327217
20260923,35,13,0.21317063815555065,0.3517959133352645,1.6362003569762018
20260923,36,13,0.193183627966661,0.1995602327751613,1.3811196641171233
20260923,37,13,0.18692481043686646,0.04289204142653155,1.132826570933699
20260923,38,13,0.17585864148740607,-0.11375741681628669,0.9191242188675284
20260923,39,13,0.1557402695984931,-0.2459897505197715,0.7797611309734891
20260923,40,13,0.13092876594474137,-0.33476668515891206,0.7307991138966061
20260923,41,13,0.1106217965939943,-0.3815326809654247,0.7528580893485994
20260923,42,13,0.10187630817068453,-0.4032157970285766,0.815265759377537
20260923,43,13,0.10019958006305321,-0.4017323559102076,0.9134672615053726
20260923,44,13,0.09499391043567276,-0.3639275312174264,1.0429099987452564
20260923,45,13,0.08883409698934012,-0.2998711835194412,1.1733534271541215
20260923,46,13,0.08308455627883048,-0.2192986016472107,1.2815890882313994
20260923,47,13,0.07507774844426365,-0.12964344081411802,1.3458867685374
20260923,48,13,0.06732075268534445,-0.04330823598188089,1.359828196308754
20260923,49,13,0.07446745833959549,0.04441795841145019,1.3590054264288727
20260923,50,13,0.07995395181792933,0.12650352765613362,1.3043354662736815
20260923,51,13,0.08002192276764779,0.18461607828191753,1.1990434224979563
20260923,52,13,0.07624096101013583,0.20907864123767925,1.0699053319153902
20260923,53,13,0.0657251358246774,0.18851637551741504,0.9485470410600303
20260923,54,13,0.04995077020811416,0.12771877064506748,0.8708813659035191
20260923,55,13,0.06233006140449765,0.09538093202946893,0.7855398075757414
20260923,56,13,0.06777158082328551,0.019106828629490757,0.7500130031407604
20260923,57,13,0.06571346269794301,-0.08117600643798219,0.7796926107003426
20260923,58,13,0.06067940002895377,-0.18136212602281232,0.8603241531370039
20260923,59,13,0.057195290814503995,-0.2693485105458273,0.9695033093278698
20260923,60,13,0.058667807526907645,-0.34552647506562617,1.0929394608739997
20260923,0,14,0.1532569243959969,0.5604916284452146,1.4349635462671733
20260923,1,14,0.18056320355306466,0.32256280999471076,1.396312297070452
20260923,2,14,0.22351566130710504,-0.014274840849005349,1.3448731748261662
20260923,3,14,0.25421461900530573,-0.4187798875575762,1.2927352664226064
20260923,4,14,0.2672757727300795,-0.7907593677840061,1.2561537925962718
20260923,5,14,0.26926068769254985,-1.0526318687757839,1.2442636257693032
20260923,6,14,0.2688520954566386,-1.1706703505113252,1.2598143607756254
20260923,7,14,0.27751120380061073,-1.1510863093540569,1.3003954506306077
20260923,8,14,0.3027408605887508,-1.0022134202103317,1.3667833454335738
20260923,9,14,0.34801278355207005,-0.7192368050855181,1.4651611517529584
20260923,10,14,0.4057045120658722,-0.2956425259429426,1.6034460172153928
20260923,11,14,0.4548783084970422,0.22746881759405976,1.7765703666737136
20260923,12,14,0.47728899137179465,0.7421502889640234,1.9576754005404229
20260923,13,14,0.4935991257999378,1.157889952624387,2.1205319930337123
20260923,14,14,0.5178845301356836,1.4275169163524568,2.247207702777881
20260923,15,14,0.5330437588248863,1.4884456352970485,2.308540633143724
20260923,16,14,0.5296386518711104,1.3179651917050916,2.2838870644468945
20260923,17,14,0.5115521230450265,0.956800129779281,2.1744312950836013
20260923,18,14,0.49866814666397835,0.48711825015813226,2.0015153172948636
20260923,19,14,0.5111431564034005,-0.028382166911389364,1.784574583103557
20260923,20,14,0.5276841773131223,-0.5454327900613875,1.537124947098956
20260923,21,14,0.526552380207954,-0.9790078491140208,1.2969166588696555
20260923,22,14,0.5000439666567548,-1.2432438746066161,1.1127264860708759
20260923,23,14,0.45053251766671426,-1.29518417408253,1.0214876253295908
20260923,24,14,0.4098385897184183,-1.18303731475813,1.0156921077955552
20260923,25,14,0.46479130004617203,-1.0418915472243633,1.0301582857675835
20260923,26,14,0.5218287654534621,-0.7423541628324332,1.145772853143602
20260923,27,14,0.5373297278773105,-0.3086611799550558,1.3639907443324562
20260923,28,14,0.5080375008305575,0.14774044778514667,1.6249614768760998
20260923,29,14,0.434652695353006,0.5099137094599494,1.8510319458693645
20260923,30,14,0.3649863783391891,0.72970100400126,1.9964854930043763
20260923,31,14,0.38621493776489074,0.9118915690328165,2.1194262911023447
20260923,32,14,0.39344083778240874,0.9540440460265078,2.142518351232887
20260923,33,14,0.36085199988899647,0.8238373421818344,2.0296212773457127
20260923,34,14,0.29874537194961287,0.5730529671592727,1.8106716256745155
20260923,35,14,0.23397899317853335,0.291554404240981,1.5538870175235715
20260923,36,14,0.2024943826854488,0.04569566306494567,1.313228096699736
20260923,37,14,0.19830486305648187,-0.17304484839502163,1.0864691139253229
20260923,38,14,0.1891434491530845,-0.3539617891761371,0.895009932956637
20260923,39,14,0.16742442457400314,-0.46229135540828337,0.7786573315615801
20260923,40,14,0.13934899979165918,-0.48799415687962866,0.7500025939687385
20260923,41,14,0.11583320688058722,-0.45413108870025953,0.7867891192295429
20260923,42,14,0.10482078232147503,-0.3935492479923244,0.85791560168453
20260923,43,14,0.10248143551159267,-0.31226026601767143,0.957591566895359
20260923,44,14,0.09712948382980102,-0.20422819568816653,1.0818761015078995
20260923,45,14,0.09040883901327484,-0.08900522330578992,1.2030609810358528
20260923,46,14,0.08431330512817616,0.017923295426011676,1.299823953206031
20260923,47,14,0.07735629214327457,0.10549142487007918,1.3547540842074035
20260923,48,14,0.07030142063389244,0.16625682609699627,1.3606636665363465
20260923,49,14,0.07634819142460705,0.2201041996236591,1.3475326802072252
20260923,50,14,0.08031611138283193,0.24500581142279906,1.2820427024621643
20260923,51,14,0.08006560400610795,0.23465065154941603,1.1721079114958468
20260923,52,14,0.07643899882745663,0.19341310613088805,1.0424580420146832
20260923,53,14,0.06772064321351057,0.12704381861070654,0.922956488224135
20260923,54,14,0.05700601405889115,0.05162585010052255,0.8408742007321177
20260923,55,14,0.06443895742595661,-0.01731928567607233,0.7664997487845351
20260923,56,14,0.06839872465599195,-0.09511272757809047,0.7403388749578699
20260923,57,14,0.06646288263513488,-0.1661717833245926,0.7774889306985372
20260923,58,14,0.06170309731343717,-0.21914077208925933,0.865346647746899
20260923,59,14,0.05774559101851359,-0.25224767564713485,0.9822293245859612
20260923,60,14,0.05761733381350512,-0.26984890758722435,1.1120636274076914
20260923,0,15,0.20444337636243876,0.5035937680554782,1.203979805952931
20260923,1,15,0.22881772211872156,0.19300115679764798,1.1678294823110045
20260923,2,15,0.26680583652793993,-0.19213776323531723,1.153066107137324
20260923,3,15,0.2982547895290616,-0.6033198132786914,1.1748455726379716
20260923,4,15,0.3147030274778071,-0.9491605487111678,1.2350828068533999
20260923,5,15,0.3198418379767756,-1.1593663707806163,1.3229980287220608
20260923,6,15,0.3255207172741409,-1.2132075589698492,1.4242974880077024
20260923,7,15,0.3458829134390382,-1.1220269144950028,1.5300111865360795
20260923,8,15,0.38393827250295526,-0.8810400565552998,1.639058522212342
20260923,9,15,0.43586906048962515,-0.48457134791892,1.7506144648971624
20260923,10,15,0.4895780890166053,0.04311808581074243,1.8592858813818427
20260923,11,15,0.5271915113506715,0.6206869331477052,1.9536648618943282
20260923,12,15,0.5482965524456003,1.1367818536355732,2.024285203375028
20260923,13,15,0.5730905269062186,1.5198629325377548,2.069814133408809
20260923,14,15,0.6000894947079357,1.7095138959298446,2.0838634538964347
20260923,15,15,0.6140169207159005,1.6501656924132324,2.056672110770575
20260923,16,15,0.6078112100162592,1.3411632870347545,1.9856649446620571
20260923,17,15,0.5878052453958504,0.8471338143264772,1.8779470088190977
20260923,18,15,0.5750255143918234,0.2626834236182691,1.7455858269035158
20260923,19,15,0.5842827732500058,-0.34357507192138803,1.5966230772366026
20260923,20,15,0.5985410802121164,-0.9069986533215488,1.4421535573463982
20260923,21,15,0.5971531940828875,-1.3317668075973368,1.3056827054400455
20260923,22,15,0.5762500762127457,-1.5405167052188147,1.212034374332306
20260923,23,15,0.5470734318410552,-1.518113045074941,1.1742651982993142
20260923,24,15,0.5368640578595926,-1.3154049837674673,1.187447317023726
20260923,25,15,0.5653496071249843,-0.9766477482092694,1.246967043102608
20260923,26,15,0.6010616393017174,-0.493028538224232,1.367203093303817
20260923,27,15,0.6149946645294246,0.07823477145137596,1.5402191367139024
20260923,28,15,0.6001437388038324,0.6247080408442567,1.7311569168927046
20260923,29,15,0.5566215930546836,1.0363767833967448,1.8953056189489532
20260923,30,15,0.5079855565726287,1.2634193339977347,2.0015753218923593
20260923,31,15,0.4841150272855947,1.3297458401837485,2.0468170765960334
20260923,32,15,0.46189639148883327,1.219789131001072,2.012108754539106
20260923,33,15,0.4176636793615438,0.9364427006284846,1.8840321540556926
20260923,34,15,0.3528422600473343,0.5519136010401506,1.684739426467162
20260923,35,15,0.28780529718775893,0.16708104764506093,1.460969346323226
20260923,36,15,0.24653457220336084,-0.15829745223873834,1.2487485532269813
20260923,37,15,0.22793344235262994,-0.4192695986630547,1.0572887180298232
20260923,38,15,0.21056866426057555,-0.5943971821553508,0.9050035172908673
20260923,39,15,0.18446372076089923,-0.6535239199194389,0.819048307649757
20260923,40,15,0.15447151898477945,-0.6041215887773984,0.8052427567497045
20260923,41,15,0.12991664159392688,-0.4871047593151556,0.8449152989404718
20260923,42,15,0.11563009210917553,-0.3402005807260078,0.9165367493495253
20260923,43,15,0.10784613905244836,-0.17680533551041272,1.011428431845558
20260923,44,15,0.10043259078111849,-0.009285105645021594,1.1188665717035449
20260923,45,15,0.09303091459573887,0.14038332316723723,1.2192394394281258
20260923,46,15,0.08707075132949772,0.2568969425531979,1.2966370676699677
20260923,47,15,0.08265252925942043,0.3325702247120731,1.340387266886951
20260923,48,15,0.08023074144597264,0.3661686651296664,1.3455921401522435
20260923,49,15,0.08061884986892992,0.36140970092090685,1.3125525875145365
20260923,50,15,0.08115891923567915,0.316809309898603,1.2393015568125096
20260923,51,15,0.08008745910917686,0.23787582961100023,1.1338850472938868
20260923,52,15,0.07729246235890497,0.13855411202956436,1.0148254259278342
20260923,53,15,0.07322431765258086,0.035101362846671584,0.9039576152386419
20260923,54,15,0.07003689092026608,-0.059082249018922436,0.8181229121871302
20260923,55,15,0.07005028592246768,-0.13889853000528635,0.7643551150788565
20260923,56,15,0.07007947459335376,-0.19758755197832198,0.7552690773940687
20260923,57,15,0.06811673742870375,-0.22731876272749466,0.7982749497199366
20260923,58,15,0.06442709111884495,-0.22680594740290888,0.8866041132798864
20260923,59,15,0.060529402173231626,-0.20165897515630074,1.003667795796459
20260923,60,15,0.05833665134304528,-0.16022673311069943,1.1322846819578158
20260923,0,16,0.2730570824096962,0.3558594821672069,0.9251401038493017
20260923,1,16,0.29660266822704884,0.009530670175848362,0.9202744772696189
20260923,2,16,0.33080654213918964,-0.3781232871584627,0.9760172958336872
20260923,3,16,0.36523705309224236,-0.7550191764436107,1.0972708952779477
20260923,4,16,0.391888502898697,-1.0473158852281101,1.2718910191701744
20260923,5,16,0.41047700910033275,-1.1948830541304933,1.4724485513587064
20260923,6,16,0.4286039380029256,-1.1738047939516592,1.6699985864302107
20260923,7,16,0.45655294086163056,-0.9869562863697502,1.8449061645093936
20260923,8,16,0.49971021012081496,-0.6419880390932089,1.9853904186785936
20260923,9,16,0.5557955543889811,-0.1542943139379352,2.0809888698099734
20260923,10,16,0.6130469007432174,0.42984718286570195,2.1209695043682433
20260923,11,16,0.6566444227878371,1.0174550528068846,2.1014306132555673
20260923,12,16,0.6841175315193334,1.4994018361737211,2.033046119741385
20260923,13,16,0.704022642846281,1.7952210713652632,1.9347161379514004
20260923,14,16,0.7185842736563952,1.8535097517792911,1.8232305061370586
20260923,15,16,0.7240387140465079,1.653816821048066,1.7126238148758208
20260923,16,16,0.7190623660024931,1.222266121948687,1.6140735377183788
20260923,17,16,0.7077214836503203,0.6286843091759401,1.533866711678212
20260923,18,16,0.6990017561146122,-0.03661400514257884,1.4726896366313142
20260923,19,16,0.697543833099352,-0.6869651620079222,1.4286605062665565
20260923,20,16,0.695975679970331,-1.2347493619690182,1.4020016505987982
20260923,21,16,0.6861258198936041,-1.5939144090015835,1.3942185938027207
20260923,22,16,0.6688502271092344,-1.71189717757039,1.405379248922734
20260923,23,16,0.6524982274654157,-1.5865875901384383,1.4341189989743668
20260923,24,16,0.6479991967644755,-1.2529015029741433,1.4791581931843996
20260923,25,16,0.6583835310965332,-0.7530669799742151,1.5410898465566574
20260923,26,16,0.6734116542688666,-0.13712448984224976,1.6196533980024745
20260923,27,16,0.6828747054121554,0.5128589585179049,1.7083454872946884
20260923,28,16,0.679872994627508,1.093521611593253,1.7939484325940298
20260923,29,16,0.6573458835381564,1.5029234888188667,1.858163260684707
20260923,30,16,0.6198735104979627,1.6792607404212845,1.8846641481113848
20260923,31,16,0.5796864121102624,1.6208793906634362,1.865163353463678
20260923,32,16,0.535724618965859,1.3524323539595615,1.7947864113973693
20260923,33,16,0.4796726662811217,0.9244451379509948,1.6746417530011184
20260923,34,16,0.4132871559895375,0.4284049491479007,1.5196990747665693
20260923,35,16,0.3500904938941639,-0.03675026241679023,1.3540537473430696
20260923,36,16,0.3024742510877252,-0.41271511592457283,1.1971329175601855
20260923,37,16,0.26904154220591825,-0.677157784137896,1.0609747809057946
20260923,38,16,0.2388274299699492,-0.8078856818342861,0.9597680509361894
20260923,39,16,0.205597985703127,-0.793262069720621,0.9070903793798588
20260923,40,16,0.1725299073522709,-0.6596632455100415,0.903684854602818
20260923,41,16,0.14581782438763377,-0.4582981570577628,0.9375477324911605
20260923,42,16,0.12761983417939735,-0.23105583334880453,0.9955980749002997
20260923,43,16,0.11518068265925516,-0.002497950225555684,1.0687878931040777
20260923,44,16,0.1050601724212957,0.2047725162936815,1.1466469237197545
20260923,45,16,0.09645889114781156,0.3686217954060457,1.216235468349651
20260923,46,16,0.08999933160537033,0.47647481381706774,1.2670444635521583
20260923,47,16,0.08579869270004765,0.5244202546359804,1.2920171073911093
20260923,48,16,0.0834465961688506,0.5133859200675538,1.2865835732743918
20260923,49,16,0.08227528766966323,0.44826759780697906,1.2489128733279418
20260923,50,16,0.08126062464678298,0.3385168899106395,1.181051078774324
20260923,51,16,0.07963662467811551,0.20047889089881324,1.0912068320390065
20260923,52,16,0.07732401176672883,0.055463333091153144,0.9932638848056223
20260923,53,16,0.07485848582103251,-0.0761336076966615,0.9029540919747349
20260923,54,16,0.07304107589207305,-0.17979131604451054,0.8337348643545726
20260923,55,16,0.07212606579047968,-0.2469255498231624,0.7957747105687185
20260923,56,16,0.07137435062071759,-0.27184215017359037,0.7970994803588289
20260923,57,16,0.06998677272934421,-0.25333112048204875,0.8409954364313358
20260923,58,16,0.06779396016504363,-0.19743167239680148,0.92278925883747
20260923,59,16,0.06536848646830926,-0.11626451215269187,1.030640212810633
20260923,60,16,0.06364027313159304,-0.0233255211819747,1.1500228565328172
20260923,0,17,0.3423300586775622,0.12696485238151384,0.6475710117291646
20260923,1,17,0.3668553378348679,-0.1962264206056862,0.7006659797660989
20260923,2,17,0.40429369157417017,-0.5275905733274207,0.8475951988772186
20260923,3,17,0.4510230978756024,-0.8256547502002112,1.0825037381135139
20260923,4,17,0.49899817047767286,-1.0329275131896152,1.3840661145104685
20260923,5,17,0.5410079841434563,-1.0943826490023694,1.7102873353970998
20260923,6,17,0.5736110325390172,-0.9793443025865799,2.0094392817691467
20260923,7,17,0.6021278289281805,-0.6948150407507899,2.238746975512747
20260923,8,17,0.6407961521438899,-0.2739693883868204,2.377714311046505
20260923,9,17,0.6975647420474722,0.24724346887298626,2.4180044265616436
20260923,10,17,0.763536162968954,0.8173298469374892,2.352297985903005
20260923,11,17,0.820619188310936,1.3479969132125889,2.1864340607738493
20260923,12,17,0.8550883366313837,1.7331602391313883,1.951413263230191
20260923,13,17,0.8647319056604635,1.8915339861282852,1.6956404787499846
20260923,14,17,0.8593305521334612,1.795675672959917,1.4659213717345803
20260923,15,17,0.8514358820690859,1.4653655936096133,1.2933191909690938
20260923,16,17,0.8477705043617192,0.9466472922916775,1.1925415194207178
20260923,17,17,0.8472867996208171,0.3035946275457584,1.1669582799243583
20260923,18,17,0.8427975322375012,-0.3786021165284341,1.2112145044455547
20260923,19,17,0.8281418505016029,-0.9969970877766582,1.3098681739466966
20260923,20,17,0.8052610567308814,-1.4566014126818627,1.4386114418578855
20260923,21,17,0.7807823076092957,-1.6957397525669384,1.5721278809744341
20260923,22,17,0.7602441597079402,-1.6900840440431857,1.6907517975668078
20260923,23,17,0.7454462412499353,-1.4455515506859076,1.7822307526266477
20260923,24,17,0.7342677554609526,-0.993838564369261,1.840605299218287
20260923,25,17,0.7251794127997511,-0.39496781852661467,1.865260692541551
20260923,26,17,0.721146855176896,0.2701673320970682,1.8605741339736914
20260923,27,17,0.7252380597303305,0.9175280086840486,1.8333895018717683
20260923,28,17,0.7299379954029456,1.4598223817799112,1.7889173270760361
20260923,29,17,0.7141776083960159,1.7960945091073808,1.7296255346136564
20260923,30,17,0.6851815844905862,1.8779312519507658,1.6612233114591848
20260923,31,17,0.647154322096053,1.704675062904443,1.5865530256215041
20260923,32,17,0.596634710255452,1.3122676340719406,1.5062734605142534
20260923,33,17,0.5323504425950787,0.7801830586429085,1.4218422634501526
20260923,34,17,0.4610991400461503,0.21737731070392904,1.3366639446198316
20260923,35,17,0.3962380529844274,-0.2792225566761427,1.254731122144025
20260923,36,17,0.3457835580041772,-0.6562398824490553,1.1792329343952639
20260923,37,17,0.3055028500465355,-0.8861315573479066,1.1146039585020573
20260923,38,17,0.26661823135481955,-0.9480928115275394,1.0677632086974445
20260923,39,17,0.22590931331631459,-0.8469956271431892,1.044135538950376
20260923,40,17,0.18757191101751775,-0.6282595131948707,1.0430698188889336
20260923,41,17,0.15737672520371496,-0.35418697539440414,1.0590111883304576
20260923,42,17,0.13657333551098783,-0.07033125012352395,1.0866092854090654
20260923,43,17,0.12194541011192547,0.19548054899039358,1.1217722601263913
20260923,44,17,0.11006967914579048,0.41732046113261645,1.1587476177139937
20260923,45,17,0.09997001793219572,0.5730470925819718,1.1902655420144992
20260923,46,17,0.09216851455624223,0.6533342299260222,1.2103112880358162
20260923,47,17,0.08690807978134987,0.6594305833378945,1.2148272926292982
20260923,48,17,0.08372767804853294,0.597401998015034,1.2009929106658896
20260923,49,17,0.08179340575744336,0.47738625326942574,1.1674906318476908
20260923,50,17,0.08022424831855676,0.3156886145036941,1.115809807914507
20260923,51,17,0.0783754362787558,0.13539224871722538,1.0513968846937412
20260923,52,17,0.07611174553261851,-0.03709844173147969,0.9833216279868094
20260923,53,17,0.0738844694917441,-0.17869949606836646,0.9220379917508004
20260923,54,17,0.07239028849506236,-0.274588894726172,0.8767793449204084
20260923,55,17,0.07184934579681292,-0.317166225813594,0.8549063480842831
20260923,56,17,0.07169942404092873,-0.30314967462102627,0.8623245281998522
20260923,57,17,0.07132652310300594,-0.235913759691208,0.901636728234334
20260923,58,17,0.07064556553358942,-0.12756057504800633,0.9700299667560457
20260923,59,17,0.06992668614268664,0.00422597167966092,1.0598294593340671
20260923,60,17,0.06934013005655883,0.14061702393713985,1.160384892568392
20260923,0,18,0.38554486754372075,-0.12064640636728977,0.4515806267766793
20260923,1,18,0.4141435734908944,-0.35610571944677916,0.5741043811802773
20260923,2,18,0.46620160063292587,-0.5777053940619147,0.8082546023425977
20260923,3,18,0.5385621934495776,-0.7554049085394446,1.1511359643788903
20260923,4,18,0.6199693390971565,-0.8424074413882141,1.577673191404965
20260923,5,18,0.6946561321121503,-0.7928798605193155,2.0269617710408223
20260923,6,18,0.7413938405731055,-0.5828847933615036,2.411311196168364
20260923,7,18,0.7576090937227713,-0.2375748390263925,2.6555029685415104
20260923,8,18,0.7803767724923879,0.18716412178888286,2.7468317286028268
20260923,9,18,0.835170476037345,0.6545181671969201,2.6958359637250884
20260923,10,18,0.9144476244114328,1.1238275939047986,2.5008842515628524
20260923,11,18,0.9944989013756685,1.522057971117998,2.1744281674984998
20260923,12,18,1.0416304692509362,1.752277459975232,1.7664649883004866
20260923,13,18,1.0340894080661687,1.7415415897463618,1.364177431122001
20260923,14,18,0.9995239435111994,1.500881327935079,1.0468297109456532
20260923,15,18,0.9731631793480224,1.0838929355572002,0.8491162315360961
20260923,16,18,0.9688152491078302,0.5413273034547971,0.7783841317549637
20260923,17,18,0.9803998399455254,-0.07518913055166507,0.8340482889133148
20260923,18,18,0.9830492524071558,-0.6884238165788061,1.0090740959676598
20260923,19,18,0.9547528636257411,-1.190042919861148,1.271434815111946
20260923,20,18,0.9080877679334405,-1.497218819074556,1.5620040642033866
20260923,21,18,0.8660461829452878,-1.582267194429324,1.8283329101320813
20260923,22,18,0.8388000331824981,-1.447108949045055,2.0377816531872734
20260923,23,18,0.823560173311095,-1.1060538717576793,2.1706085861885622
20260923,24,18,0.8064898199513684,-0.5907844568525178,2.2137321337027656
20260923,25,18,0.7774184724192029,0.027886129401018547,2.1663958084677395
20260923,26,18,0.7509908935767625,0.6550150540843096,2.0498091047592952
20260923,27,18,0.7443245752531861,1.2190785861713649,1.8913588257836687
20260923,28,18,0.7534772632365512,1.6584444370768714,1.7115036112130115
20260923,29,18,0.7384855306046211,1.8738180140076324,1.5304398629140619
20260923,30,18,0.7214235358213303,1.8505459349951705,1.37405759745311
20260923,31,18,0.6927915141914723,1.583751110876162,1.2574206142934414
20260923,32,18,0.6408532853902769,1.1125676611135038,1.1887986744908559
20260923,33,18,0.5679210758262637,0.5354222466997188,1.1647613868435576
20260923,34,18,0.4856974667311023,-0.028140040954916457,1.1714089382828694
20260923,35,18,0.41329379373766467,-0.48791511284168776,1.1903107263155719
20260923,36,18,0.3635590836649226,-0.812043663414003,1.207755216487397
20260923,37,18,0.3275748834902589,-0.9835420623636397,1.2190400957334926
20260923,38,18,0.2877506115322686,-0.9726451894121162,1.2227582211424672
20260923,39,18,0.24072382827403443,-0.7902517970136775,1.21782144245621
20260923,40,18,0.19479683224374472,-0.5014294113371981,1.2055816500483707
20260923,41,18,0.15970480521028388,-0.18312024441650107,1.18969558183716
20260923,42,18,0.13861688706833264,0.12038290522115652,1.174162330189814
20260923,43,18,0.12569630905704848,0.3912682702881394,1.1611985287876117
20260923,44,18,0.11417174014788853,0.6030962948378361,1.1506181747313264
20260923,45,18,0.10270246834649238,0.7303551644748086,1.14102074946429
20260923,46,18,0.09279855621140226,0.7675971998093242,1.130794627494196
20260923,47,18,0.08582881122304595,0.7252519305287408,1.1184245896532603
20260923,48,18,0.08193510609409484,0.6172851582804926,1.1022989415394828
20260923,49,18,0.07982359295920975,0.4564087954855196,1.0806805268352948
20260923,50,18,0.0782979825617117,0.26179301319035697,1.0530213937512316
20260923,51,18,0.07641840243299533,0.06014534004700996,1.0208583704861474
20260923,52,18,0.07371340680308264,-0.11832760319290012,0.9880574866766151
20260923,53,18,0.07054565353397288,-0.24850657111865357,0.9598619614642008
20260923,54,18,0.06859104678775634,-0.3200594441045468,0.9406913949595177
20260923,55,18,0.06925901929532091,-0.33353876464922816,0.9335683307226849
20260923,56,18,0.07078049398047431,-0.2835827743134226,0.9431650518152046
20260923,57,18,0.07183784435755566,-0.17387670936229724,0.9726849919970579
20260923,58,18,0.0725847390723336,-0.02194112699279413,1.0213693803193384
20260923,59,18,0.07317402889575343,0.14936890039738465,1.0854105089791928
20260923,60,18,0.07339426896783628,0.3153208993529791,1.1583394871659354
20260923,0,19,0.38158914725212195,-0.29771494649817865,0.40429615844740674
20260923,1,19,0.4209915155962251,-0.40495519576148475,0.5807072261146051
20260923,2,19,0.5022617546041774,-0.48848571672409025,0.8729859061446391
20260923,3,19,0.6100779117006174,-0.5149761549500593,1.3002948456950365
20260923,4,19,0.7276382713009814,-0.4516235782095184,1.8277290750584132
20260923,5,19,0.8373936546487536,-0.28109029945009467,2.369263647830225
20260923,6,19,0.9014335584739748,-0.008116235857924176,2.8003652969983586
20260923,7,19,0.8879813481891952,0.3206965738336093,3.002900430890701
20260923,8,19,0.8911417700386867,0.6544540363745471,3.010000162846571
20260923,9,19,0.9474118402755864,0.9797677376908714,2.852944553956543
20260923,10,19,1.0450159936498218,1.2701611242225743,2.528795749681059
20260923,11,19,1.1643344951050902,1.4764783866255788,2.0543735314759166
20260923,12,19,1.2436695932851274,1.5200580263085208,1.4920367817884634
20260923,13,19,1.1939370837951642,1.334061738112871,0.9837310763172916
20260923,14,19,1.1168211129046846,0.9955004712904294,0.6318018372008303
20260923,15,19,1.0695790564234626,0.5664494776593574,0.4532558535021691
20260923,16,19,1.0610763237227792,0.08240618524648739,0.4443593643658419
20260923,17,19,1.0853837331749006,-0.4214802297497746,0.5977091812436597
20260923,18,19,1.1061660902033128,-0.8836497951153832,0.9061900935300315
20260923,19,19,1.0603442187848262,-1.1953214018014036,1.3285975290665306
20260923,20,19,0.9897091489569653,-1.3124733774145558,1.7601738732756786
20260923,21,19,0.9324752008882857,-1.2430178355818355,2.1290949480203416
20260923,22,19,0.8984678088763315,-1.0035894190652117,2.3974900309917566
20260923,23,19,0.8860518491690335,-0.615514366961972,2.544063360481404
20260923,24,19,0.877264218036434,-0.10912125437693934,2.552058893354507
20260923,25,19,0.8320264708271751,0.44818753039085313,2.4102104866599205
20260923,26,19,0.780811733042861,0.9603929986333717,2.1676422829353634
20260923,27,19,0.7553097352466832,1.376613972920199,1.8779319081436112
20260923,28,19,0.750280373043791,1.6552333072523853,1.5744241044643967
20260923,29,19,0.7517709300852728,1.7497799684873,1.291095441962753
20260923,30,19,0.7600381492269968,1.6412057353064387,1.0606541942627339
20260923,31,19,0.733305122299255,1.3023466837311573,0.9214633552164325
20260923,32,19,0.6725591337971351,0.8013561767898526,0.8873995800038158
20260923,33,19,0.5875009673829982,0.24790476456415056,0.9431228889488816
20260923,34,19,0.4889028486452576,-0.24398900117637998,1.053900080622171
20260923,35,19,0.3997449776068817,-0.5983024435431693,1.175859458533173
20260923,36,19,0.34917980040432683,-0.8227825345214697,1.2787872783717498
20260923,37,19,0.33287808200010993,-0.9370347259068916,1.3585694335420098
20260923,38,19,0.30079724035247146,-0.8669883922885135,1.40472948120926
20260923,39,19,0.24961770780457357,-0.6265352360797039,1.4048094080803302
20260923,40,19,0.1947925642613604,-0.30055646276487635,1.3650358949270163
20260923,41,19,0.15282078485088027,0.02239182385495797,1.3048490006847675
20260923,42,19,0.13358260973691427,0.3069910605552116,1.2422452939920283
20260923,43,19,0.12632878906673817,0.5564473945188889,1.180355142700722
20260923,44,19,0.11704257520964437,0.7389061351492294,1.121536916056587
20260923,45,19,0.1045853201396547,0.823676565275008,1.0727470650027615
20260923,46,19,0.09221847003665985,0.8111321499175078,1.037743072138428
20260923,47,19,0.0842397102584949,0.7268057517624877,1.0155525283881333
20260923,48,19,0.08221227812274876,0.5911244640805318,1.0031681655486229
20260923,49,19,0.07880303766147252,0.4025733823128552,0.9993205698151949
20260923,50,19,0.07650077749761942,0.194004603345224,1.0003297354150134
20260923,51,19,0.07443117209493647,-0.007816779469948076,1.0035561454217703
20260923,52,19,0.07064134663459604,-0.1709694077645911,1.0073089624269325
20260923,53,19,0.06380730391045353,-0.26395833174163363,1.0111301689387515
20260923,54,19,0.057547938065189014,-0.28569041882763835,1.015514518551669
20260923,55,19,0.0630773281989574,-0.2854934427782665,1.020328732155014
20260923,56,19,0.06875795554247774,-0.21479880494124345,1.0292329860260643
20260923,57,19,0.07168908469944481,-0.07427915727932913,1.0451087550179725
20260923,58,19,0.07358979395425115,0.10747358189029958,1.069314956393591
20260923,59,19,0.07419088012819972,0.30098578153905636,1.1020042440257023
20260923,60,19,0.07331117148644871,0.4739382922080886,1.141359097936823
20260923,0,20,0.3481891744774503,-0.35692778864210917,0.4930454555282693
20260923,1,20,0.41407004516791723,-0.33969634063067733,0.6870654884031744
20260923,2,20,0.5287911175540237,-0.2736078563428652,1.0150459130723
20260923,3,20,0.6637080500226191,-0.1282331494965905,1.4997379297914761
20260923,4,20,0.7980425310912399,0.09312037322316088,2.0796630907003912
20260923,5,20,0.9187749893992943,0.3641628800642515,2.6456595044375675
20260923,6,20,0.9997148414685768,0.6440751614001204,3.067695141797576
20260923,7,20,0.9591855946504851,0.8628292329567406,3.1892192127641437
20260923,8,20,0.9648963812912835,1.0322478275213849,3.114864211608195
20260923,9,20,1.0290160497301581,1.1539239992863297,2.861264719789523
20260923,10,20,1.133711535109502,1.208125833839752,2.4257119639144866
20260923,11,20,1.2725819459936931,1.1736805599106188,1.8390849669128146
20260923,12,20,1.3981974543120839,1.0196713148671699,1.1738754915395164
20260923,13,20,1.2906009849899354,0.7111725467961099,0.6347019698444636
20260923,14,20,1.1909769839138862,0.36425201649006533,0.299893874680601
20260923,15,20,1.1347468494432786,0.009527796968992336,0.1724929464597207
20260923,16,20,1.117768582472142,-0.33411248726684073,0.24726552284441516
20260923,17,20,1.1405582372560077,-0.6463407622772304,0.5056460716305018
20260923,18,20,1.1848707198528998,-0.8935170520579245,0.9269993308194672
20260923,19,20,1.1184912955493092,-0.9729513626541002,1.474085549675744
20260923,20,20,1.0402219955614513,-0.9071635496118466,1.9995849684507616
20260923,21,20,0.9794414126044135,-0.7169714728742336,2.4281884485365186
20260923,22,20,0.9397411904021357,-0.4211818542837058,2.7167126990325206
20260923,23,20,0.922731194531614,-0.04418454765211269,2.8435002416927633
20260923,24,20,0.9267868309722421,0.38453843112950986,2.8024965729557367
20260923,25,20,0.8781956552736868,0.8043990266297131,2.564989747284885
20260923,26,20,0.817413216799721,1.1461327812841868,2.207290041113798
20260923,27,20,0.7802537996393871,1.3830740511145316,1.803527896355193
20260923,28,20,0.7671535253307141,1.4942042820125379,1.4003641853804614
20260923,29,20,0.7779342397845973,1.4640575315392133,1.0375107039094078
20260923,30,20,0.8188678551745394,1.2867587896215105,0.7461292097579932
20260923,31,20,0.764211206066578,0.9029583072269713,0.6210077646294385
20260923,32,20,0.6899994283665476,0.4378796741444958,0.6426668360409592
20260923,33,20,0.5965179410346895,-0.021988855307558536,0.7843666671283259
20260923,34,20,0.4879079922464637,-0.38723787966351075,0.9937081526192016
20260923,35,20,0.3820179595622079,-0.6010112959818259,1.2050055776611817
20260923,36,20,0.3157654790992348,-0.6921648777004633,1.3726622725020619
20260923,37,20,0.3308129257673852,-0.762371313961951,1.5106783746801797
20260923,38,20,0.30816857801897046,-0.646004533544896,1.5889641153658118
20260923,39,20,0.25623653491631254,-0.3830288223843423,1.582098385146156
20260923,40,20,0.19625898115420307,-0.06592838241029611,1.504307985459747
20260923,41,20,0.1479265939094263,0.2227619404452206,1.3930955346940053
20260923,42,20,0.1290657216530298,0.4633102136972296,1.2848396220319231
20260923,43,20,0.12730791552588733,0.6738636473994549,1.1781922663514786
20260923,44,20,0.11975772874915071,0.8112696251380265,1.0748162746791303
20260923,45,20,0.1066907943730367,0.8479422308003255,0.992681862679003
20260923,46,20,0.09245514512042208,0.7913408027543586,0.9410226755244038
20260923,47,20,0.08488975733554525,0.6799127710769713,0.9151141635949798
20260923,48,20,0.08998245406543301,0.5372182133073647,0.9055219221570283
20260923,49,20,0.08027464900824054,0.3305265060372983,0.9287107922975725
20260923,50,20,0.0756742301022919,0.1278112360134074,0.9619297421585065
20260923,51,20,0.07323544270297261,-0.05512426328655398,1.000513896972559
20260923,52,20,0.06864437010995471,-0.18806663186720354,1.0383120138506665
20260923,53,20,0.05737914644607618,-0.23013713435746533,1.0666371245677893
20260923,54,20,0.03964042111084682,-0.16480984065343915,1.0789773914246379
20260923,55,20,0.056873205819941285,-0.19187936166412825,1.1010508460178505
20260923,56,20,0.0671823510889627,-0.10997485301711254,1.1107493091516045
20260923,57,20,0.071287995252683,0.04991534089641439,1.1107824113135363
20260923,58,20,0.07374068980978893,0.24443299566014928,1.1077211268399232
20260923,59,20,0.07332593225474743,0.43821037584095385,1.1065149091431956
20260923,60,20,0.06858948895877975,0.589449625159925,1.112012902531376
20260923,0,21,0.40830801624176366,-0.3923932394564049,0.5571102278105748
20260923,1,21,0.46542616009614834,-0.21021381944748546,0.8188674276006613
20260923,2,21,0.5788064646623017,0.03484738229346146,1.1989245717634223
20260923,3,21,0.7135039582303186,0.3514225836825869,1.7102150556094586
20260923,4,21,0.8366018143374009,0.6950966294141074,2.2785630103140266
20260923,5,21,0.9266395695356026,0.998770655088432,2.7825533940637497
20260923,6,21,0.9723875375192661,1.2036000325205007,3.1064114457492416
20260923,7,21,0.9861212875469908,1.284237221739001,3.1910536140309347
20260923,8,21,1.0235042151266616,1.2636619869956918,3.0623550494315754
20260923,9,21,1.0926085088290365,1.1503151999359202,2.7318506970795466
20260923,10,21,1.1799902098384403,0.9466955155785197,2.2192208141745464
20260923,11,21,1.2692099434455753,0.6659709582842694,1.58301825123234
20260923,12,21,1.3207112073412268,0.3351850201929728,0.9289572580166595
20260923,13,21,1.2852082256510673,0.005667231856398003,0.40933386937324134
20260923,14,21,1.2255456918982337,-0.27536585494082866,0.10857812709448655
20260923,15,21,1.178605545706802,-0.490402044973801,0.04374321146452509
20260923,16,21,1.1527222463476452,-0.6321959318569124,0.2053151900902328
20260923,17,21,1.1485269940273262,-0.6960589141457136,0.564349248125823
20260923,18,21,1.1501916972822308,-0.6722284485627311,1.0781077498009939
20260923,19,21,1.1175489691414782,-0.546508519431072,1.6729237715140948
20260923,20,21,1.0655678804784428,-0.33855540928835615,2.2361723474688935
20260923,21,21,1.0148688809905881,-0.07565594992386449,2.681233912892031
20260923,22,21,0.9739677339596874,0.21802507997008735,2.955139788275315
20260923,23,21,0.9460837545411341,0.5193329607260246,3.033346143746349
20260923,24,21,0.9277529088055219,0.8034593601745235,2.912890729578688
20260923,25,21,0.8981907561818168,1.0352477462700866,2.6057777263137964
20260923,26,21,0.8533025919360201,1.180659444825357,2.167808550267691
20260923,27,21,0.8144084434900408,1.2289591350641809,1.680884540869576
20260923,28,21,0.7922915588929109,1.1781761090575205,1.210792539690092
20260923,29,21,0.7874488649225683,1.0276035436445556,0.8091292681238821
20260923,30,21,0.787842435410008,0.7782949573178493,0.5244417393251555
20260923,31,21,0.7547988649071598,0.44557684006474774,0.41497832369169196
20260923,32,21,0.6888971080715737,0.08854473643956293,0.4878014482831091
20260923,33,21,0.5999837984393047,-0.22561151848057276,0.7013444625683175
20260923,34,21,0.4995477856547137,-0.4420059019859439,0.9849446886241496
20260923,35,21,0.40883056252623057,-0.5416945804078409,1.2617055620366728
20260923,36,21,0.35662003145321625,-0.5564381038836408,1.4884491668248585
20260923,37,21,0.3425345300061386,-0.5058154685678435,1.6639945764728288
20260923,38,21,0.3136730961087244,-0.3418397971548848,1.7536187659174711
20260923,39,21,0.2641531868910138,-0.09272177537892146,1.7328186016502314
20260923,40,21,0.2077385524525031,0.17466002709884815,1.6210764663676036
20260923,41,21,0.16138257312728058,0.40490330937910257,1.4659507254331334
20260923,42,21,0.1389260478118136,0.5898836210042973,1.3098140738137658
20260923,43,21,0.13242055380313703,0.7377126873759251,1.1575164801003257
20260923,44,21,0.12388360039154024,0.8164031142729783,1.0160711045473598
20260923,45,21,0.11019817237675389,0.8061880636983744,0.9086064098766234
20260923,46,21,0.09528533434215468,0.7196345797891069,0.8474169843484372
20260923,47,21,0.08525050758618878,0.588440677926124,0.8264355503492695
20260923,48,21,0.08245444158378919,0.43111608810384405,0.8354135678639962
20260923,49,21,0.07849296032206332,0.2517142834462818,0.877527480665705
20260923,50,21,0.07558637234104394,0.07649201440580614,0.9396081745538255
20260923,51,21,0.07314867016460391,-0.07240574331227173,1.0105020180587667
20260923,52,21,0.06931458071181061,-0.17008842059810442,1.07796896703304
20260923,53,21,0.062711399227259,-0.19589648124068437,1.1290913709519506
20260923,54,21,0.05665877173524595,-0.1586272163944341,1.1591046638547033
20260923,55,21,0.06203185815773162,-0.10171567103410145,1.1809819744006422
20260923,56,21,0.06765971467362951,0.01572123823370067,1.1826536573314532
20260923,57,21,0.07085361972167555,0.1834263936943517,1.1637615023817556
20260923,58,21,0.07320019920753129,0.37158388000930953,1.1328412611026564
20260923,59,21,0.0741503428857904,0.5495679997202169,1.0990655893407717
20260923,60,21,0.07342278630862581,0.6862767952839973,1.0726101683541285
20260923,0,22,0.5013103153777707,-0.34392133007974734,0.6992802829630214
20260923,1,22,0.5571796959375744,0.007145199041761641,1.002928332720994
20260923,2,22,0.6563761648781778,0.4224418200182078,1.4077096661637194
20260923,3,22,0.775573606411831,0.8714100513256533,1.8979878271798514
20260923,4,22,0.8829114800124885,1.2762343054261291,2.399838606790749
20260923,5,22,0.9582238089606012,1.5506073269009129,2.808297703561244
20260923,6,22,1.00494702420887,1.6466878630706985,3.0408412307508423
20260923,7,22,1.0453025736237431,1.5664727863385766,3.0649052162596235
20260923,8,22,1.0976261104529068,1.33471542998184,2.8799060099470193
20260923,9,22,1.16206273194585,0.9799510815809225,2.499152799408675
20260923,10,22,1.227435859745529,0.5424546666576686,1.961936209707337
20260923,11,22,1.2786647953045938,0.07980875671364557,1.3448330133758808
20260923,12,22,1.301384883779142,-0.33988179294780374,0.7550706319627246
20260923,13,22,1.2904178873449879,-0.6550745371696634,0.30373965241188516
20260923,14,22,1.257160160310152,-0.8314059221135434,0.06752448629006613
20260923,15,22,1.2184792899901298,-0.8656228604503485,0.07292409900748353
20260923,16,22,1.1866805116083414,-0.774298818093413,0.3061347571640878
20260923,17,22,1.1652404072672922,-0.5816483740963291,0.7279074061962678
20260923,18,22,1.1478670598382714,-0.3143092029610377,1.279477233325846
20260923,19,22,1.123320119443097,-0.003664663322245909,1.879756788889152
20260923,20,22,1.0884394446528545,0.3131116312429259,2.432816276223191
20260923,21,22,1.0486300528005905,0.6019562043954493,2.8537132406621373
20260923,22,22,1.0109605450268058,0.8388251696268102,3.08664816595088
20260923,23,22,0.9802094766732826,1.0097251080564393,3.1080959500036913
20260923,24,22,0.9552581133488257,1.1064161742624259,2.921241783014028
20260923,25,22,0.9274075399557061,1.1223612929676174,2.553181582470137
20260923,26,22,0.8902960062434454,1.0571833148434626,2.06231567981018
20260923,27,22,0.8508781069252717,0.9228255003145966,1.5303946826374653
20260923,28,22,0.8192151766285733,0.7360583659343829,1.0338453104462526
20260923,29,22,0.7970524690132507,0.5114603373340507,0.6333735398208574
20260923,30,22,0.7757505334956571,0.26461902866175463,0.37963345618545885
20260923,31,22,0.7395859424081362,0.01989668310262821,0.3112019305937228
20260923,32,22,0.6796649450906621,-0.18886124623145867,0.4314928208622335
20260923,33,22,0.6001045080523338,-0.3304962598655148,0.6952363639392393
20260923,34,22,0.5145191712436303,-0.3898150039886097,1.0249853446824673
20260923,35,22,0.4407989294825249,-0.37325704436163976,1.3450657122111622
20260923,36,22,0.3905450824251825,-0.29787102151789724,1.6107512188021953
20260923,37,22,0.35609294395675384,-0.16944712405088708,1.7988157903841584
20260923,38,22,0.3189675108613714,0.009264419313212091,1.8806751788557812
20260923,39,22,0.2731574193120699,0.21352017336668,1.84238416640353
20260923,40,22,0.22460452222061675,0.4063812851256178,1.705442003001861
20260923,41,22,0.18377584961501403,0.5612628582633554,1.5161160108505833
20260923,42,22,0.15788618594594403,0.6736466330064776,1.3155106103305942
20260923,43,22,0.14304747752448965,0.742602477721009,1.1219676110076344
20260923,44,22,0.12999698503425938,0.7546231879841536,0.9522370973737029
20260923,45,22,0.11509059346913462,0.7037301440167869,0.829092867617754
20260923,46,22,0.10031065333326009,0.6028344328907662,0.7641073530166691
20260923,47,22,0.08909047496279603,0.47322097065908303,0.7518704091481907
20260923,48,22,0.08265635503334305,0.33014014821414445,0.7812744963050393
20260923,49,22,0.07901999554361842,0.18418469519343383,0.8449783895100441
20260923,50,22,0.07636389373196328,0.05062904818310435,0.932980183137665
20260923,51,22,0.07379243492949032,-0.052632224332874344,1.0306635732592855
20260923,52,22,0.07096875735043279,-0.11032317475305553,1.1218754129096595
20260923,53,22,0.06807917416325528,-0.11441979900600563,1.1929628145345172
20260923,54,22,0.06634595368305601,-0.06752851161433288,1.2369844986825846
20260923,55,22,0.06698060688819626,0.023232028399105598,1.2531020529864951
20260923,56,22,0.06856922423052442,0.15377429021821956,1.239757247237223
20260923,57,22,0.07016296807261188,0.31065669694458864,1.200182000974125
20260923,58,22,0.0718304965103482,0.4731382712619915,1.1435873872243532
20260923,59,22,0.07328906973616747,0.6179368718779853,1.081943603653821
20260923,60,22,0.07408687838126027,0.7216581277345864,1.0287295242175023
20260923,0,23,0.5937218023364457,-0.17949430096927105,0.944311181852195
20260923,1,23,0.6508960362022037,0.3163738688967356,1.2458859582904802
20260923,2,23,0.7415886513505624,0.8557486114273586,1.6174883819938566
20260923,3,23,0.8541680437651675,1.3802075086922065,2.0325862029822104
20260923,4,23,0.9628587541361656,1.7946635805827702,2.4299228508018835
20260923,5,23,1.0468326146128946,2.0052339352787287,2.729008182435619
20260923,6,23,1.1049167229557055,1.9685904027909076,2.8673420935086797
20260923,7,23,1.1507693293619028,1.699387897924725,2.8190787012216987
20260923,8,23,1.1987721311554196,1.245820912713398,2.5882101537581783
20260923,9,23,1.2544326185250525,0.6702914509653126,2.1986410156190455
20260923,10,23,1.3106479538752582,0.04731157772305944,1.6951691967591935
20260923,11,23,1.3523163420096282,-0.5338191722645486,1.1504864634542211
20260923,12,23,1.3668048325471258,-0.9819059572354208,0.6589998209126802
20260923,13,23,1.350661663806715,-1.2298295456050612,0.3122442357578623
20260923,14,23,1.31126386327187,-1.2544251400567226,0.1710491790333022
20260923,15,23,1.2645757394252786,-1.0778565347508255,0.25092419373777775
20260923,16,23,1.2249831456545694,-0.7485215738358796,0.5304786385926707
20260923,17,23,1.1962919795056772,-0.3212436847069863,0.9676792610937447
20260923,18,23,1.1733343764931456,0.14725015686465592,1.5038389876251217
20260923,19,23,1.1488238233271653,0.598002607537462,2.062855777168598
20260923,20,23,1.1187299439895104,0.9760939345068743,2.559946446171466
20260923,21,23,1.0840185558286295,1.2412574750280698,2.9194791330310323
20260923,22,23,1.0493556257359398,1.3747962576703747,3.0912398144139126
20260923,23,23,1.0191927554673088,1.3780508045167572,3.0559385102504386
20260923,24,23,0.9928636016860459,1.265048667551325,2.82111341017934
20260923,25,23,0.963952991756786,1.0582295142209537,2.4194309390617486
20260923,26,23,0.9270732344730036,0.7897257878473425,1.9118479721436263
20260923,27,23,0.8856825419227201,0.498418740759787,1.378951660899867
20260923,28,23,0.8479270443470117,0.21878562299366167,0.8976445845058411
20260923,29,23,0.8159794148973007,-0.02454954189920272,0.5290924707736792
20260923,30,23,0.7829273506727827,-0.21246385118160815,0.32078730738343064
20260923,31,23,0.737861436009678,-0.32843382466124926,0.3013712022868036
20260923,32,23,0.6745545892427679,-0.36324049789410007,0.4639046765135435
20260923,33,23,0.5974399412518259,-0.32190603467216783,0.7576206989889279
20260923,34,23,0.5195960380265898,-0.2234471023566953,1.105784468942359
20260923,35,23,0.453761052812354,-0.09105134531454256,1.4386426007439288
20260923,36,23,0.403565589790364,0.05867215683855409,1.710498909151244
20260923,37,23,0.3627680073099695,0.21580626550003273,1.8903975380265134
20260923,38,23,0.32277556402160984,0.3688868489341831,1.954347821995065
20260923,39,23,0.2799492888509323,0.5021125148928453,1.8964858691107986
20260923,40,23,0.23683348760258596,0.6013125917500326,1.7391989997197128
20260923,41,23,0.19949518595870333,0.6611899987773099,1.5252761676669035
20260923,42,23,0.1719433071928551,0.6847496621251327,1.2955382445157377
20260923,43,23,0.1523082566007326,0.6741082055209675,1.07725502041817
20260923,44,23,0.1357717248643806,0.6280472061757034,0.8933384632169484
20260923,45,23,0.1196929164916474,0.5498402916104914,0.7653083809619403
20260923,46,23,0.10495311060578247,0.4505009984785704,0.7028674275050768
20260923,47,23,0.0935439133225801,0.34271459779119723,0.700574197916965
20260923,48,23,0.08596596057242033,0.23570186621507913,0.7470750272174926
20260923,49,23,0.0810570920520867,0.13756050463921132,0.831361154625225
20260923,50,23,0.07744997587909104,0.058233726144219566,0.9401686691581195
20260923,51,23,0.07448473122277532,0.007692302965844999,1.0565506014910495
20260923,52,23,0.07209419323982087,-0.007064865792214381,1.1631146545781652
20260923,53,23,0.07034323172594989,0.01698028005837754,1.2454648243955457
20260923,54,23,0.06923498802880138,0.07875897981595481,1.2938163153680367
20260923,55,23,0.06870553519406913,0.17297465047863528,1.303710203145118
20260923,56,23,0.06864454204665049,0.2900929217676805,1.2763310104592203
20260923,57,23,0.06907376849407075,0.4168827844181552,1.2185689163212463
20260923,58,23,0.06999142730724849,0.5379481897939501,1.1416596383124136
20260923,59,23,0.07109825039265805,0.6366543830732196,1.059727717072508
20260923,60,23,0.07193365740195812,0.6968277018519324,0.9886763279349121
20260923,0,24,0.6548664543631998,0.08483124970306277,1.260681446808183
20260923,1,24,0.711896466590953,0.6658808875575509,1.5077951688913223
20260923,2,24,0.8073710664241559,1.2628066421913937,1.7878339489995674
20260923,3,24,0.936034704414562,1.8094555271285473,2.0815723530719517
20260923,4,24,1.071022382684675,2.1983245784996472,2.3450807214652833
20260923,5,24,1.1816696869662389,2.3212897588712815,2.519692589773507
20260923,6,24,1.2508443808659162,2.130102507863309,2.5587162695631256
20260923,7,24,1.285779757963861,1.6610714604699321,2.4483867582337533
20260923,8,24,1.3158717381739156,1.0060083600879763,2.20678344145821
20260923,9,24,1.364777078114635,0.25925367215006534,1.8627553920004136
20260923,10,24,1.430381897040657,-0.48959976726774035,1.4508563253802758
20260923,11,24,1.488115351974337,-1.134480421206697,1.0255643941721515
20260923,12,24,1.5047638889018462,-1.5585814710439552,0.6656976911137777
20260923,13,24,1.464304175026478,-1.6816158045105953,0.45022591055745553
20260923,14,24,1.3884478786550272,-1.5081300147584957,0.41814867407880363
20260923,15,24,1.3135403295493755,-1.1078299223991515,0.5618541595306779
20260923,16,24,1.2601301277105563,-0.5626075726258212,0.8525922176746759
20260923,17,24,1.2278466563938113,0.05346353886323196,1.255129459320825
20260923,18,24,1.2050442328099493,0.6658747935116129,1.7226565770427005
20260923,19,24,1.1806857348077577,1.1966708414202756,2.1916984533188972
20260923,20,24,1.1510318558487524,1.5787664375937323,2.591586137534803
20260923,21,24,1.117250866263362,1.7715354173094169,2.860928673501001
20260923,22,24,1.0834928446029943,1.7669144974317401,2.9602641594530548
20260923,23,24,1.0543255792025992,1.585221441239919,2.8767489103701536
20260923,24,24,1.0281157961315877,1.2636393626367675,2.6200279624022373
20260923,25,24,0.9971905032822354,0.8522408742197112,2.222524637151545
20260923,26,24,0.9575650015433559,0.41369665336546757,1.7430956389136734
20260923,27,24,0.9142014635259547,0.010325911163843404,1.2554861545293088
20260923,28,24,0.8761166898377543,-0.31239675402739664,0.8272956858225443
20260923,29,24,0.8455285003393451,-0.527816514153732,0.5114775287062299
20260923,30,24,0.8109852417519806,-0.618242003986681,0.35222568770755003
20260923,31,24,0.7562773782831074,-0.5768884171345814,0.37711067203562054
20260923,32,24,0.6791441557192274,-0.4238702678531626,0.570423920053568
20260923,33,24,0.592389502944548,-0.2039068007613395,0.872176326457472
20260923,34,24,0.5124610825842401,0.0347793248475296,1.2081928850097414
20260923,35,24,0.4497750968311034,0.2584152124049812,1.5195932737468967
20260923,36,24,0.4034540004914733,0.45013556313951464,1.7685390691716485
20260923,37,24,0.3642311428064333,0.5993865179257667,1.924813538469687
20260923,38,24,0.32447358096164913,0.6965961238347662,1.9653309263300756
20260923,39,24,0.28222070327536564,0.7378564393520688,1.8876999660163616
20260923,40,24,0.23931004936706904,0.7281272909721309,1.715109203753
20260923,41,24,0.20126719573774104,0.6816041232447407,1.4902177687576121
20260923,42,24,0.17332508750154332,0.6150017761701715,1.25459558628463
20260923,43,24,0.15422207966744297,0.5371756793700411,1.0344394915093804
20260923,44,24,0.1381699168016835,0.45149184031047207,0.8518605989780701
20260923,45,24,0.12198641018802239,0.3644414479736527,0.7291336394667209
20260923,46,24,0.10687301213077927,0.28437178524349105,0.6754534338568816
20260923,47,24,0.09523335497685365,0.21611728769317945,0.683651944089886
20260923,48,24,0.0875259579338176,0.1612758806927815,0.7415348619175354
20260923,49,24,0.08223426134481443,0.12239719950907613,0.8378386338900051
20260923,50,24,0.07804800977691388,0.10312355697754291,0.9576740608165908
20260923,51,24,0.07477069989732149,0.10560477117814232,1.0824915085357452
20260923,52,24,0.07268855527046798,0.13010023036257615,1.1949372033575674
20260923,53,24,0.07171827679598809,0.17610878360376547,1.2808563198637883
20260923,54,24,0.07093479588524719,0.24206776446117378,1.3282611376020796
20260923,55,24,0.06955488109036763,0.32249654562799274,1.3303625487971664
20260923,56,24,0.06822511196721476,0.4084045713574968,1.290947402743838
20260923,57,24,0.06778812805307682,0.4909662614136039,1.220313679507364
20260923,58,24,0.06834875186509136,0.5614530998774848,1.1308592847003802
20260923,59,24,0.06947096609738489,0.6102257225761414,1.037269371953983
20260923,60,24,0.07043539170399005,0.627639554532302,0.9566715164989072
20260923,0,25,0.6633374510844159,0.38656458159558255,1.580079737701528
20260923,1,25,0.718896714223571,0.9705589537145526,1.7282909522077123
20260923,2,25,0.8337109291487776,1.5563560165783548,1.8784881665986362
20260923,3,25,1.0006776664053372,2.0800441612990888,2.0203490986797665
20260923,4,25,1.1830296471669692,2.4152756424611246,2.1259750233668813
20260923,5,25,1.3345043631069313,2.4354429113929585,2.1630273350202884
20260923,6,25,1.4140301135718572,2.088716107727784,2.1101440571124432
20260923,7,25,1.4208520845737622,1.444610802185176,1.9715634840967708
20260923,8,25,1.4214183488398164,0.6487899111381079,1.7727830441701078
20260923,9,25,1.4675141901652025,-0.19136846318494072,1.5324018870275615
20260923,10,25,1.5615637756152643,-0.9956093392818287,1.2651804241934301
20260923,11,25,1.6669721117893312,-1.654187032015201,1.0021250982490149
20260923,12,25,1.7076145772095055,-2.0143528082781232,0.802594738155301
20260923,13,25,1.621679052603577,-1.9619928464722016,0.7325555621132881
20260923,14,25,1.4754643278526094,-1.5622102160933342,0.800775584794568
20260923,15,25,1.354009118009205,-0.9572035326888245,0.9764143097089178
20260923,16,25,1.2830395795778247,-0.24973266435821984,1.2333463407651106
20260923,17,25,1.2514542633543502,0.48716720383145545,1.5518160493460413
20260923,18,25,1.2340524312554675,1.1742101459554501,1.9030466931885297
20260923,19,25,1.2088212939841516,1.7184691179643843,2.240300116542363
20260923,20,25,1.177471200118435,2.048874415776027,2.5119473625120703
20260923,21,25,1.143095878668358,2.1321492056272495,2.6752445041829973
20260923,22,25,1.1087474919184444,1.9738426744638393,2.703181836492419
20260923,23,25,1.0818210704304696,1.615320660548106,2.590056110451359
20260923,24,25,1.0602708145642226,1.1136877925926776,2.345000996657056
20260923,25,25,1.0272577688446214,0.5399952529287997,1.9929731922793046
20260923,26,25,0.9805377581819978,-0.014892701257687047,1.5860576073935118
20260923,27,25,0.9335530070718714,-0.4732650783773409,1.1853825282372872
20260923,28,25,0.9012240796559005,-0.7917147758123796,0.8404515680258695
20260923,29,25,0.8891629168071977,-0.9521251713753495,0.587496869232259
20260923,30,25,0.8712013961037185,-0.9313668502583273,0.46946490553657205
20260923,31,25,0.801791372660317,-0.7157550905553679,0.5282842288194042
20260923,32,25,0.6932516637470068,-0.3721318347453457,0.735918090861062
20260923,33,25,0.583811725333369,0.0027222006611546945,1.0182743165447432
20260923,34,25,0.4957192909909053,0.34262810550736233,1.3098630422571431
20260923,35,25,0.4363547703836924,0.6185233232837433,1.5703739437281723
20260923,36,25,0.39970089669775366,0.8217655885619654,1.7768960774857032
20260923,37,25,0.3663143610178728,0.9385849514901026,1.9003640515510969
20260923,38,25,0.32602740995835783,0.9590899165739715,1.9146328549108378
20260923,39,25,0.280968625233034,0.8952284823969213,1.820753597092569
20260923,40,25,0.23271957895292988,0.7716832287040445,1.6420387712212854
20260923,41,25,0.18794210752590457,0.6238709379671592,1.4224059682257522
20260923,42,25,0.159162699970333,0.4845974816342703,1.2056142906293137
20260923,43,25,0.14698128020992973,0.36106977432347587,1.0057291156487793
20260923,44,25,0.13648805901934663,0.2542639283318586,0.8371975356441756
20260923,45,25,0.12163455591455548,0.1760970882602558,0.7272563993917636
20260923,46,25,0.10580937625776132,0.1319590213091455,0.6859805568361499
20260923,47,25,0.09403180043313353,0.11564002340374377,0.7021886801171733
20260923,48,25,0.08753816551116446,0.11941277498722022,0.7624870634743552
20260923,49,25,0.08272795429589978,0.14243432720177723,0.8602745246025254
20260923,50,25,0.07811851876331459,0.18167577586157885,0.9802258309688726
20260923,51,25,0.07457559801537952,0.2311649618054497,1.1027104583106002
20260923,52,25,0.0732191201778408,0.28617160227121297,1.2123375033049526
20260923,53,25,0.074551009985205,0.3444355087030494,1.298193217603198
20260923,54,25,0.0755244828500297,0.403667364193399,1.3447059774851702
20260923,55,25,0.07172045027871939,0.45581635940439263,1.3359276714703445
20260923,56,25,0.06773676618423968,0.49671197431236597,1.285451687718765
20260923,57,25,0.06637691076103353,0.5267884070618167,1.2087263384236338
20260923,58,25,0.0672525450142023,0.5442619766256235,1.1157178207643426
20260923,59,25,0.06970600777966533,0.5458488425249566,1.0185535435034434
20260923,60,25,0.07186267815425879,0.526503157839302,0.9341913590836901
20260923,0,26,0.6292964235640821,0.6475342652422242,1.8348367736524438
20260923,1,26,0.687661660141799,1.1634145127407929,1.8647620187039389
20260923,2,26,0.8294379699983865,1.6839622473207925,1.873550947206667
20260923,3,26,1.037231928512456,2.1377755071608577,1.8484774501761168
20260923,4,26,1.2661548661835178,2.3843404573049685,1.7811365118543494
20260923,5,26,1.4653905696394787,2.299463351536688,1.6783056822721587
20260923,6,26,1.5713780054932927,1.8375467165098844,1.5575032744579622
20260923,7,26,1.523713848601584,1.0824171797369087,1.4437834425089913
20260923,8,26,1.4879653880252275,0.24242287056509332,1.346426133723582
20260923,9,26,1.5337766856907493,-0.5947459666863655,1.258106225466691
20260923,10,26,1.6620403352960726,-1.3717005248536358,1.1762684707483737
20260923,11,26,1.8478581068098625,-1.9946467959784457,1.109525887519677
20260923,12,26,1.9842511956620703,-2.2915055366434856,1.0866325602849187
20260923,13,26,1.7955611637925737,-2.014708513871515,1.1609893224843555
20260923,14,26,1.544648970961022,-1.4012297549767059,1.2909997625938248
20260923,15,26,1.3742325985736987,-0.6566175237826369,1.4472363733189901
20260923,16,26,1.2897293865722184,0.1325977081476527,1.6236623767913043
20260923,17,26,1.266560272385101,0.9113371298069324,1.817887874078394
20260923,18,26,1.2711943244705943,1.6076822129873545,2.01922415063386
20260923,19,26,1.22807712742934,2.093851291999423,2.1945989667973103
20260923,20,26,1.1927933546831795,2.327974576897015,2.3220605323164203
20260923,21,26,1.159003254337286,2.2856124174145678,2.378553309016678
20260923,22,26,1.1230177247752138,1.981948985982318,2.347954907680072
20260923,23,26,1.0992597294692283,1.4794204389962458,2.2299402601380205
20260923,24,26,1.0939853963672899,0.8496728231126234,2.031449195296803
20260923,25,26,1.0547766173154594,0.17274387873604444,1.7630763585591827
20260923,26,26,0.9935494926178983,-0.43040325608408003,1.4673484410031288
20260923,27,26,0.9398838538677995,-0.8817251527208719,1.1856247660636234
20260923,28,26,0.9162955686579815,-1.1547657507354536,0.9451087436249971
20260923,29,26,0.944083465285183,-1.2550823248816307,0.7600198646495938
20260923,30,26,0.9890023555622228,-1.1482491831387267,0.6648432078266538
20260923,31,26,0.8697340809979782,-0.7344815926146137,0.7513097255029433
20260923,32,26,0.7025535758946816,-0.2158805987332555,0.9469744419226106
20260923,33,26,0.565979933230206,0.26330609195523164,1.1741630544569692
20260923,34,26,0.47273500654934353,0.6512930025322732,1.3918779456183343
20260923,35,26,0.421058884288171,0.9411934368219771,1.581972220860526
20260923,36,26,0.40278515351004757,1.139485644459898,1.7369392521708855
20260923,37,26,0.373047305367507,1.2052153723317116,1.8205839460639193
20260923,38,26,0.3280422220602234,1.1339702275493524,1.8084988726028821
20260923,39,26,0.27874355904120723,0.964800787314862,1.7087412894397151
20260923,40,26,0.22300120523399694,0.7394975258043515,1.5400711329231604
20260923,41,26,0.1643962727242652,0.5134506079103855,1.341963419463824
20260923,42,26,0.12729349905891782,0.33529087556003206,1.1630388567974959
20260923,43,26,0.13365963163586453,0.18465064515141785,0.9982481330171973
20260923,44,26,0.13317914937475983,0.06651788533468755,0.851243555807814
20260923,45,26,0.12029373183444624,0.01011950301163772,0.7584417051145556
20260923,46,26,0.1037410197156143,0.0129758517388876,0.7289643999159141
20260923,47,26,0.0927360227003694,0.05155590806931121,0.7469127901741052
20260923,48,26,0.0908123414583862,0.10852523627715865,0.7980580068452672
20260923,49,26,0.08444714126245106,0.19301027906813195,0.8914228830933291
20260923,50,26,0.07794468499660652,0.28419058292797017,1.0021957410092417
20260923,51,26,0.07379912342493301,0.3697113691412025,1.1123823807784017
20260923,52,26,0.07341349100928123,0.444644765145009,1.2114167003264567
20260923,53,26,0.08117978499733061,0.511517231594711,1.2985797394729675
20260923,54,26,0.09460469483997204,0.568189383417255,1.3616087075855376
20260923,55,26,0.07670239812068151,0.5648326505265412,1.323798141475911
20260923,56,26,0.06629927534280552,0.5465724704817747,1.2617865445321013
20260923,57,26,0.06434161378536321,0.5228814136720987,1.1877881572336237
20260923,58,26,0.06636465877006995,0.4904655654263307,1.1006162715135148
20260923,59,26,0.07278491382277086,0.4500938209814018,1.0067006712362458
20260923,60,26,0.08070082739440582,0.4000319378190159,0.9185571391001157
20260923,0,27,0.6162179868976209,0.8311533583114779,2.0121956117312525
20260923,1,27,0.6797311846193416,1.244380685684514,1.922134360614661
20260923,2,27,0.8299000982239316,1.6507051381677433,1.7855368373112737
20260923,3,27,1.0460811052477241,1.9739853639023006,1.5913430183778086
20260923,4,27,1.2830715113620907,2.0882831508320265,1.3591566386005955
20260923,5,27,1.4930205074200633,1.8984241565285203,1.1378049907669783
20260923,6,27,1.6138092327578482,1.3863016258654364,0.9842105027679952
20260923,7,27,1.5442873904173393,0.6458869085008501,0.9501469078246507
20260923,8,27,1.5002939114037155,-0.12564408563473656,0.9935892699778303
20260923,9,27,1.5463236405597436,-0.8639739074792635,1.0837412441572583
20260923,10,27,1.6808746075024303,-1.51853761808231,1.2085921514535642
20260923,11,27,1.8885125650748753,-2.005860993466157,1.360797750579208
20260923,12,27,2.077858126487538,-2.176027540663926,1.5330516960324783
20260923,13,27,1.833306738118631,-1.7414952244258495,1.7038653108213369
20260923,14,27,1.548793934980391,-1.0399244470436435,1.8290417616236758
20260923,15,27,1.3672377190599103,-0.2653409495908027,1.9149358212482015
20260923,16,27,1.2809179390398766,0.5150000879968113,1.9756140314025687
20260923,17,27,1.259930810297069,1.2539818540913237,2.019895872032075
20260923,18,27,1.278099924328629,1.8867730079956102,2.0508566458002497
20260923,19,27,1.220799679509671,2.2607014703899524,2.0540625799281633
20260923,20,27,1.1966403332200284,2.3865938183864555,2.0413417755626013
20260923,21,27,1.165318443962394,2.2255896484340827,2.003280492266004
20260923,22,27,1.1265426177302047,1.8079281040905357,1.93579300270943
20260923,23,27,1.1005932863655432,1.2117348661893863,1.838904817623216
20260923,24,27,1.1039060791801039,0.5168595275343141,1.7132149010192643
20260923,25,27,1.0562369551708772,-0.18482388130057548,1.562662728648525
20260923,26,27,0.9852069539353723,-0.7627341595628668,1.4066749738553186
20260923,27,27,0.9259409553481077,-1.1511061123797113,1.261396445594317
20260923,28,27,0.9037114650507077,-1.3399653897342825,1.1367869777975141
20260923,29,27,0.9473679364063902,-1.3502876828236419,1.0370101218257577
20260923,30,27,1.0331826604985053,-1.1495316285668382,0.9822064004543518
20260923,31,27,0.8686203323089662,-0.5848125975457408,1.055303932552161
20260923,32,27,0.6712035862391671,0.02213774997706741,1.1830584171571177
20260923,33,27,0.5295940365555339,0.5294526149180002,1.3175304463813848
20260923,34,27,0.44469284085546373,0.91459474374801,1.4419445920972807
20260923,35,27,0.40607519809041553,1.189985839712226,1.5519115133196177
20260923,36,27,0.40323760366299505,1.3657719877604335,1.6450080902088062
20260923,37,27,0.3699101864042268,1.359214055531306,1.6823443393955955
20260923,38,27,0.32497249577632464,1.202852798083731,1.6545073055753563
20260923,39,27,0.27693371215951923,0.9498755160538556,1.5667291524990126
20260923,40,27,0.22082506542511074,0.6542031734516975,1.4305632393112848
20260923,41,27,0.15831410541753438,0.3866177491351974,1.2747011850846277
20260923,42,27,0.11489355107086867,0.19796716227083383,1.1373113913336699
20260923,43,27,0.13011856483379286,0.022263984071848264,1.0071301361746292
20260923,44,27,0.1323581259221958,-0.09447982957575102,0.8900166013640549
20260923,45,27,0.11987613904519444,-0.11847852920447627,0.8172233807250747
20260923,46,27,0.10321342779554493,-0.06608333104356617,0.7950515464034864
20260923,47,27,0.09263284310246396,0.025177609981899107,0.8097203122322765
20260923,48,27,0.09322441455980696,0.13295106376202687,0.8492521463972285
20260923,49,27,0.08487571504707747,0.26924199207945204,0.927846558391139
20260923,50,27,0.07704209432177127,0.3973131657020425,1.0188528699537864
20260923,51,27,0.07210690608686757,0.5036906080016637,1.1083837111815407
20260923,52,27,0.07103703550264587,0.5843837403414075,1.188446211321231
20260923,53,27,0.0793408256665221,0.6479669299287036,1.261020456880899
20260923,54,27,0.10189234425734242,0.6995092784574295,1.3267740118686413
20260923,55,27,0.07100924731680797,0.6194512269073047,1.273155216051167
20260923,56,27,0.06114812938647242,0.5513503669222243,1.2215025151597603
20260923,57,27,0.06103958341817586,0.4832733923203653,1.1620709966656078
20260923,58,27,0.06441416238947952,0.408176123015114,1.0894374492256913
20260923,59,27,0.07301081522417698,0.3293564397354193,1.008572787370769
20260923,60,27,0.08511065903759887,0.25030511508187836,0.9283450613376978
20260923,0,28,0.6626653011399736,0.9383798766478579,2.1335601998334295
20260923,1,28,0.7197990998435193,1.2212948480481722,1.9148518622196706
20260923,2,28,0.8463284719182186,1.4675120381013254,1.6315100356554488
20260923,3,28,1.0291806930454435,1.6191195126059919,1.2909617106277103
20260923,4,28,1.2268937041047654,1.590373830871357,0.9405538720401824
20260923,5,28,1.390955954846857,1.32683783663233,0.6614543186930328
20260923,6,28,1.4737668753056081,0.8442424559313684,0.5316800104731143
20260923,7,28,1.4671623593436223,0.23862986747833348,0.5807629848539253
20260923,8,28,1.457264198062506,-0.37787308638326733,0.7631337721900198
20260923,9,28,1.5034296466673986,-0.9426947664060327,1.0297310555699384
20260923,10,28,1.607731454825109,-1.3983768768525646,1.3517544537118769
20260923,11,28,1.7330486406153962,-1.6571503118692377,1.69833223850458
20260923,12,28,1.78717602128857,-1.6056515295561917,2.0170023982045535
20260923,13,28,1.6685668670685325,-1.1917534498604834,2.2349499038016556
20260923,14,28,1.4803239953417595,-0.5589717439454789,2.3271221630834966
20260923,15,28,1.3369936083105014,0.14103794944263578,2.3226203563432986
20260923,16,28,1.2612977377780126,0.8318619357215233,2.2524128863397674
20260923,17,28,1.2315859463076115,1.4565043174635823,2.1363279930205046
20260923,18,28,1.2172709734080722,1.940512222303822,1.991902611125989
20260923,19,28,1.2114228991531095,2.2171624305284094,1.8411082644714134
20260923,20,28,1.1951272159471453,2.231430538618488,1.7027248119196088
20260923,21,28,1.161189262039775,1.9739056085679612,1.5915795077835515
20260923,22,28,1.1175498489139364,1.4918877814353313,1.5134636885166564
20260923,23,28,1.0800964169651903,0.8669133959706185,1.4644002056632657
20260923,24,28,1.0548914860235314,0.1844720615086158,1.4356384812220226
20260923,25,28,1.0110035648917868,-0.45749114506451527,1.42091682014789
20260923,26,28,0.9463229954832771,-0.9510005935276208,1.412361001395812
20260923,27,28,0.8860547974855616,-1.2386778072659084,1.4025024981275171
20260923,28,28,0.8522574474099529,-1.315034641117784,1.3885145898581819
20260923,29,28,0.8521393336221027,-1.189404220916324,1.3730177096323095
20260923,30,28,0.8414068069070179,-0.8407794823491993,1.3657925457716866
20260923,31,28,0.7360107064596034,-0.2905069359471578,1.3772753579727117
20260923,32,28,0.5879028596809404,0.28038686551181097,1.4010105497143641
20260923,33,28,0.47280702207411196,0.7463030225373566,1.4277641374616246
20260923,34,28,0.406242643795362,1.0898708954726284,1.454730097244132
20260923,35,28,0.3765388549774179,1.3202767702791216,1.480899481868817
20260923,36,28,0.36425788913189094,1.4245887482242718,1.5007798585884273
20260923,37,28,0.3445771317354352,1.3677796036123988,1.5007889677239827
20260923,38,28,0.3138824893153971,1.1631582119775525,1.471102440311824
20260923,39,28,0.2748118928458318,0.8619223046678226,1.409558677098973
20260923,40,28,0.22796759037970252,0.5310760224660708,1.3213202040947307
20260923,41,28,0.18074897351676197,0.24180622725924733,1.220843154634349
20260923,42,28,0.15073820036923952,0.025276839838730913,1.1233458767115054
20260923,43,28,0.14247005892545211,-0.13604072945173445,1.030876443339493
20260923,44,28,0.13473010588212175,-0.21814301260949032,0.9509682948779966
20260923,45,28,0.12061805790204147,-0.2006355283589465,0.8983040463474914
20260923,46,28,0.10465295313856855,-0.10363572604363419,0.8780632857372337
20260923,47,28,0.09297353684465592,0.03554017496912121,0.8850836541447088
20260923,48,28,0.08717937622328621,0.19333550422902887,0.9141106755245177
20260923,49,28,0.0815941554106142,0.35774787975551575,0.9643570082705112
20260923,50,28,0.07519021726653227,0.5045377426733598,1.0268322153704805
20260923,51,28,0.06970612706143554,0.6156800133817508,1.0903613379284252
20260923,52,28,0.06622907141531356,0.6843292606346364,1.14665993395
20260923,53,28,0.06441468065828904,0.7077889183915269,1.1889657996797611
20260923,54,28,0.059252361719096626,0.6747372689318429,1.2050855442603168
20260923,55,28,0.05074810832135269,0.5962838559866028,1.1922850940773402
20260923,56,28,0.052787816678767537,0.5163945752825434,1.1735262870076426
20260923,57,28,0.057119559450232386,0.4185695066535215,1.1369651101321754
20260923,58,28,0.06139870234741879,0.31149006009152996,1.0851263751246372
20260923,59,28,0.06684188958072498,0.20925080951104547,1.0272721601511892
20260923,60,28,0.07141183492327838,0.12756984358305787,0.9760392191225095
20260923,0,29,0.68740641103199,0.9223569886155331,2.155802518926237
20260923,1,29,0.7454319312095599,1.0530290011311119,1.8297549490402734
20260923,2,29,0.8477233030850123,1.1347147968472138,1.4320800373330893
20260923,3,29,0.9866583595948666,1.1329070420118696,0.9973824472427277
20260923,4,29,1.1321916146258972,1.007478155259309,0.5956412105286328
20260923,5,29,1.250652070179236,0.7436819022029697,0.3194013327322389
20260923,6,29,1.3203758395397778,0.36865476177786605,0.24025464896833215
20260923,7,29,1.3477357132628578,-0.05708012545360025,0.37231636640132004
20260923,8,29,1.3701642762378556,-0.47058064136003785,0.6732066318681087
20260923,9,29,1.4179932435157923,-0.8226455236636266,1.0872492102723559
20260923,10,29,1.489077804527473,-1.0613070009376089,1.563320668574425
20260923,11,29,1.553119775129085,-1.1246378212929677,2.0387367755703902
20260923,12,29,1.5648022514858961,-0.9635922735239887,2.431904064325051
20260923,13,29,1.4992727608736742,-0.5858630023384994,2.667575065045064
20260923,14,29,1.3911073427512353,-0.06981084434027612,2.7236007128907445
20260923,15,29,1.2950834587725975,0.4923398324410278,2.631161546673272
20260923,16,29,1.236012779168577,1.0337028597151585,2.433487841739477
20260923,17,29,1.2085968887366367,1.4986487714894579,2.167495571579667
20260923,18,29,1.1987755103396696,1.828673647208165,1.8704886730270065
20260923,19,29,1.1951590491485644,1.970750648604323,1.5832252820022243
20260923,20,29,1.177134067856561,1.8841872601060743,1.3463153438072415
20260923,21,29,1.1398082587502207,1.5736331828333596,1.1912701187761519
20260923,22,29,1.0888604222111018,1.0895972522115382,1.12929220044998
20260923,23,29,1.036922483949388,0.5106390379068595,1.1503069439222877
20260923,24,29,0.9907920489532067,-0.08059121624947468,1.232415812321691
20260923,25,29,0.9404213501405093,-0.599958222770481,1.3508799409296917
20260923,26,29,0.8810759328749046,-0.9680543858582241,1.4768666354991757
20260923,27,29,0.8219563967212232,-1.1393104773829381,1.583878599105039
20260923,28,29,0.7740891159610508,-1.1075212244543717,1.6560763882899272
20260923,29,29,0.7366282290726687,-0.8848904672011123,1.6878650590990631
20260923,30,29,0.686351457637575,-0.4912909199146258,1.6782333186369296
20260923,31,29,0.5996188564853183,0.007039344551170779,1.6316156910503918
20260923,32,29,0.4954063038138503,0.49084926939093776,1.5640702403619995
20260923,33,29,0.41142704957357584,0.8780914123427133,1.4946395041078866
20260923,34,29,0.3619258206026158,1.1549954025297016,1.4336521505951316
20260923,35,29,0.339810967028737,1.3237878178838052,1.3836498937495771
20260923,36,29,0.33080674246092084,1.3692933064583834,1.343953754796336
20260923,37,29,0.3203212807254012,1.2711975268642828,1.3119998574859093
20260923,38,29,0.3005825223097349,1.0388935235412773,1.2833306033966958
20260923,39,29,0.2704595325721577,0.7197662879435462,1.2526528339836773
20260923,40,29,0.23294050947453265,0.3829617096414162,1.2161453861367038
20260923,41,29,0.1959014140387913,0.09298599754924647,1.1733252371528735
20260923,42,29,0.16824723702860303,-0.11943843205363691,1.126245184428032
20260923,43,29,0.1505555930842417,-0.24920243981495405,1.07763052483957
20260923,44,29,0.1360470554318088,-0.28632676910184396,1.0320334045849928
20260923,45,29,0.12078902056964956,-0.22832605354725788,0.9956841517821082
20260923,46,29,0.10596519229081523,-0.09676518187649502,0.9731140960437918
20260923,47,29,0.09427452389525241,0.07524582125651602,0.9655385921018913
20260923,48,29,0.08623830090228064,0.26152612112144247,0.9726635375290571
20260923,49,29,0.07979087748070142,0.44125606402568557,0.993610780175885
20260923,50,29,0.07347147089418646,0.5913364443618156,1.024868566647192
20260923,51,29,0.06760780488915949,0.6939450496663953,1.0606203686597258
20260923,52,29,0.06264214737430382,0.7413329972760879,1.0949066619249506
20260923,53,29,0.05745193645404556,0.7298147000340424,1.1215441243799054
20260923,54,29,0.04845430306593732,0.6559802648578626,1.132448971306945
20260923,55,29,0.03791304931346246,0.5474503619237014,1.1276113151768694
20260923,56,29,0.04725001081655009,0.46136116758671425,1.1312229785994665
20260923,57,29,0.0547587822188087,0.3409948509386462,1.1169427588214156
20260923,58,29,0.059367350728254706,0.2134184707998471,1.0887738278039198
20260923,59,29,0.06335593130468546,0.10243710085424393,1.0553281206313774
20260923,60,29,0.06633789716689914,0.027061706332886182,1.0258549621085642
20260923,0,30,0.6662216919938859,0.7750303283307972,2.072867396900531
20260923,1,30,0.7230849470631852,0.7523862473561171,1.6822228966469297
20260923,2,30,0.812306115868203,0.6965621323071309,1.2265530284645971
20260923,3,30,0.9237592023103973,0.595234706927398,0.7578649390651058
20260923,4,30,1.0320764116492553,0.44058073494414346,0.3611210957069695
20260923,5,30,1.1163101035867018,0.2398984746548626,0.1284979923716283
20260923,6,30,1.1737160638034656,0.014393541404866705,0.11467009994286892
20260923,7,30,1.2163959217956337,-0.2090237598811655,0.3209294343816811
20260923,8,30,1.260623150605943,-0.4034490216759974,0.7095666793997316
20260923,9,30,1.3145172921212078,-0.5411273622234912,1.224464673095175
20260923,10,30,1.3701763568869854,-0.5905513518222691,1.7963697353561403
20260923,11,30,1.4086238936538082,-0.522767134489448,2.3385617355842268
20260923,12,30,1.4126058341049261,-0.32665272400878753,2.7581583814155453
20260923,13,30,1.3767921559396552,-0.020094492126873087,2.9847906707177057
20260923,14,30,1.3137380626577342,0.35265925678170473,2.9966112503407727
20260923,15,30,1.2488575555404995,0.7384177874402034,2.821725065818045
20260923,16,30,1.2021236152352277,1.090878688250577,2.512033361588861
20260923,17,30,1.1771893278500751,1.3695659048025945,2.121280528154645
20260923,18,30,1.1665779469681155,1.5347207003061292,1.7039057842478467
20260923,19,30,1.1575460105931081,1.5507869373766066,1.3177057660834715
20260923,20,30,1.1356039890926062,1.3980246072112188,1.0196867314217721
20260923,21,30,1.092833796553575,1.0882009909618375,0.8524718241765322
20260923,22,30,1.0313233544496883,0.6678187509419299,0.8295534888238235
20260923,23,30,0.9635450768784528,0.2044490046205897,0.9313856473289971
20260923,24,30,0.902775819054224,-0.2357564431602539,1.118519934112891
20260923,25,30,0.8501176105258023,-0.5957447227721395,1.3487045049826043
20260923,26,30,0.798123144018422,-0.8245465082283681,1.5801602170739653
20260923,27,30,0.7428744610041033,-0.8878941190615497,1.7731850890390581
20260923,28,30,0.6871098811746278,-0.78137149836797,1.8990590348001022
20260923,29,30,0.6326882481288284,-0.526595701610182,1.9450494974600943
20260923,30,30,0.5738369603860431,-0.16299355593158682,1.9112371580963776
20260923,31,30,0.5034639955118292,0.24739932343336585,1.810191921538058
20260923,32,30,0.4279773061699244,0.6271975749427339,1.669827563882154
20260923,33,30,0.3659355792675785,0.9235536972199753,1.522817938685511
20260923,34,30,0.3282737892886579,1.1250915686271759,1.3891685529494229
20260923,35,30,0.31319059329587806,1.2323629040987294,1.2762783300366025
20260923,36,30,0.31049910031676725,1.232003846233901,1.1886902133910968
20260923,37,30,0.3040694135279452,1.102544897570889,1.132747343759474
20260923,38,30,0.2883822695116653,0.8592282321604366,1.1093552441757577
20260923,39,30,0.2622637363831457,0.5490422867036128,1.1115188116589323
20260923,40,30,0.22839103752702847,0.23667424612782945,1.1265671464137235
20260923,41,30,0.19418238036263857,-0.020695159652479145,1.141095330233758
20260923,42,30,0.16689312665428793,-0.19635583606837914,1.1466647301493984
20260923,43,30,0.1476248070713444,-0.2854985659387995,1.1407902157238745
20260923,44,30,0.13252372569992218,-0.28523317410008664,1.124114497313792
20260923,45,30,0.11832334823259685,-0.19914211192113196,1.0993467009807056
20260923,46,30,0.1049896582526793,-0.048125013509791814,1.071237135886879
20260923,47,30,0.09401696923693616,0.1373758891820164,1.0450695382070772
20260923,48,30,0.08572808428185666,0.330523884219478,1.025109926325199
20260923,49,30,0.07892928449655784,0.5081179022096373,1.0142521533955275
20260923,50,30,0.07252037034730635,0.6475980616026478,1.0136743427037813
20260923,51,30,0.06651072906661165,0.7327124456918679,1.0224101745390788
20260923,52,30,0.061285964387392956,0.7577631645926851,1.0378087408369083
20260923,53,30,0.056466509401940604,0.7238741088346039,1.0562481135816677
20260923,54,30,0.05093162324247445,0.6377940929811068,1.0734751566503309
20260923,55,30,0.04682005640214153,0.5227721881549677,1.0871308275550693
20260923,56,30,0.050362369525224805,0.39851736507528546,1.098739233798522
20260923,57,30,0.0552074747166831,0.25818080425159984,1.103440308345307
20260923,58,30,0.05928918804216521,0.12178435503982515,1.10000384458118
20260923,59,30,0.06308610652516267,0.011573204843798979,1.090813821078048
20260923,60,30,0.06608803885860058,-0.05285026006264826,1.0803724352358917
20260923,0,31,0.6019591553283857,0.5338932606067943,1.9145201398789473
20260923,1,31,0.6565717766501562,0.386662912981852,1.5137501255577654
20260923,2,31,0.7478902965079204,0.23426026644466658,1.0578114673841046
20260923,3,31,0.855889787975569,0.08414288925635421,0.6020852421577718
20260923,4,31,0.9500366312907554,-0.04745369371270558,0.24304894568527868
20260923,5,31,1.013678918647805,-0.1449314902362394,0.072283873951003
20260923,6,31,1.0561358782308186,-0.20296949250177387,0.1274179295080824
20260923,7,31,1.0996404671678717,-0.22450799008282085,0.39384302592261067
20260923,8,31,1.155449037456368,-0.21097602960512185,0.835679060978289
20260923,9,31,1.2198880091458144,-0.15896186890356134,1.4013060434944766
20260923,10,31,1.2795976613702504,-0.06325941434668064,2.014652738219685
20260923,11,31,1.3186174004404885,0.07777495368573478,2.5773261185979046
20260923,12,31,1.327696743379637,0.2577017695512717,2.991032081303726
20260923,13,31,1.3050954630947487,0.46139798041251184,3.186566005558702
20260923,14,31,1.2572587495552021,0.6671352026421371,3.14323011276197
20260923,15,31,1.2013410793837926,0.8521734661016457,2.892126736045684
20260923,16,31,1.154549130216263,0.9971794192717951,2.4941233489807084
20260923,17,31,1.123564849901368,1.084618475095017,2.0160894821715214
20260923,18,31,1.1066949749136807,1.0975820258310165,1.5246811794187076
20260923,19,31,1.0941501276494876,1.0211767244058223,1.0865366301956647
20260923,20,31,1.0686589671108162,0.8488477674490597,0.7674416207560374
20260923,21,31,1.0177170660725483,0.5943618949723223,0.6174140744656087
20260923,22,31,0.9408199692625575,0.29440794970068396,0.6491548494059733
20260923,23,31,0.8541828220433341,-0.003262237732750084,0.8290601050211811
20260923,24,31,0.7853374395832913,-0.26184028104438695,1.0958535016637438
20260923,25,31,0.7436499622040208,-0.4583909793168751,1.398553764682227
20260923,26,31,0.7085299806868085,-0.5620265575698384,1.6968138715674528
20260923,27,31,0.6621534881817801,-0.5447807407856006,1.9415436156073398
20260923,28,31,0.6051483963112673,-0.40663746500856746,2.0913643892691343
20260923,29,31,0.5476084963049315,-0.1747329835394003,2.131636672082858
20260923,30,31,0.4961897188893648,0.11334543081952006,2.0710542917393044
20260923,31,31,0.4452694920208263,0.41748714328411096,1.9276131764988933
20260923,32,31,0.3900586158481487,0.6896168181605705,1.731174952631447
20260923,33,31,0.3424077215153326,0.8939484875890393,1.5227596937470638
20260923,34,31,0.3130263713065161,1.021882284140734,1.330572617591908
20260923,35,31,0.30262084182343607,1.072287960188758,1.1670881628234644
20260923,36,31,0.30052899200363414,1.0302670522880306,1.043358206512186
20260923,37,31,0.29119964162571826,0.8813777821971532,0.9748451889930458
20260923,38,31,0.2753921247285482,0.6505041115716395,0.9629274350658467
20260923,39,31,0.24936184940879583,0.3780643034045274,0.9991694895617066
20260923,40,31,0.21325574949634798,0.12101801703183834,1.0631347664498283
20260923,41,31,0.17540499410018903,-0.07149317579994885,1.128400697529905
20260923,42,31,0.1475306811714307,-0.187800992531017,1.1771387639291127
20260923,43,31,0.13281197143479012,-0.23904387447168685,1.2056827287779412
20260923,44,31,0.12331016054992103,-0.21913955330773915,1.2126886122762626
20260923,45,31,0.11282146824840304,-0.12348803902216399,1.196397744585588
20260923,46,31,0.10137895432547742,0.028760677622945985,1.161012455588256
20260923,47,31,0.09148312500950187,0.20737759074412115,1.11542720021373
20260923,48,31,0.08428450161380727,0.3873012440344242,1.0682297704229848
20260923,49,31,0.07843690102833754,0.5476173160517126,1.0262105703608908
20260923,50,31,0.07238192457332873,0.6663454218313372,0.9953259354427472
20260923,51,31,0.06629164711882639,0.7285674450717702,0.9793447714518556
20260923,52,31,0.06104723045055986,0.7318581817559002,0.9785875214828986
20260923,53,31,0.05700276143288345,0.6816097912404964,0.9908862403503113
20260923,54,31,0.05419510412048637,0.5877931694909808,1.0127002061059596
20260923,55,31,0.05308474730694946,0.46406708582903156,1.0398929263623145
20260923,56,31,0.054262057258851096,0.323243657167899,1.0687033627111076
20260923,57,31,0.05705020219191966,0.17746674141374008,1.095662136364247
20260923,58,31,0.06100480009942578,0.043378614283999584,1.1175913977689744
20260923,59,31,0.06577157027668996,-0.06005265843438573,1.1324086056101048
20260923,60,31,0.069623517485933,-0.11072450728700584,1.1397045088855995
20260923,0,32,0.5228364660718767,0.26100258891481654,1.731349143276932
20260923,1,32,0.5749607693026063,0.032645141032295766,1.3660027561144907
20260923,2,32,0.6783648939705096,-0.1807040126181445,0.9510886076028436
20260923,3,32,0.7991684915277852,-0.3484662481708364,0.5381501604566223
20260923,4,32,0.8978249377921729,-0.429788394799519,0.23148928474248098
20260923,5,32,0.9548812576447913,-0.4072900321534826,0.12292907119730745
20260923,6,32,0.9818342770952164,-0.2971788755860769,0.23990979337932505
20260923,7,32,1.0157012957670357,-0.1334785523896726,0.5489347767460744
20260923,8,32,1.0728234264035168,0.05974924959253683,1.0115524611861593
20260923,9,32,1.1480517162110375,0.26511597041282026,1.5832407438244132
20260923,10,32,1.2271095507667744,0.4641818637542591,2.1939494390848284
20260923,11,32,1.290753690013822,0.6370493055420063,2.747084259330739
20260923,12,32,1.3169275692715339,0.7653930473791282,3.136983825639364
20260923,13,32,1.2868902143147638,0.8365954282117278,3.280763370616363
20260923,14,32,1.2242398137441153,0.8542911480435409,3.170959221297511
20260923,15,32,1.1562442952724648,0.8300973329242107,2.854875348925763
20260923,16,32,1.0966845962430627,0.7741222550786435,2.4003912960608575
20260923,17,32,1.0490848051854296,0.6923336224767338,1.880902503299131
20260923,18,32,1.0205727396096964,0.5887797130008039,1.3682682262935624
20260923,19,32,1.0127483255649739,0.4641847237610011,0.9232188917377998
20260923,20,32,0.9880436734909359,0.3182532005449739,0.6159669510404906
20260923,21,32,0.9267990190579772,0.16326386237945076,0.5039943601602086
20260923,22,32,0.830564365757471,0.019837184198775337,0.5951906426595923
20260923,23,32,0.7207056283084804,-0.09284642796130493,0.8390695472541139
20260923,24,32,0.6477743293773649,-0.1744740203360181,1.1482066457101923
20260923,25,32,0.6358852473866786,-0.23263929163889796,1.4761168161574103
20260923,26,32,0.6274717083908781,-0.23878238371841687,1.8044381606013626
20260923,27,32,0.5927899429713909,-0.17256429162999087,2.0714180671857214
20260923,28,32,0.5380435885081192,-0.04124304843689386,2.2232356695182616
20260923,29,32,0.4828195478162932,0.1316938335870947,2.2480573835295283
20260923,30,32,0.4448341400335335,0.3235758682134479,2.1673031624616987
20260923,31,32,0.41430447593627373,0.5166630825194007,1.9966158101019298
20260923,32,32,0.3725048940956995,0.6801967861349395,1.7580596777302326
20260923,33,32,0.33293451654048134,0.7922069757673047,1.502483444346174
20260923,34,32,0.3082089726324882,0.849097654010899,1.265654836482559
20260923,35,32,0.29578013689884974,0.8454292927875633,1.0665782476610346
20260923,36,32,0.2800873007693182,0.7665098694889639,0.9285056583586063
20260923,37,32,0.26952295330506365,0.6273648053229113,0.8574556310567765
20260923,38,32,0.25822060935526353,0.43995039528598434,0.8565007881565354
20260923,39,32,0.23234612936025914,0.23185502421280457,0.9232807814158679
20260923,40,32,0.19015205635083726,0.05370231432942052,1.0295021984736479
20260923,41,32,0.1408230877736836,-0.050900434963530916,1.1326361387968777
20260923,42,32,0.10798766948869915,-0.09301452075694283,1.2036561589237338
20260923,43,32,0.1073267266447061,-0.12710809543240398,1.2553067176891926
20260923,44,32,0.11075848444885567,-0.11099487983880524,1.2848696910059243
20260923,45,32,0.10611197492879917,-0.022738453345135412,1.276792777955176
20260923,46,32,0.09662795461015596,0.11415357722730746,1.2341266711251235
20260923,47,32,0.0876416364477349,0.26862793013734554,1.1708050101705718
20260923,48,32,0.08231426822805221,0.42008102303026046,1.100088292769752
20260923,49,32,0.07836556734757474,0.5524324403743315,1.0306687544754758
20260923,50,32,0.07286719164187754,0.6436148057072546,0.9728996375346214
20260923,51,32,0.06646071759308825,0.6803459817887623,0.9357949021966885
20260923,52,32,0.060518905746912766,0.662874819402451,0.9224438786627869
20260923,53,32,0.05537140106943111,0.5980623386288294,0.9315473523046232
20260923,54,32,0.052270571396402336,0.5000474772342673,0.9579909178431973
20260923,55,32,0.053545796923681006,0.38149407480887243,0.9958070280653064
20260923,56,32,0.0557641588919625,0.24578307389274018,1.042686541030752
20260923,57,32,0.05872991025756533,0.10901504656463526,1.0924412879481424
20260923,58,32,0.06389488471676892,-0.0141972810001732,1.1393331500686357
20260923,59,32,0.07169639986403754,-0.10913275752894763,1.1785382276981926
20260923,60,32,0.07784807976014615,-0.1465837994544122,1.2034561328168252
20260923,0,33,0.45657606494412073,0.00440428819756955,1.5634575700698414
20260923,1,33,0.514103770912501,-0.26836812534930243,1.2596784952573852
20260923,2,33,0.6275061359754169,-0.5145695376876527,0.9095786421608931
20260923,3,33,0.7578595383465195,-0.6758977172704682,0.5646248958178867
20260923,4,33,0.8664483393708886,-0.6938502320989929,0.3225068951648524
20260923,5,33,0.9310719374863528,-0.5540099230117209,0.26640097313669053
20260923,6,33,0.9496002482826722,-0.29074417205028713,0.4248407211619498
20260923,7,33,0.9683893014078986,0.029995023242441188,0.7529835546723763
20260923,8,33,1.0149415109693514,0.3638724624307639,1.205785514295173
20260923,9,33,1.09265671233691,0.6796079556129488,1.7438431521521858
20260923,10,33,1.1941826902311032,0.9449283141931702,2.31228812872417
20260923,11,33,1.3042755470484122,1.1256766977887014,2.8319420768774233
20260923,12,33,1.3846151001021985,1.18819745941353,3.1985786791499193
20260923,13,33,1.3046895588914131,1.0905823337183524,3.263028316457838
20260923,14,33,1.2019609859049314,0.908077472789937,3.0857527714288517
20260923,15,33,1.1138891831443736,0.6885630189322612,2.7308325836915275
20260923,16,33,1.0424038338874366,0.4638763643683814,2.2613923940981167
20260923,17,33,0.9826871036911129,0.2577610827785645,1.7467162614503013
20260923,18,33,0.9421624850576912,0.0859069131728207,1.2562776462664644
20260923,19,33,0.9485041593670287,-0.05007414686111361,0.8339509670280274
20260923,20,33,0.9167626656195671,-0.13509008547935852,0.5642529327849224
20260923,21,33,0.8419297907810398,-0.16399193747296958,0.5002371290001186
20260923,22,33,0.7341531647764739,-0.1434803345230553,0.6368630884513502
20260923,23,33,0.6104896956615151,-0.08783404549243029,0.9162760480366017
20260923,24,33,0.5245981278753453,-0.023558068296445356,1.2393593226272301
20260923,25,33,0.5582549578478635,0.023850035925842367,1.556967568028606
20260923,26,33,0.5688893552363281,0.0941944105433764,1.8900419774965869
20260923,27,33,0.541558586052519,0.18297077194228908,2.156258697620319
20260923,28,33,0.4920176829070013,0.278756912079226,2.2978096585533185
20260923,29,33,0.44301898294387465,0.3728035843724141,2.3069244964859275
20260923,30,33,0.4189415750184976,0.463801444149857,2.2142570880902728
20260923,31,33,0.40223719013874076,0.5460199067198539,2.0253372184488505
20260923,32,33,0.36447305672181246,0.5997502529377008,1.7557867135150975
20260923,33,33,0.32685462565619194,0.6215210741655416,1.469035694896794
20260923,34,33,0.2975344508880624,0.6107764293766283,1.2066144917310746
20260923,35,33,0.26064739214890836,0.557947756640508,1.004591369979119
20260923,36,33,0.1905729896185562,0.4571867676385623,0.9175483405546248
20260923,37,33,0.2317092598875953,0.3777275915028807,0.8015367834085865
20260923,38,33,0.23870075215839817,0.2542644900575054,0.7949984051628016
20260923,39,33,0.2149207391654649,0.12564502382568282,0.8831598311431041
20260923,40,33,0.16808344606214728,0.03299330915217222,1.0196188235925459
20260923,41,33,0.10167005516678512,0.017059764600212968,1.1455763199634228
20260923,42,33,0.04142274223110289,0.08280339894972957,1.2000876869348758
20260923,43,33,0.07924477192280277,0.005910181304652096,1.2798248179799425
20260923,44,33,0.10048216156120754,0.007637087475921733,1.3374125988884504
20260923,45,33,0.10095115951353203,0.08133017551652799,1.337346741724875
20260923,46,33,0.09309969741093868,0.19066314992747663,1.2885168463963552
20260923,47,33,0.08469121024210985,0.3089202683171818,1.2105073313923231
20260923,48,33,0.0813798933753506,0.4227331194411382,1.1215645349503462
20260923,49,33,0.07891078044970769,0.5194944606904225,1.029880435201001
20260923,50,33,0.07358735129990121,0.5788429782520685,0.9501822252392803
20260923,51,33,0.06677041970689757,0.5915384783658776,0.8964601548752339
20260923,52,33,0.05956931861574026,0.5585770705905787,0.8748735877139736
20260923,53,33,0.04990475889204276,0.48287031982875717,0.8882151153833857
20260923,54,33,0.03718953911951869,0.38206519275965534,0.9309741502062702
20260923,55,33,0.04896287388948347,0.2945602572604488,0.9635252790811136
20260923,56,33,0.05540793607020741,0.17799461163000027,1.0226598943552303
20260923,57,33,0.05938530135392926,0.0618521768322606,1.0920500905180548
20260923,58,33,0.06613726180261054,-0.04149572871957946,1.1612740819828413
20260923,59,33,0.07882780507943796,-0.1251345248468354,1.2252045993279892
20260923,60,33,0.09184338990758385,-0.1570461268993975,1.2712636711938332
20260923,0,34,0.4656036620457962,-0.24091142534198215,1.4299737719626315
20260923,1,34,0.5099816633837522,-0.5277618183780656,1.1915165186684942
20260923,2,34,0.6052739901695213,-0.7616184582356393,0.9280354354138439
20260923,3,34,0.7232771943062284,-0.8803888935986053,0.6792471165166432
20260923,4,34,0.8295956948219664,-0.8231641437828088,0.5184803256520099
20260923,5,34,0.9028018672693774,-0.5815803464644029,0.5085941509448841
20260923,6,34,0.934323326196846,-0.20238601291433797,0.6737608745072661
20260923,7,34,0.9399838985539009,0.23337365427629245,0.9874493177988434
20260923,8,34,0.9678289412205472,0.657081844297464,1.3952792286763258
20260923,9,34,1.0352932405124404,1.030488162276316,1.8608614863899489
20260923,10,34,1.1387907710323335,1.3159107532285916,2.3439911900320425
20260923,11,34,1.257671776523502,1.4664977069745568,2.779807810760878
20260923,12,34,1.3345508996943303,1.4307744663083468,3.067920489520401
20260923,13,34,1.2620498355127845,1.1812031696591216,3.0871972284355875
20260923,14,34,1.1551589739086203,0.8308143837447997,2.889479926279172
20260923,15,34,1.064576889332219,0.4585559116531573,2.542549651958952
20260923,16,34,0.9974814795417255,0.11281535316757624,2.1047326360892504
20260923,17,34,0.9527282239811636,-0.17323635797919104,1.6335813373118913
20260923,18,34,0.9302984045762462,-0.37904596005485536,1.1847493480858577
20260923,19,34,0.9095060850567844,-0.48692456347208624,0.8182989180246727
20260923,20,34,0.8547411892113982,-0.4806790047207924,0.6076249405458205
20260923,21,34,0.7707430684555171,-0.3771321212620652,0.5861678633141967
20260923,22,34,0.6728751082530847,-0.21368957020612736,0.7356049466363479
20260923,23,34,0.5809422328703598,-0.03234616106298574,0.9989237604644712
20260923,24,34,0.5280912324430155,0.1346510935659849,1.3062773228772508
20260923,25,34,0.5348965889981262,0.28186043190366217,1.6284011283747704
20260923,26,34,0.5318088607394198,0.40669980187764293,1.9464325775811577
20260923,27,34,0.5047343940981684,0.49309224378891237,2.192371769117485
20260923,28,34,0.46406353706073966,0.5366063598123056,2.318772762720198
20260923,29,34,0.4285625180247979,0.5464214035213811,2.3209987149092477
20260923,30,34,0.41222749369656747,0.5358606714076066,2.218976538414085
20260923,31,34,0.3912371526828183,0.504033668929732,2.0108102079016006
20260923,32,34,0.35539707903832113,0.45469570902512174,1.7284975998735814
20260923,33,34,0.319417737694742,0.3988047042814086,1.4311433604456654
20260923,34,34,0.2869653916319266,0.340891446284966,1.1623618008535237
20260923,35,34,0.24677161717098184,0.28171378159924526,0.9623465486200822
20260923,36,34,0.2016381870512037,0.22616035856984368,0.8574990333242327
20260923,37,34,0.2213165842483637,0.16780825381857106,0.7646003380239019
20260923,38,34,0.22469517823536425,0.10807198309246777,0.7697577033890283
20260923,39,34,0.20147254055059427,0.062276970445119206,0.8713266885063393
20260923,40,34,0.1588527001892106,0.043441048555306866,1.0205398858992307
20260923,41,34,0.10387604699223156,0.06128485125419017,1.1565918158955102
20260923,42,34,0.06123750091802888,0.10026026521876147,1.2316731524084856
20260923,43,34,0.08286579869235752,0.09259077346145664,1.3162969789495556
20260923,44,34,0.09847053437841377,0.1171960633812055,1.377923617417557
20260923,45,34,0.09889800095027051,0.17501388982513005,1.379261718025333
20260923,46,34,0.09229503338008099,0.24827129976106993,1.3261159220839414
20260923,47,34,0.08489313110685923,0.32313934472502925,1.2379721185269976
20260923,48,34,0.08144294588729403,0.39269903689362107,1.134549472845508
20260923,49,34,0.07898385157363501,0.4480386943977997,1.026673056156243
20260923,50,34,0.07405186919777584,0.47582361908883375,0.9312306446365095
20260923,51,34,0.0673665740621041,0.4703591241126682,0.8652428104570189
20260923,52,34,0.06006157967713607,0.43343158178684726,0.8371002707232148
20260923,53,34,0.051136302954394364,0.3699282384947239,0.8495086813115396
20260923,54,34,0.0424796399092228,0.29438266764095256,0.8927631948182375
20260923,55,34,0.04973389783533165,0.21631039655707995,0.936958896799764
20260923,56,34,0.055116968394045104,0.12568407223259115,1.0079776228005732
20260923,57,34,0.05871661024581819,0.04029149763254622,1.0922170898707897
20260923,58,34,0.06501352218109178,-0.03190802263237849,1.177531767470427
20260923,59,34,0.07648150069294167,-0.0843079489929622,1.2571669988572651
20260923,60,34,0.086857779005965,-0.08997803409559299,1.3143169004656112
20260923,0,35,0.48511139649309987,-0.4470828716650779,1.3221199293080437
20260923,1,35,0.5198167463239614,-0.717379518306141,1.1699278641447886
20260923,2,35,0.5885340664569152,-0.900089091814232,1.0119957765194816
20260923,3,35,0.6798652293542137,-0.948451890992699,0.8742036342468084
20260923,4,35,0.7685819077157966,-0.8147987763249708,0.8010894049603626
20260923,5,35,0.8349816894533081,-0.49855189169358505,0.8324120892595857
20260923,6,35,0.8704280118213362,-0.0538292049192762,0.9834170082900137
20260923,7,35,0.8845365588528871,0.43341064820229747,1.23745203126396
20260923,8,35,0.9076241596304263,0.8882212747939512,1.5591887938265852
20260923,9,35,0.9601565693146734,1.2633812685022165,1.9175090590634485
20260923,10,35,1.0410049683412959,1.515245719258775,2.2788550285592675
20260923,11,35,1.1255839764563011,1.5904274019878062,2.5897483084488577
20260923,12,35,1.1673506131677822,1.4457625400271914,2.775100708615648
20260923,13,35,1.135093578962814,1.1003090067560442,2.7772763839875365
20260923,14,35,1.0634615658128812,0.6489628002834477,2.6081926295647766
20260923,15,35,0.99318806674753,0.18505567922357946,2.3160320922757354
20260923,16,35,0.9408736929483905,-0.22878776369040124,1.9501456349132698
20260923,17,35,0.9081038255568974,-0.5511818774399168,1.557101919664958
20260923,18,35,0.8840435519870478,-0.7501156164688814,1.1862216754767871
20260923,19,35,0.8461294149592413,-0.7984384376988954,0.8972478861307288
20260923,20,35,0.7831333571995923,-0.6953788193447419,0.7446310234419752
20260923,21,35,0.7036587376982022,-0.47877843648381146,0.7473863435466795
20260923,22,35,0.6254941667645337,-0.20642039982646057,0.8837208766912359
20260923,23,35,0.5659397352856337,0.07032136629377722,1.1099781100860548
20260923,24,35,0.5326193580470768,0.3212268535996089,1.386788533971754
20260923,25,35,0.516487089549175,0.5284457953280008,1.6848033976910313
20260923,26,35,0.49889309308132646,0.670743060418206,1.9643623536957524
20260923,27,35,0.4713732206621556,0.7321093565507439,2.1746138048362638
20260923,28,35,0.43867368622475295,0.7159780349062312,2.279886669433419
20260923,29,35,0.41125602711905784,0.642135011625506,2.2732559606253835
20260923,30,35,0.3915669272335327,0.5307509112637951,2.161528659764585
20260923,31,35,0.3687302810607204,0.3976634092900243,1.9539597707668874
20260923,32,35,0.3388972376788353,0.2645496940237447,1.6833308120276824
20260923,33,35,0.3082909543616151,0.1511101906018467,1.3975853430073872
20260923,34,35,0.28009949934852063,0.06730775695737562,1.1379398508507883
20260923,35,35,0.2537746846264577,0.01605945048692317,0.9361954810453841
20260923,36,35,0.2341519630260524,-0.007171629029449761,0.8071382001361757
20260923,37,35,0.22613111183177811,-0.011085326894684416,0.7491856767968905
20260923,38,35,0.21504041106788954,0.004794974536633773,0.7759367958054495
20260923,39,35,0.19155403008850075,0.03817415752673675,0.8816808203619674
20260923,40,35,0.15825844429364883,0.08062836419191723,1.0281119601156627
20260923,41,35,0.12460640011212815,0.12261011232636787,1.1674454372910472
20260923,42,35,0.10372032523297128,0.15754820467330452,1.2741148199571637
20260923,43,35,0.10058346405548664,0.18740402131657394,1.356023420117152
20260923,44,35,0.10161260502576511,0.21847753105408269,1.4049388832027672
20260923,45,35,0.09917284440534738,0.2508025510034669,1.4023931952973117
20260923,46,35,0.09351408618757326,0.2817644527946324,1.3475240943890539
20260923,47,35,0.08732837105929639,0.3090958404460833,1.25456835794714
20260923,48,35,0.08294995369533908,0.3312408245262024,1.1416138172681423
20260923,49,35,0.07942911169063543,0.3446302928112307,1.023856928968753
20260923,50,35,0.07459006100517106,0.34404225126948085,0.9190960096142371
20260923,51,35,0.06835318911280398,0.327149037086188,0.8449290016642037
20260923,52,35,0.0619678001352455,0.2954416767627781,0.81043630593265
20260923,53,35,0.05645308098271681,0.25238308695155426,0.8155582602797874
20260923,54,35,0.053297902890558274,0.20213077731446885,0.8528992652939932
20260923,55,35,0.05375994471455271,0.1469693122200546,0.9143313578705162
20260923,56,35,0.05523962266644224,0.09115692116984031,0.9969970087095793
20260923,57,35,0.057217396640199515,0.04215406002442901,1.0907967278645654
20260923,58,35,0.06130009844461845,0.005310927636952512,1.1846810429984975
20260923,59,35,0.06790236639384989,-0.01264305188435419,1.269045245678178
20260923,60,35,0.07325606065173648,0.0014022957283938986,1.3282267956621312
20260923,0,36,0.4576508730869941,-0.5479351826354707,1.2579057537553875
20260923,1,36,0.49091673424265175,-0.7746025753729504,1.2090155005208851
20260923,2,36,0.5451547309922204,-0.8987219494184652,1.1603692070676273
20260923,3,36,0.6140219569632478,-0.8825564342769351,1.125751649302123
20260923,4,36,0.6808905245811806,-0.69587141030032,1.1265107102517318
20260923,5,36,0.7331657263019823,-0.3499683891257489,1.1811853611600769
20260923,6,36,0.7680310464411051,0.09972674076426118,1.296940186608598
20260923,7,36,0.7923312570075214,0.5762358640293206,1.4676159622955731
20260923,8,36,0.8199133923308026,1.0082592929406085,1.6778735526931352
20260923,9,36,0.8604955387024421,1.340082527430754,1.9083761362368685
20260923,10,36,0.9116608773839113,1.5224918859652432,2.133643920569522
20260923,11,36,0.9587707222629489,1.5124176482946525,2.317930824817193
20260923,12,36,0.9815735311002196,1.2933431501877295,2.4201429396818845
20260923,13,36,0.9697922210600275,0.9003784678306804,2.4116302966149936
20260923,14,36,0.9340023714413266,0.414298194362255,2.292012652326179
20260923,15,36,0.8910546826756763,-0.07705137264500822,2.0832781317365847
20260923,16,36,0.8519985564314314,-0.5025673975476718,1.8176404446768097
20260923,17,36,0.8206052771721628,-0.8114741398992696,1.5313599445925414
20260923,18,36,0.7912478157250412,-0.9681147317634154,1.2640756980005854
20260923,19,36,0.7524750968802575,-0.9526134646060184,1.0593588097163527
20260923,20,36,0.6982241405221706,-0.7755727891576087,0.9543225567091886
20260923,21,36,0.6333762849017159,-0.48346556252816797,0.9632413120510356
20260923,22,36,0.5716971582994459,-0.14131589051456414,1.0720012633999252
20260923,23,36,0.5259282152988902,0.19562396732286316,1.2516820109442617
20260923,24,36,0.49752430822168286,0.4918913383567223,1.475388966970085
20260923,25,36,0.47809359734777196,0.7192038959051696,1.7161718148514098
20260923,26,36,0.45788357173140076,0.8512653324367149,1.938412838016753
20260923,27,36,0.43190625085562123,0.8742685953225292,2.1023843439483967
20260923,28,36,0.40270270614328874,0.797463673288016,2.179600759624777
20260923,29,36,0.37666681799558926,0.6481331961065184,2.1619317104052396
20260923,30,36,0.35550005872966123,0.4560342201142108,2.054000707000127
20260923,31,36,0.3351340517551222,0.24981132047230714,1.868079902383477
20260923,32,36,0.3129732293484374,0.059707902927979076,1.629919387103358
20260923,33,36,0.2899265277380557,-0.08895875410839613,1.375442401259154
20260923,34,36,0.2677683867089852,-0.18197968659756655,1.1403911567522225
20260923,35,36,0.24807231299626195,-0.21679306815131097,0.9531428338964469
20260923,36,36,0.23218851145218808,-0.20001576778470007,0.8312184870987802
20260923,37,36,0.21890644120199693,-0.14197056438156488,0.7837358761710054
20260923,38,36,0.20317781438446658,-0.05417177840806811,0.8142159048087702
20260923,39,36,0.18134193439291682,0.04650070159891892,0.9111831598029917
20260923,40,36,0.15545130839185425,0.13993019162772996,1.0436463596792003
20260923,41,36,0.13187251673044392,0.21229889508594166,1.1757242194835424
20260923,42,36,0.11597523714178289,0.26140172849607646,1.2857783478012106
20260923,43,36,0.10794406424395268,0.2911716250237213,1.3662931132901617
20260923,44,36,0.10379679338863787,0.30402847647517084,1.409181516291941
20260923,45,36,0.09995525377540916,0.30147211276234237,1.4048712200327622
20260923,46,36,0.0952001610586323,0.28698846522501675,1.3519020631077423
20260923,47,36,0.0901723935597515,0.2656807032743068,1.2600060494362466
20260923,48,36,0.08565909791195427,0.24190816888097355,1.1448554263324158
20260923,49,36,0.08121906047437212,0.21797964292630018,1.023676819508116
20260923,50,36,0.07584943045349424,0.19489422511409382,0.9154029724800508
20260923,51,36,0.06956516773509998,0.17315342732407,0.8373714090162219
20260923,52,36,0.06351647562351456,0.15267010957110133,0.798826810203863
20260923,53,36,0.058860214923402585,0.13277325242376706,0.7999858969713244
20260923,54,36,0.05610228185955373,0.11279312175993844,0.8362478649761119
20260923,55,36,0.055022044076806546,0.09290190196025178,0.9016413356255691
20260923,56,36,0.054957626376914016,0.07475749715521526,0.9885696168068779
20260923,57,36,0.05579838104795087,0.060893475946634176,1.0863202172108308
20260923,58,36,0.05806439800869304,0.05399797234021457,1.1835119261429534
20260923,59,36,0.061658334151515365,0.05772375102683576,1.269128888345788
20260923,60,36,0.06496072221973706,0.07661324704386185,1.3302349785245977
20260923,0,37,0.3811830968257224,-0.521969009289475,1.248620783138817
20260923,1,37,0.4153433207716016,-0.6894829262577089,1.2974761045106598
20260923,2,37,0.4677179669447524,-0.7675494311931422,1.3445702367888115
20260923,3,37,0.5249720156985896,-0.7158297455374942,1.391602504686629
20260923,4,37,0.57087749448245,-0.5142695354672997,1.44182459625075
20260923,5,37,0.6017041267363086,-0.18805845237300947,1.498760145906284
20260923,6,37,0.6283302400723226,0.20852808117447857,1.5658694610577406
20260923,7,37,0.6617867610138922,0.6196745924291839,1.6462454904803518
20260923,8,37,0.7013194676183357,0.9887805615975572,1.740357777813265
20260923,9,37,0.7386215005142943,1.2534157051329284,1.8427091771290631
20260923,10,37,0.7646751434593695,1.3582505802993925,1.940735037421276
20260923,11,37,0.7764219724103774,1.2772619272465235,2.017761887769341
20260923,12,37,0.7811047598478331,1.0252403189341588,2.0588645348221704
20260923,13,37,0.7853581934384227,0.6424659276084238,2.052780217760963
20260923,14,37,0.7832105748217009,0.18327951360832506,1.991593972478562
20260923,15,37,0.7656597700877411,-0.27852284743360634,1.876903415710287
20260923,16,37,0.7337638217403984,-0.6643895400435241,1.7240157265414768
20260923,17,37,0.697672995797435,-0.9188517043027532,1.5564213171314896
20260923,18,37,0.6669085518841164,-1.018138571546362,1.3979521531161048
20260923,19,37,0.6404436705431786,-0.9571013976245214,1.271730034335986
20260923,20,37,0.6070590882243532,-0.7445932674220977,1.2019404235497642
20260923,21,37,0.5609646033954556,-0.4202922113854586,1.204529006831458
20260923,22,37,0.510604709207467,-0.050657531366692043,1.275854200575933
20260923,23,37,0.46869567296244985,0.30320686193582996,1.398152025709652
20260923,24,37,0.44084890805051913,0.6017957842885139,1.5519442307206366
20260923,25,37,0.4236498490926617,0.8175601188553866,1.718389138616333
20260923,26,37,0.4074080320185524,0.9243233896376419,1.8732933451607927
20260923,27,37,0.3837378122708952,0.9062244227609142,1.9860746060765744
20260923,28,37,0.3529482118438505,0.7756620334948923,2.0321599685755776
20260923,29,37,0.322947810950318,0.5706476596233313,2.0051633478176885
20260923,30,37,0.30117157592155347,0.33209977653248657,1.913046533799621
20260923,31,37,0.28785256571675744,0.09050946638457036,1.7661979000471295
20260923,32,37,0.2766985298228225,-0.12621411106710267,1.5770785104372418
20260923,33,37,0.26243837319624036,-0.2880754301004278,1.3687064874612445
20260923,34,37,0.24504009199403923,-0.37462031170704546,1.1714627523060699
20260923,35,37,0.22769260019067414,-0.3833584619571321,1.011408345775995
20260923,36,37,0.2132151295066575,-0.3254471225877178,0.9043508086558418
20260923,37,37,0.20102112179543405,-0.21642196564743485,0.8589069681299046
20260923,38,37,0.18714285299963648,-0.07454522045864223,0.8787097703591827
20260923,39,37,0.16861288331369964,0.07476729425434062,0.9553016168856452
20260923,40,37,0.14727111105631116,0.20403604055136315,1.064419899672961
20260923,41,37,0.1282931032385919,0.29685693805701807,1.1775547431262463
20260923,42,37,0.1152519007578672,0.3514364749407272,1.2759199532417553
20260923,43,37,0.10782565200411308,0.37144152053386603,1.349509570422936
20260923,44,37,0.1035411289437712,0.3597726136267858,1.3892228392152772
20260923,45,37,0.10010652412793762,0.3206621770288903,1.3867328081139827
20260923,46,37,0.09650540550205483,0.2623572823913486,1.339935426768078
20260923,47,37,0.09281512098107367,0.19573858433117536,1.2553898093825333
20260923,48,37,0.08898588727957912,0.13108295524968833,1.1457110841836515
20260923,49,37,0.08426013284076281,0.07686612950615584,1.0276370687387852
20260923,50,37,0.07801548778176438,0.039227684496723605,0.9209213949383175
20260923,51,37,0.0707038107226165,0.02027232550955463,0.8432729953930688
20260923,52,37,0.06371922527874738,0.017398246441381826,0.8039849027109965
20260923,53,37,0.05837837000471991,0.02538718657716664,0.8031541182914875
20260923,54,37,0.0552413863468837,0.03927934184245864,0.8362379127819288
20260923,55,37,0.054051429630893,0.055748698618084624,0.8979130532541386
20260923,56,37,0.054060150733462244,0.07284853611863179,0.9817436248306122
20260923,57,37,0.05484041660405375,0.08928540183954808,1.0780592696387983
20260923,58,37,0.05645295613289389,0.10457059068420504,1.1752011750453422
20260923,59,37,0.058701557940705265,0.11924859481304353,1.2612127791531895
20260923,60,37,0.06078427812207969,0.1343618254804964,1.3240808523116099
20260923,0,38,0.2834442979551439,-0.4052760452100789,1.2823356209524936
20260923,1,38,0.31799392411007965,-0.5149363101645605,1.4033033691409438
20260923,2,38,0.37639569920596755,-0.5662425479067235,1.5221783829492865
20260923,3,38,0.4305564369017186,-0.5094420493856099,1.6266650519490964
20260923,4,38,0.4560659367516932,-0.3283816089814109,1.6998643798866235
20260923,5,38,0.455320585639124,-0.06120979475061636,1.7373032801686106
20260923,6,38,0.46114994083463634,0.23899380771006412,1.7508058421318728
20260923,7,38,0.5039335361491594,0.5498653611669996,1.7538500576270846
20260923,8,38,0.5663830863972059,0.8401234612770312,1.7498928147061747
20260923,9,38,0.6122512168857714,1.0378116430929198,1.7428220702628952
20260923,10,38,0.6210592856431634,1.079301510737841,1.7388876711248709
20260923,11,38,0.599742317668949,0.9552030414390563,1.7410526181710297
20260923,12,38,0.5853206581018539,0.7116145442560092,1.747377958474385
20260923,13,38,0.6063114716824417,0.3874221939816225,1.7517262950674737
20260923,14,38,0.6375181681381185,-0.0015389868446606808,1.744618905648917
20260923,15,38,0.641666589668687,-0.3959162880635231,1.7187517826119465
20260923,16,38,0.61020120328031,-0.7085639592666261,1.6742399826475487
20260923,17,38,0.5628808564036314,-0.8853463437446847,1.6176539240759413
20260923,18,38,0.5310170247431267,-0.9283762081655957,1.555941676514978
20260923,19,38,0.5256199873696467,-0.8515711966903161,1.495673593487804
20260923,20,38,0.5198916692162681,-0.6432750061752657,1.4521196154596332
20260923,21,38,0.4913360697441922,-0.3253090783612338,1.4424164527523469
20260923,22,38,0.44447136796126263,0.032489873877595596,1.4711785576014504
20260923,23,38,0.396783084853963,0.36016094239444385,1.5302342242453872
20260923,24,38,0.36643313018642837,0.6221793130036086,1.607412431810264
20260923,25,38,0.35832073215482596,0.8085066548236306,1.6950766156033281
20260923,26,38,0.3531080667138244,0.8902900518454114,1.7823608708052758
20260923,27,38,0.33245743556570684,0.8388028750052009,1.8460343190072859
20260923,28,38,0.2951223863171485,0.6685557655533483,1.8639967028585769
20260923,29,38,0.25476855549782357,0.43417419941149726,1.8315767151191131
20260923,30,38,0.23063650720541204,0.18950254036486064,1.7619468388997386
20260923,31,38,0.2291258615745537,-0.04840691697478594,1.6636139695993446
20260923,32,38,0.2338285092971197,-0.26630381827128635,1.5319472093635125
20260923,33,38,0.22964428175103094,-0.4247991274317908,1.3768977753723242
20260923,34,38,0.21516779346591486,-0.4929622256272498,1.2242806375022053
20260923,35,38,0.1973224536632882,-0.47104115142353753,1.0973950664647896
20260923,36,38,0.18434309453522718,-0.3812559991702542,1.006750776306428
20260923,37,38,0.17742012329975865,-0.2427560366974528,0.957458992407008
20260923,38,38,0.16922069940307752,-0.0703133449202209,0.9579125034129223
20260923,39,38,0.15437611831015544,0.10664064647029486,1.0070119958065822
20260923,40,38,0.13490712637753455,0.25298196312970334,1.0864460813769439
20260923,41,38,0.11728937474330041,0.3502083743259903,1.172231226181955
20260923,42,38,0.10662253362117825,0.40060996305047525,1.2495078572502858
20260923,43,38,0.10254638028957803,0.4097168919979304,1.3115623586132537
20260923,44,38,0.10098123852465234,0.37685086648297184,1.348764196403317
20260923,45,38,0.09936098759529075,0.3062518050336762,1.3508416855317171
20260923,46,38,0.09731152523958046,0.21062423659453444,1.3141363338506102
20260923,47,38,0.09526597973756207,0.10608484315908427,1.2426047871942445
20260923,48,38,0.09285537016298125,0.008088436059163748,1.1452855934679789
20260923,49,38,0.088438150446021,-0.06863109350949753,1.0363398911281938
20260923,50,38,0.08098432056669178,-0.11230052331986262,0.9355959503521847
20260923,51,38,0.0714785093534792,-0.12001271729772031,0.8619107214628839
20260923,52,38,0.06197827416505064,-0.09864857731004978,0.825045859319404
20260923,53,38,0.05433554234713802,-0.05975294922671007,0.8243267557773415
20260923,54,38,0.050280528878619925,-0.01420090475869086,0.8522180483001875
20260923,55,38,0.050404233881920474,0.03259947277453124,0.9028794716477292
20260923,56,38,0.05221344219932752,0.07888945158451208,0.9763246122661788
20260923,57,38,0.05413238802941196,0.11990879274394518,1.0661157273266646
20260923,58,38,0.05632759870788071,0.15111489997674812,1.1605019794306295
20260923,59,38,0.05893773611819972,0.17016563873758184,1.247286176861029
20260923,60,38,0.06092328252823617,0.1759429684927629,1.3136112021339208
20260923,0,39,0.20359680125583726,-0.26789399273358017,1.332746851172862
20260923,1,39,0.23717632731090524,-0.33167269596023974,1.4971728536077709
20260923,2,39,0.30144823945609733,-0.3664226195528202,1.6664268241535471
20260923,3,39,0.3552347253923597,-0.32187879679508413,1.80923123794205
20260923,4,39,0.3644689946314136,-0.1857048328173415,1.883305013020121
20260923,5,39,0.329937581279429,0.0014613079017801942,1.8799978006192624
20260923,6,39,0.3023813330023299,0.19012364600218318,1.8371205615985378
20260923,7,39,0.3598120305100295,0.39913351133068353,1.7944108797201797
20260923,8,39,0.45006951452853333,0.615194916157631,1.7238952022969192
20260923,9,39,0.5095554494342407,0.7568547043442587,1.6333164097694897
20260923,10,39,0.5095905319081319,0.7609550911874973,1.5573184549321037
20260923,11,39,0.45910762974772046,0.6263364979154796,1.5214303433490235
20260923,12,39,0.41859540899561876,0.4181214762423121,1.521075979292894
20260923,13,39,0.46393801728945405,0.17853789066835138,1.5322610805878152
20260923,14,39,0.5262023033427127,-0.12455406400220553,1.5630869629145068
20260923,15,39,0.5458553610642888,-0.4365226345183655,1.611591956594123
20260923,16,39,0.5120525607716819,-0.6672622436584098,1.6605516300800858
20260923,17,39,0.45008301300576,-0.7672064788800704,1.6939360539463495
20260923,18,39,0.4103662618364976,-0.762479726814216,1.7058989529633097
20260923,19,39,0.4306921013901694,-0.6974493275754847,1.6989298766637786
20260923,20,39,0.45096035178469795,-0.5180591355486779,1.679007013292391
20260923,21,39,0.4338029047897198,-0.2326373745560716,1.6555688024833561
20260923,22,39,0.38316983639922797,0.08283230874346548,1.6388101906612285
20260923,23,39,0.320393336653208,0.35077948343013665,1.6338966430351647
20260923,24,39,0.2812770497470333,0.5470489181397599,1.6395142100835232
20260923,25,39,0.29440294046096477,0.7078011533050126,1.6559344312381366
20260923,26,39,0.3065809553426135,0.776465100968061,1.6820143270710564
20260923,27,39,0.28886828750102705,0.7049014011494353,1.7035707357630319
20260923,28,39,0.2427358210225298,0.5147613721022736,1.7034697249822073
20260923,29,39,0.18683628870684063,0.2769418782716926,1.6742044381038972
20260923,30,39,0.15417164370540998,0.06026452600242472,1.6273294693029334
20260923,31,39,0.17117985169485964,-0.14691806563546267,1.5761081875214222
20260923,32,39,0.19486918467820485,-0.35385971358353463,1.4987809367667175
20260923,33,39,0.20032863638043796,-0.5004992130010364,1.395895495542655
20260923,34,39,0.1877833688142016,-0.5464203816056376,1.2870688451540442
20260923,35,39,0.1688676045300676,-0.49812669867467796,1.1910830391565335
20260923,36,39,0.15806645143491074,-0.39107404643710053,1.1141817812017218
20260923,37,39,0.157264998463175,-0.2424520585125858,1.059576920987275
20260923,38,39,0.15431651458651502,-0.05824819969746464,1.0397137311782159
20260923,39,39,0.1418425072870566,0.12799357913137485,1.059307707891975
20260923,40,39,0.12200181848418028,0.2737136050380208,1.1064379062781988
20260923,41,39,0.10281311179625639,0.3592133348695272,1.1615627595743214
20260923,42,39,0.0928124928906301,0.3965312115745999,1.2129666977645752
20260923,43,39,0.09420589898889656,0.40026639382565254,1.2603865857421095
20260923,44,39,0.09715637818040834,0.35474867789695586,1.2942974980864261
20260923,45,39,0.09813253227488053,0.26153125403216193,1.3018704902977312
20260923,46,39,0.09776550632703093,0.1383055468015289,1.2776294883138013
20260923,47,39,0.09718425791246182,0.006034732765295491,1.2229348711895884
20260923,48,39,0.09632608644917005,-0.11568545511537279,1.1434386663497
20260923,49,39,0.092782032463667,-0.20672929529700887,1.04935388943085
20260923,50,39,0.0841305448093835,-0.24877581258338446,0.9586199244199388
20260923,51,39,0.0718170188549825,-0.2385723016820022,0.8910569502236938
20260923,52,39,0.058574114075035724,-0.18856466701692728,0.8580581311038356
20260923,53,39,0.04579087055929514,-0.11692594231898262,0.8614867465948995
20260923,54,39,0.037634381459996896,-0.045906033594134435,0.88858279285132
20260923,55,39,0.04297411068486508,0.016538327825947587,0.9173584885319728
20260923,56,39,0.04945359196065519,0.08449377159681015,0.9726469276068562
20260923,57,39,0.05354528763415881,0.14496354275591658,1.0515235726441163
20260923,58,39,0.057407106449136276,0.18820531297739226,1.1404746913033679
20260923,59,39,0.06324653145978491,0.2113267901513701,1.2292461002339015
20260923,60,39,0.0686394518170079,0.20843974089045494,1.3043721719634709
20260923,0,40,0.16734018092415384,-0.1570585725223225,1.381083246899006
20260923,1,40,0.20009622570458185,-0.18805075695949333,1.5758600153696336
20260923,2,40,0.26070458279775005,-0.20516111528673125,1.7802201604087542
20260923,3,40,0.3101249101337322,-0.1789474227981833,1.9455195438804855
20260923,4,40,0.3138314830175263,-0.10117911891638255,2.011821890208948
20260923,5,40,0.2672219492605699,0.0035930899048214372,1.966848092368176
20260923,6,40,0.21101066838125693,0.10010951820643796,1.8653675390298712
20260923,7,40,0.2850426650814251,0.22999182518387934,1.8024635169208356
20260923,8,40,0.3828030254993609,0.3709880970638503,1.6821618251472685
20260923,9,40,0.44599012242477337,0.4610444884338343,1.5277609978151625
20260923,10,40,0.447423168298446,0.4549144511556801,1.401408901379314
20260923,11,40,0.38891121281230134,0.3490492548760741,1.35046808583823
20260923,12,40,0.32092219451759063,0.19147839505638897,1.3696570057060784
20260923,13,40,0.39277125903591,0.029188165376131732,1.3746056133600115
20260923,14,40,0.4650769334953249,-0.19212615976447753,1.4333654519920527
20260923,15,40,0.4882262421538522,-0.41894447447647853,1.5444791663215214
20260923,16,40,0.4571750939342166,-0.5793660994022145,1.670378592575325
20260923,17,40,0.39401394537802664,-0.6337708930563407,1.7724118050499253
20260923,18,40,0.34388957959579564,-0.6021927497504342,1.8344673976013277
20260923,19,40,0.3831062801601979,-0.5536716458345097,1.873843637540135
20260923,20,40,0.41115795160696134,-0.40276531874430765,1.8757412263636304
20260923,21,40,0.39655145324817187,-0.16465660332304413,1.8368960551001807
20260923,22,40,0.34474261674327866,0.09115829410271967,1.773225106554799
20260923,23,40,0.27487995790190584,0.29449744044610593,1.7064614891834544
20260923,24,40,0.22203757247845232,0.42301131726732744,1.652199367321886
20260923,25,40,0.2581410571518394,0.5673307230613708,1.6105711654022483
20260923,26,40,0.27871097186057514,0.6199242413132164,1.582441143249856
20260923,27,40,0.26100095600954987,0.5395724623743939,1.5699529393821618
20260923,28,40,0.2115591781472228,0.35615579339913683,1.5648632633381834
20260923,29,40,0.14848272370843466,0.14052311899719724,1.5546353316599082
20260923,30,40,0.10265877256485569,-0.03676832499252551,1.5333110862644332
20260923,31,40,0.13860076313248645,-0.21512783162574134,1.5134655189834676
20260923,32,40,0.17151391792315898,-0.40382656439323694,1.4777572185359964
20260923,33,40,0.18123224704237037,-0.531018991629991,1.4213551470893109
20260923,34,40,0.17122935516509855,-0.5593933999023615,1.3516331286010501
20260923,35,40,0.1553354564782101,-0.5006959614439853,1.2797809905242845
20260923,36,40,0.1494678038727628,-0.39110265557107016,1.2118252479377212
20260923,37,40,0.14861592620898637,-0.23628234279509353,1.1547827693907593
20260923,38,40,0.14558986507852403,-0.05071500426936009,1.1180019767320666
20260923,39,40,0.1336349915180573,0.13069143318818144,1.1084109427955593
20260923,40,40,0.11381831295682451,0.2653590211734983,1.1223773873887037
20260923,41,40,0.09384676185813338,0.334710456371205,1.1477639977126513
20260923,42,40,0.08265777517012375,0.3548623693832804,1.1749290749909969
20260923,43,40,0.0887874250933595,0.3565555278514031,1.2059439949739796
20260923,44,40,0.09451338564191931,0.3017115540867408,1.2331676639688556
20260923,45,40,0.09718233942551062,0.1938553534401822,1.2445915550726114
20260923,46,40,0.09791160311099154,0.05403884602199879,1.2331763721266698
20260923,47,40,0.09785896908747546,-0.0936498960446129,1.1971006478212296
20260923,48,40,0.09739215246302114,-0.22656435248644616,1.1388561729887805
20260923,49,40,0.09498380175861838,-0.3228650366190565,1.0648909593307196
20260923,50,40,0.08597383150753017,-0.3585364710572947,0.988225001207711
20260923,51,40,0.07199718129075654,-0.3305372400402704,0.9275043346830613
20260923,52,40,0.05623028499613597,-0.2561870720408257,0.8956049328806552
20260923,53,40,0.03829223458927341,-0.15675612153223178,0.9004221836571398
20260923,54,40,0.02098967559420756,-0.06518383973208453,0.9377857479940217
20260923,55,40,0.03627428372389604,-0.0018923201390873244,0.9343688960943144
20260923,56,40,0.047542822554870565,0.08333976757000097,0.9701211973845384
20260923,57,40,0.05320839284508002,0.15773572364968388,1.0359434046734615
20260923,58,40,0.05839871180380407,0.2086025295915603,1.1163182633814501
20260923,59,40,0.0682432925039817,0.23645197664649134,1.2039381860541876
20260923,60,40,0.08155388874322021,0.23164122763017497,1.2901067130960255
20260924,0,0,0.11639514673077249,-2.6845110963602425,-0.11122619677149725
20260924,1,0,0.10125196069915612,-2.662225820955848,0.006858306683230675
20260924,2,0,0.09157624516267833,-2.6487484951604654,0.09909950435182185
20260924,3,0,0.08973458565406449,-2.6413252870837627,0.17637634975544336
20260924,4,0,0.09298974330429415,-2.6378014601288755,0.23631060722263864
20260924,5,0,0.10680682644389244,-2.635643759342731,0.290980543603104
20260924,6,0,0.12904508801907918,-2.6331290167906665,0.32504696381635834
20260924,7,0,0.10606883919801857,-2.6333603162944215,0.22165624314818166
20260924,8,0,0.08978000627391966,-2.629776086980497,0.11056838880730357
20260924,9,0,0.08358992613340595,-2.6205742065047004,0.003873479834835103
20260924,10,0,0.08374563133262262,-2.6048974666372895,-0.10730126236681457
20260924,11,0,0.09354752166843605,-2.5798357757404267,-0.22765813545679114
20260924,12,0,0.10997842781046643,-2.5446780745463284,-0.36658326051926254
20260924,13,0,0.09279728599674787,-2.5254958156482905,-0.48048856285146113
20260924,14,0,0.08011022603170345,-2.509005716663263,-0.5691159814471076
20260924,15,0,0.07480845106985577,-2.4924338267624,-0.644382380375284
20260924,16,0,0.0737527062022337,-2.4786498635630476,-0.7067762018999626
20260924,17,0,0.07779178206006546,-2.4680955603421455,-0.7607962224702274
20260924,18,0,0.0849912460107222,-2.4662625126967814,-0.7996608700086718
20260924,19,0,0.07735644070841553,-2.495430231939926,-0.7755358736360594
20260924,20,0,0.07155091832313373,-2.535211387384452,-0.7380430080239446
20260924,21,0,0.06908761150467158,-2.5835491148633003,-0.6948007550664621
20260924,22,0,0.06984273665325894,-2.641152614154494,-0.6466189378042196
20260924,23,0,0.0794532465260078,-2.711071552098292,-0.5967379925812288
20260924,24,0,0.09668264423268237,-2.800338467392262,-0.533604008058217
20260924,25,0,0.08007535469320957,-2.8636806831759953,-0.4708311489256679
20260924,26,0,0.0721744857337426,-2.9200088047366695,-0.425821482238372
20260924,27,0,0.07289194133522485,-2.9773326850327178,-0.38728849075552085
20260924,28,0,0.07335019415853815,-3.0183692891764378,-0.36332302111445897
20260924,29,0,0.06819468644299638,-3.0243532913430515,-0.3681039616244585
20260924,30,0,0.05903634737603808,-2.995304260737346,-0.40223433470836106
20260924,31,0,0.07307260921039085,-3.004147432214907,-0.39599544859045366
20260924,32,0,0.09433945785852854,-2.9899377344210945,-0.3957805526685535
20260924,33,0,0.11792193729331572,-2.9314913507928377,-0.4183849079501486
20260924,34,0,0.13699300127203828,-2.82155220293154,-0.4741173999450867
20260924,35,0,0.14446352532000067,-2.6721591533545377,-0.5628297725795928
20260924,36,0,0.14238150339815808,-2.509879167563789,-0.669050368391585
20260924,37,0,0.15569564196006833,-2.3346334803359117,-0.771213113388095
20260924,38,0,0.1834878167320939,-2.137831688081144,-0.8790997630981199
20260924,39,0,0.21203297576061617,-1.9449317819365413,-0.9958024838629583
20260924,40,0,0.22369022660685883,-1.8082050689547415,-1.1075198522721714
20260924,41,0,0.2127404364067406,-1.763885780748105,-1.195163772711572
20260924,42,0,0.19592671970045572,-1.7904051942996362,-1.256829286332266
20260924,43,0,0.22933002310118195,-1.7693608610558569,-1.3427613887951
20260924,44,0,0.2870765550955145,-1.785810571737802,-1.4347743187835031
20260924,45,0,0.33021514583763134,-1.9179194497872851,-1.4924222232628797
20260924,46,0,0.3315923280664594,-2.1655554146028018,-1.4893401937904065
20260924,47,0,0.28885572010531896,-2.466683378882104,-1.4235350360634982
20260924,48,0,0.2393294230079899,-2.7451726390000566,-1.3305790612114414
20260924,49,0,0.2891476109392444,-3.041138132702101,-1.30176618990953
20260924,50,0,0.3347488916362203,-3.359133156763737,-1.2365311253561524
20260924,51,0,0.33648713119144913,-3.610792015182838,-1.1217631951439964
20260924,52,0,0.2911485934041232,-3.723745710526365,-0.9791130904613193
20260924,53,0,0.2287936682494279,-3.7037851216439224,-0.8398011239072358
20260924,54,0,0.195106130537668,-3.65661277034327,-0.7163893463011253
20260924,55,0,0.21696552912482261,-3.679082067677567,-0.5846678491228041
20260924,56,0,0.2434317962156819,-3.6367777373532144,-0.4427716468262317
20260924,57,0,0.2395977361181584,-3.4649719801370904,-0.3213081661927465
20260924,58,0,0.1965410102883433,-3.193519426845752,-0.25316586686278425
20260924,59,0,0.13914967239680304,-2.9155016720805733,-0.2400416838345768
20260924,60,0,0.10373152274814332,-2.6996243817609367,-0.236441313533718
20260924,0,1,0.10111581049588908,-2.613587434280635,-0.0647844281962125
20260924,1,1,0.09544918063108125,-2.573032730610122,0.053556260045933834
20260924,2,1,0.0903541301719122,-2.5421154209752856,0.14509901582919854
20260924,3,1,0.08908704853835786,-2.519005556262557,0.21493611373194538
20260924,4,1,0.09088707916337714,-2.5025227433735173,0.2606008971433231
20260924,5,1,0.0978508140429353,-2.490076135265129,0.2853829846337633
20260924,6,1,0.10535642789157487,-2.4837067307382332,0.2723761537664521
20260924,7,1,0.09647618676093317,-2.4928204070530615,0.18461256295033762
20260924,8,1,0.08659708852885627,-2.505257173924353,0.07169965295739311
20260924,9,1,0.08167403289295339,-2.515093897011739,-0.04783333336951884
20260924,10,1,0.08133968587663797,-2.5213546943926133,-0.17428214825009516
20260924,11,1,0.08648349765288083,-2.5230598734385965,-0.31001124797983126
20260924,12,1,0.09227750684842198,-2.522839481898425,-0.4531746085667019
20260924,13,1,0.08540728793768194,-2.527644556862933,-0.5718663318694117
20260924,14,1,0.07754022633791462,-2.5323216457410376,-0.6622972371001992
20260924,15,1,0.07333335472139024,-2.5356390610054893,-0.7331596445596736
20260924,16,1,0.07230092258184825,-2.539294434636381,-0.7860306741043769
20260924,17,1,0.07443221513215721,-2.545104241955237,-0.8216959447962573
20260924,18,1,0.07705691401744308,-2.556420521213831,-0.8302884033420483
20260924,19,1,0.07403171261337299,-2.5765891699911103,-0.7945492717862128
20260924,20,1,0.07068867359136044,-2.603097834459366,-0.7372230895730953
20260924,21,1,0.0691719356999218,-2.635392370421061,-0.66897882445642
20260924,22,1,0.06967460976839666,-2.673640145977286,-0.5930415659290907
20260924,23,1,0.07422866370852028,-2.7191347464517923,-0.5116981918789913
20260924,24,1,0.07998668503293559,-2.770096352148241,-0.4241281415741161
20260924,25,1,0.07527922497793259,-2.8096942749345883,-0.3505352370125713
20260924,26,1,0.07274648346179337,-2.844642497203571,-0.2936139284705105
20260924,27,1,0.07425281410741899,-2.876547741116408,-0.24878168775267656
20260924,28,1,0.07525294457508959,-2.895408101436461,-0.2271083133509199
20260924,29,1,0.07307842502200967,-2.8928345684776136,-0.23943610151676198
20260924,30,1,0.07092646175648235,-2.872963002340203,-0.27716187360814654
20260924,31,1,0.08034078442768598,-2.8531994564477077,-0.30588565560821346
20260924,32,1,0.09854611929075426,-2.8175157192960842,-0.34355764695229213
20260924,33,1,0.12045378752160503,-2.7504239621281803,-0.4112308657119509
20260924,34,1,0.13913471409839565,-2.6477800525673607,-0.5185711185576996
20260924,35,1,0.14861987209303157,-2.520523413031385,-0.6581326954643538
20260924,36,1,0.15241763559399907,-2.385299584814634,-0.8091823337903152
20260924,37,1,0.1673712701835738,-2.238801378670125,-0.9609276392892154
20260924,38,1,0.1970896230888818,-2.0756695504259626,-1.1198130014945276
20260924,39,1,0.22865575858785256,-1.9211317751198398,-1.277134485091869
20260924,40,1,0.24444444759212514,-1.820059168613611,-1.4047580613584474
20260924,41,1,0.2392361728234791,-1.7984299715152834,-1.4807154189989657
20260924,42,1,0.2340710197268668,-1.8281646778602978,-1.520892976400391
20260924,43,1,0.2689958238327259,-1.849508651894587,-1.5764223764864211
20260924,44,1,0.3290523930419777,-1.9138416213433636,-1.6207465214872938
20260924,45,1,0.3740178855349339,-2.0786549795968248,-1.603951369786468
20260924,46,1,0.3777616113253999,-2.332998060324518,-1.5128141541668714
20260924,47,1,0.3424545970750913,-2.619292119284688,-1.3696700301596194
20260924,48,1,0.31216984253350993,-2.8898619977491125,-1.221545659523943
20260924,49,1,0.34394289417536555,-3.179655166348091,-1.092766092991482
20260924,50,1,0.3853684479628719,-3.4769716635582797,-0.9466936549554426
20260924,51,1,0.3892504828469881,-3.7002892050255785,-0.7883115016759502
20260924,52,1,0.3453582534008789,-3.784565488100826,-0.646265339405844
20260924,53,1,0.28035114358459373,-3.737945765747819,-0.5392980952520132
20260924,54,1,0.24373302327059934,-3.661245899082293,-0.4498627134104568
20260924,55,1,0.261263420190801,-3.6279124554401614,-0.34165125929717177
20260924,56,1,0.28839382785758344,-3.535911134562687,-0.2373451038206162
20260924,57,1,0.28336516476267554,-3.325193635623849,-0.17672220936271255
20260924,58,1,0.2375425488184808,-3.035486310565131,-0.1762387173612921
20260924,59,1,0.1781661249058447,-2.7543638654054456,-0.21514263145774765
20260924,60,1,0.14554177511656846,-2.527222751539115,-0.2429160990965043
20260924,0,2,0.09071750100801414,-2.54256362079155,-0.04483516692698036
20260924,1,2,0.08983108582762757,-2.488417831360172,0.06466432887427453
20260924,2,2,0.08863979395242788,-2.4431915008944998,0.1503874714277873
20260924,3,2,0.08801194045600923,-2.4082251971186146,0.20880174786360411
20260924,4,2,0.08794130627723068,-2.384298006591468,0.236297905419807
20260924,5,2,0.08878758456666636,-2.3710825242017415,0.23171848393210825
20260924,6,2,0.08903410002487434,-2.369792427265811,0.1906080820405887
20260924,7,2,0.08603730729612212,-2.382183459075795,0.11037173234951442
20260924,8,2,0.08168921148906438,-2.4037165309518453,0.003594350516329614
20260924,9,2,0.07853548809074226,-2.429078174914731,-0.11761036887576
20260924,10,2,0.07751499733246305,-2.4555155232699577,-0.24740864981721097
20260924,11,2,0.07843478352011268,-2.4820600520192,-0.3822514427158159
20260924,12,2,0.07906713732279237,-2.508931035512671,-0.5143986195329588
20260924,13,2,0.07691313108260019,-2.5352907560747306,-0.628731053710941
20260924,14,2,0.07350976552599303,-2.5588709487080563,-0.7172619112649299
20260924,15,2,0.07090611171811087,-2.5789839228329896,-0.7804545482541425
20260924,16,2,0.06982731516996032,-2.596321626604843,-0.8194209731341704
20260924,17,2,0.07014284464895847,-2.611954896149205,-0.8332638537773218
20260924,18,2,0.07061211830611781,-2.6265951476099096,-0.8175445669839341
20260924,19,2,0.07005031021375809,-2.640491983864432,-0.770768835050359
20260924,20,2,0.06935640540210684,-2.6544837604090135,-0.7009306696562767
20260924,21,2,0.0694113929894699,-2.669499240381124,-0.6156876079077005
20260924,22,2,0.07019259252298535,-2.6857582970459295,-0.5203166589884973
20260924,23,2,0.07159374812985753,-2.7029409293121516,-0.42067709296507366
20260924,24,2,0.07294113217287855,-2.7196118983262982,-0.3241362471377625
20260924,25,2,0.0734563007263184,-2.733479217798863,-0.2405012014825723
20260924,26,2,0.0746045053794396,-2.7442284100477066,-0.17468148429818497
20260924,27,2,0.07663041845153226,-2.7502033249806255,-0.13078929142348578
20260924,28,2,0.07840060984627645,-2.747999287032814,-0.11646062900186827
20260924,29,2,0.07960640041997599,-2.735392303990337,-0.1357461202139857
20260924,30,2,0.0823210437899351,-2.7129061918307475,-0.18240669245251317
20260924,31,2,0.09038254578930909,-2.681074247432687,-0.24594137790695658
20260924,32,2,0.10510801141394141,-2.635518360130215,-0.3299314396433806
20260924,33,2,0.12420294450467176,-2.5705354122509285,-0.4471230293457919
20260924,34,2,0.14272655673727908,-2.485665247812214,-0.6033238575066442
20260924,35,2,0.15686160568724433,-2.38775175817712,-0.7882806016134876
20260924,36,2,0.16937359214795694,-2.2840120854329706,-0.9839936977809016
20260924,37,2,0.18914807710588932,-2.17357063945901,-1.1830625584722259
20260924,38,2,0.22027924074079644,-2.056941199967793,-1.3852704407823406
20260924,39,2,0.25522729885819195,-1.9519377959034507,-1.5739795830770316
20260924,40,2,0.2811331611428495,-1.8870453009249377,-1.7166472053531836
20260924,41,2,0.294463909635088,-1.8772526429823082,-1.7938863228389348
20260924,42,2,0.31006215572870643,-1.9110706410190512,-1.8210609058994482
20260924,43,2,0.3471640668594894,-1.976103943738487,-1.8216435573508862
20260924,44,2,0.3995737627166237,-2.0924050529130853,-1.7778914146873228
20260924,45,2,0.44216128141262834,-2.279370825228846,-1.6608783120424606
20260924,46,2,0.4570305510226217,-2.5232215418820534,-1.4734778423927695
20260924,47,2,0.4468510908018343,-2.7883266565286506,-1.246884366830887
20260924,48,2,0.4381908818816339,-3.0501519800704777,-1.0154460477043559
20260924,49,2,0.4540002889953401,-3.3114003577022384,-0.7881085726165188
20260924,50,2,0.4769579649985669,-3.5543828092255616,-0.5652367938247951
20260924,51,2,0.4776060779585922,-3.7284917856029622,-0.36853218286909617
20260924,52,2,0.44582582129496334,-3.7938271132170724,-0.22476459064702725
20260924,53,2,0.3981337091184921,-3.756323989981012,-0.1388296336024024
20260924,54,2,0.3673807255317927,-3.6669389310951614,-0.08389732745898337
20260924,55,2,0.3682859868064864,-3.5539631078923914,-0.03621698530216111
20260924,56,2,0.37599314030684033,-3.3813392436887613,-0.014882929962274138
20260924,57,2,0.3601868846590498,-3.128872971076005,-0.04519592095529512
20260924,58,2,0.3160166389750023,-2.833328936025211,-0.12245109072895644
20260924,59,2,0.2648520019870416,-2.550980039330091,-0.2163362853094179
20260924,60,2,0.2347863686491953,-2.3019022511592784,-0.2965437509534317
20260924,0,3,0.08663671079031283,-2.4777849122641973,-0.04796059164310884
20260924,1,3,0.08699510375613836,-2.415272487635408,0.04430665852390325
20260924,2,3,0.08713179885040169,-2.360751836865133,0.11561999970018877
20260924,3,3,0.0867063077748462,-2.3179534719395596,0.15959039802899821
20260924,4,3,0.08551570150889501,-2.2897325655636593,0.17182214645387645
20260924,5,3,0.08398225298121269,-2.2768465962997007,0.15192202730093463
20260924,6,3,0.0822373672696731,-2.279062605847955,0.10124351947268673
20260924,7,3,0.07991788892924552,-2.295770432955046,0.02254588468576041
20260924,8,3,0.07725128086982049,-2.324463926219048,-0.07785314118154205
20260924,9,3,0.07499835001017542,-2.3613884830988403,-0.19222509366415885
20260924,10,3,0.07368939700213331,-2.403334287939476,-0.31402993852045313
20260924,11,3,0.07318553121863455,-2.4481387340737704,-0.4372609937135373
20260924,12,3,0.07271087098331387,-2.4938653369025103,-0.5540767790518119
20260924,13,3,0.07156531159415595,-2.537900906567419,-0.6549082360462657
20260924,14,3,0.0698405482644838,-2.5775078083965113,-0.7323100723882071
20260924,15,3,0.0681294933712484,-2.6109879499592887,-0.7829953655410078
20260924,16,3,0.06698407241436845,-2.6378629729920977,-0.8064975449397384
20260924,17,3,0.06658311497423887,-2.6582592537628154,-0.8028711409476905
20260924,18,3,0.06670045124535742,-2.6723082360582566,-0.7719676842833106
20260924,19,3,0.06717601609664461,-2.6803682425174324,-0.7154648819950997
20260924,20,3,0.06826330450912091,-2.683425479346904,-0.6376388606846958
20260924,21,3,0.07014365412361138,-2.6824524591965133,-0.5431956027067573
20260924,22,3,0.07245866098917568,-2.6777629256111704,-0.4373638646320557
20260924,23,3,0.07458086559060254,-2.66938129578165,-0.328056566090309
20260924,24,3,0.07614039171735258,-2.657608923981019,-0.22558450379541273
20260924,25,3,0.07724248577651245,-2.643041925670155,-0.1398992889958836
20260924,26,3,0.07830921744934823,-2.6261921546379057,-0.07839374729860371
20260924,27,3,0.07961128547212606,-2.6070634549919935,-0.046415427855419744
20260924,28,3,0.08122882891373377,-2.5852651575614636,-0.047867913718397714
20260924,29,3,0.08357621629018853,-2.5603293265952263,-0.08353198690807861
20260924,30,3,0.08788605011351679,-2.5315506024171133,-0.15011886170714372
20260924,31,3,0.09603882257760674,-2.4973822548336546,-0.2438201297911759
20260924,32,3,0.10941612538236264,-2.455438152037508,-0.36636219391496033
20260924,33,3,0.1273410247983186,-2.4042000564403185,-0.5246556330737238
20260924,34,3,0.14680634600801448,-2.3452770455366334,-0.7207128005770633
20260924,35,3,0.16531857662762717,-2.282830196349407,-0.9438918814397662
20260924,36,3,0.18453499607505044,-2.2197910548412083,-1.1783008329338136
20260924,37,3,0.20980671715644067,-2.1562518410849596,-1.4149091915997292
20260924,38,3,0.2448962227972167,-2.094429857978328,-1.6476706290842023
20260924,39,3,0.2864570680907565,-2.045126444941724,-1.8569019309537564
20260924,40,3,0.3256472956269879,-2.0245512314183385,-2.0091725599587997
20260924,41,3,0.3581895117288576,-2.0427064996877764,-2.0817376335994933
20260924,42,3,0.39016684931680967,-2.0996416282840107,-2.0764266973383547
20260924,43,3,0.4302615723765936,-2.1946303755515975,-2.0019812037490015
20260924,44,3,0.4774587010616044,-2.3321546322280087,-1.8543543565349654
20260924,45,3,0.5211886198350495,-2.5131100444912606,-1.6285656380439362
20260924,46,3,0.5523441373804194,-2.726519208956228,-1.3380991346668567
20260924,47,3,0.5697870092057378,-2.953355049278508,-1.0121783627538343
20260924,48,3,0.5800006033471373,-3.1753180535232874,-0.6813948325337671
20260924,49,3,0.5895553428311576,-3.377896594571801,-0.3681695524860076
20260924,50,3,0.5960351948765127,-3.5432000506894816,-0.09199628611206545
20260924,51,3,0.5925233131230836,-3.6493280198834483,0.12549771415842037
20260924,52,3,0.5768688309143083,-3.6809013353820244,0.2686134996799382
20260924,53,3,0.5546841300978906,-3.6368691690024226,0.33646243099084894
20260924,54,3,0.5348864108928758,-3.526608698348835,0.34052963633428546
20260924,55,3,0.5194242884953159,-3.356620014625326,0.29011681987694526
20260924,56,3,0.4987796587796375,-3.1286733984666397,0.18563479589070797
20260924,57,3,0.46381667754814154,-2.856806960321099,0.03385903895104303
20260924,58,3,0.4182480902473309,-2.5714054879175956,-0.14215615275922033
20260924,59,3,0.3760713794599283,-2.300095104973121,-0.3152809182035083
20260924,60,3,0.34925802635375186,-2.0518177774097346,-0.4713896963287266
20260924,0,4,0.0835142114687296,-2.4258742888542795,-0.08066535579163037
20260924,1,4,0.08432343494580498,-2.360432720523597,-0.00998559613566602
20260924,2,4,0.08498101744221406,-2.3013980287883697,0.04331580448735545
20260924,3,4,0.08457726131139778,-2.254078792948766,0.07272457326986104
20260924,4,4,0.08290136173041517,-2.222696082511199,0.0745576051818575
20260924,5,4,0.08071874177200147,-2.2084430614968236,0.04947977078712151
20260924,6,4,0.07857812668255772,-2.2109447260721056,-0.0002401932614873592
20260924,7,4,0.07625624047705383,-2.2297962653416685,-0.07190573313695806
20260924,8,4,0.07381212225070703,-2.2629855624224207,-0.16057574739976194
20260924,9,4,0.07175032121009543,-2.307039160781326,-0.2601563873832442
20260924,10,4,0.07038189923701331,-2.3586573929747563,-0.364963696206371
20260924,11,4,0.06955909664573723,-2.4150443013227347,-0.46915317817272195
20260924,12,4,0.06894697682211676,-2.4732001819147107,-0.5659909590574153
20260924,13,4,0.06824090052913934,-2.5296995212033124,-0.6483071808357599
20260924,14,4,0.06713149056958104,-2.5809263261801854,-0.7092185378947176
20260924,15,4,0.06567231406761333,-2.6237680984406353,-0.7443424300707171
20260924,16,4,0.06431287337128838,-2.6565349832757095,-0.7529509276862865
20260924,17,4,0.06350169119545673,-2.678844645770503,-0.7363806164776812
20260924,18,4,0.06355114404618177,-2.691041423151287,-0.6966483096581624
20260924,19,4,0.06474916580587639,-2.6938868077838793,-0.6360829687245743
20260924,20,4,0.06733007483251827,-2.688154408484803,-0.5568680093217959
20260924,21,4,0.07129721122131882,-2.674185480408996,-0.46120554746005543
20260924,22,4,0.07610598541187842,-2.651742971170582,-0.35302937732926865
20260924,23,4,0.08058086074725411,-2.6207805575809915,-0.24088814009808243
20260924,24,4,0.08327075084022342,-2.582606466665858,-0.13889562042630843
20260924,25,4,0.08363759639431292,-2.540511901829336,-0.062032370525115565
20260924,26,4,0.08289850316224387,-2.498377993605638,-0.017969468809538203
20260924,27,4,0.08240917600665659,-2.4584932353178583,-0.008270568452996008
20260924,28,4,0.08273599407516838,-2.4217287899719033,-0.03344146070636067
20260924,29,4,0.08431752690937727,-2.388208283140458,-0.09272002314358718
20260924,30,4,0.08812239409803917,-2.357185938037938,-0.18312100601280812
20260924,31,4,0.09589692813923271,-2.3268323169897314,-0.30144900943033903
20260924,32,4,0.1093599129105229,-2.2952687597674157,-0.4494673953895021
20260924,33,4,0.12820552860977485,-2.2631163167375608,-0.6341977964631051
20260924,34,4,0.14950638117274698,-2.234133839149543,-0.8566869863742946
20260924,35,4,0.17022421289966636,-2.212328816270916,-1.1039826174270935
20260924,36,4,0.19152780781388545,-2.1982543795190965,-1.3579932329498872
20260924,37,4,0.21990713548512647,-2.1893213447377797,-1.6105918711273728
20260924,38,4,0.26132000787613313,-2.1857945198360937,-1.8579654627637519
20260924,39,4,0.3134513670937534,-2.1949499583422982,-2.077070492962877
20260924,40,4,0.3662732808434175,-2.226198004810372,-2.225648619464704
20260924,41,4,0.41165502183788705,-2.28386572318324,-2.271134073074653
20260924,42,4,0.45050681951457877,-2.3666544794958395,-2.2084202831510815
20260924,43,4,0.49106595199951414,-2.4721070199761694,-2.05067842550852
20260924,44,4,0.5389854338097378,-2.599578468850306,-1.8080866284933987
20260924,45,4,0.5910120738609707,-2.746991397135599,-1.4857707041539339
20260924,46,4,0.6426680288038209,-2.9078759109594308,-1.0994341568416786
20260924,47,4,0.6887327000718325,-3.0710779308508798,-0.6761999115162489
20260924,48,4,0.7178256416272296,-3.2184783482337753,-0.2549502788796514
20260924,49,4,0.7236005122972496,-3.330852723347152,0.11863667995111449
20260924,50,4,0.7158679680150606,-3.3994802123797543,0.4148240777205737
20260924,51,4,0.7082793443732425,-3.4234876671339802,0.6253380813841998
20260924,52,4,0.7076213829318418,-3.4015182236453905,0.7496566254802101
20260924,53,4,0.71138875806962,-3.3279715075283596,0.7834734572603251
20260924,54,4,0.7062928320868527,-3.1944350180150733,0.7152428882981844
20260924,55,4,0.6786569757488999,-3.001782988470243,0.5434558347468736
20260924,56,4,0.6292349428708847,-2.768331390334108,0.29418407666206847
20260924,57,4,0.5691298554314068,-2.520037451287813,0.008323250539175375
20260924,58,4,0.5128950425777766,-2.27852039222365,-0.276365158075892
20260924,59,4,0.47260441203960174,-2.053638386191416,-0.5379516661308882
20260924,60,4,0.44910857896660666,-1.8486217870436135,-0.7710211726504286
20260924,0,5,0.07868758549135592,-2.391255940542113,-0.14184504438000745
20260924,1,5,0.08031810104649079,-2.327449683609472,-0.09324691322879158
20260924,2,5,0.08170649216468998,-2.2672615276965593,-0.05739364052556856
20260924,3,5,0.08130097601609602,-2.2175130554722635,-0.04018498807078991
20260924,4,5,0.07976950939908531,-2.182476937883948,-0.04313200484821328
20260924,5,5,0.0786042895089771,-2.1628708701431747,-0.06503753784542537
20260924,6,5,0.07767848565211768,-2.160195356132071,-0.10571288085528602
20260924,7,5,0.07485638003662826,-2.1783141933917607,-0.16443599180850782
20260924,8,5,0.07142189418133152,-2.2132924738871704,-0.23519479337388563
20260924,9,5,0.06900519009907208,-2.2598136101960593,-0.31308216681244344
20260924,10,5,0.06770147345376527,-2.3151551546203435,-0.3944552770080484
20260924,11,5,0.06685832845969221,-2.377027594554879,-0.4743868617901587
20260924,12,5,0.06621263629150374,-2.441888599776875,-0.5472950211348413
20260924,13,5,0.06610857957299361,-2.5059580122650846,-0.6089644095493735
20260924,14,5,0.0654446345048019,-2.5647901041300276,-0.6519716733982077
20260924,15,5,0.06393307093273455,-2.6135841710834695,-0.6716169222311035
20260924,16,5,0.06223800842447418,-2.6497169595230643,-0.6681759620455822
20260924,17,5,0.060999241881058826,-2.6725034414855013,-0.6438136802402459
20260924,18,5,0.06081191274684065,-2.682594694032092,-0.6012986871226583
20260924,19,5,0.062482928428052004,-2.681653700683847,-0.5431544559276504
20260924,20,5,0.06637955701917257,-2.6701123606441777,-0.4696089607138765
20260924,21,5,0.07259707624026324,-2.647251156575711,-0.38046669948215295
20260924,22,5,0.08068291536260815,-2.6115661815523494,-0.27768287095720456
20260924,23,5,0.08916736393168292,-2.5620700494860627,-0.16907759303520176
20260924,24,5,0.09410296826030644,-2.500103171978517,-0.0741472946780492
20260924,25,5,0.09199945619078848,-2.433393462302166,-0.018938396849491612
20260924,26,5,0.08767416049709732,-2.371502558771276,-0.004275821521594558
20260924,27,5,0.08458409186721796,-2.31749955715329,-0.02310384065101001
20260924,28,5,0.08298243985590556,-2.272296309421511,-0.07432730853245251
20260924,29,5,0.08309325092451768,-2.236078080263532,-0.15627505920474094
20260924,30,5,0.08549699557398142,-2.208194684875147,-0.2663928574269214
20260924,31,5,0.09189784708018464,-2.186406388462314,-0.401448299150775
20260924,32,5,0.10584213946106753,-2.166903753513658,-0.5617226563637843
20260924,33,5,0.12688046829676392,-2.153339596888281,-0.75814313303171
20260924,34,5,0.15056475072631761,-2.1538260862203833,-0.9917208134004517
20260924,35,5,0.17110179825946017,-2.1738493331573143,-1.243081609518915
20260924,36,5,0.18861388264954934,-2.2104976527092264,-1.487375348805473
20260924,37,5,0.21603179922272475,-2.2549163700128716,-1.7270576240457634
20260924,38,5,0.2652509826684753,-2.3069378659750783,-1.9730394996439555
20260924,39,5,0.3310753927745818,-2.3741353985872857,-2.1917437432526636
20260924,40,5,0.39677519331926203,-2.458095990146243,-2.321443352446318
20260924,41,5,0.44796765886560574,-2.5520853556315295,-2.3196416407220477
20260924,42,5,0.4834024139909732,-2.6476849885529425,-2.1857004236907533
20260924,43,5,0.5203707417280182,-2.742920019677571,-1.9526068751907797
20260924,44,5,0.5748648008835565,-2.8408305807686913,-1.6404507692363595
20260924,45,5,0.642547487062975,-2.9387970061292004,-1.2476866112458942
20260924,46,5,0.719764998280097,-3.032072991760348,-0.7866887965351339
20260924,47,5,0.7987941226987795,-3.112467602614749,-0.2846137255251199
20260924,48,5,0.8467676743000364,-3.1599958259920617,0.20065097602067472
20260924,49,5,0.8403790043416325,-3.1592015481937885,0.5904620393504243
20260924,50,5,0.8136583140785008,-3.1216731556842032,0.8618255893578072
20260924,51,5,0.8002315732396503,-3.060434956401938,1.0318917149512439
20260924,52,5,0.8114104526925978,-2.977504862121073,1.1127565913559407
20260924,53,5,0.8394560839422444,-2.866207323148653,1.0940769516133724
20260924,54,5,0.8519386764119742,-2.7177201451719877,0.9416584141046765
20260924,55,5,0.8150516780494915,-2.5374916022637604,0.6446949760981806
20260924,56,5,0.7391643239646047,-2.3481739181188255,0.259605165207887
20260924,57,5,0.6509468500399072,-2.1702373161734583,-0.14403825926756197
20260924,58,5,0.573732862466228,-2.0132654638582683,-0.5179639412387586
20260924,59,5,0.5241931641203658,-1.8745846774280968,-0.8446771521108358
20260924,60,5,0.5015877633433653,-1.7506814140483808,-1.127952858389338
20260924,0,6,0.06707334220224141,-2.373350756092902,-0.22456283074280473
20260924,1,6,0.0741630906412592,-2.3144039123449796,-0.19330614337533625
20260924,2,6,0.07795708900469688,-2.2543936795017383,-0.17172215014557468
20260924,3,6,0.07744259564266351,-2.203032036698616,-0.16305748341570464
20260924,4,6,0.07659190322447566,-2.16301810264922,-0.1660839043845518
20260924,5,6,0.07904142887348989,-2.132128943935159,-0.18010628230883952
20260924,6,6,0.08408467400731798,-2.113409637841904,-0.2075682203218487
20260924,7,6,0.07629699087291887,-2.133987097789125,-0.2485105103228759
20260924,8,6,0.06939455566014473,-2.170105181190354,-0.2947057236617494
20260924,9,6,0.06635889768654082,-2.2143346587907873,-0.3457168573461973
20260924,10,6,0.06540311464113094,-2.267742410591602,-0.3999837180043765
20260924,11,6,0.06417540290104855,-2.329989615004237,-0.4520180287159161
20260924,12,6,0.06170614894105662,-2.396225838522521,-0.49547011084272063
20260924,13,6,0.06399671790747762,-2.4635499201326776,-0.5390630471281883
20260924,14,6,0.06446520169794553,-2.5272662862769693,-0.5662556804081
20260924,15,6,0.06294401748373724,-2.5799977885047287,-0.5732968439424391
20260924,16,6,0.06098322466301113,-2.618642022168018,-0.5626879852807494
20260924,17,6,0.05912907607864505,-2.6415973937429804,-0.5363214005171658
20260924,18,6,0.057851783671858475,-2.6488761281903868,-0.49676797924107075
20260924,19,6,0.06040782121044738,-2.6477129666540575,-0.44831143505898424
20260924,20,6,0.0656236394135172,-2.6341845661649166,-0.38698377664992817
20260924,21,6,0.07374379641838828,-2.606403820168841,-0.31164259171880804
20260924,22,6,0.08509312736034189,-2.5621979457194883,-0.22276655668603002
20260924,23,6,0.10066047791858852,-2.500233382422897,-0.1224200852351856
20260924,24,6,0.1144364274107653,-2.4184108720581414,-0.03026836938500571
20260924,25,6,0.10280144428923914,-2.330905685331885,-0.018375303313025837
20260924,26,6,0.09186639418998392,-2.257027857880759,-0.043247364239646924
20260924,27,6,0.0861970615174536,-2.1952821251529175,-0.08913928255558878
20260924,28,6,0.08305246918109167,-2.146512285368684,-0.1608410693664049
20260924,29,6,0.08326181571636736,-2.1090323731731715,-0.25457338815732633
20260924,30,6,0.08703526941215003,-2.0821257316005033,-0.37073110239040863
20260924,31,6,0.08878279707982409,-2.076256488614557,-0.518585320887671
20260924,32,6,0.10191245681589922,-2.069979994869639,-0.6816272837035748
20260924,33,6,0.12479248766559499,-2.0727571122695476,-0.8775941049443948
20260924,34,6,0.15088945243278118,-2.0991440006407434,-1.107052842309566
20260924,35,6,0.17086004857954337,-2.156223612996725,-1.3431798031343196
20260924,36,6,0.17996263908141247,-2.2371099486125874,-1.548768986624746
20260924,37,6,0.20395995673580206,-2.3245585035945844,-1.7518696700592957
20260924,38,6,0.26203412960721045,-2.425301722583176,-1.9835773040877012
20260924,39,6,0.34089936934554727,-2.5473076490434683,-2.185734435861109
20260924,40,6,0.4166397258031738,-2.6784075009795734,-2.2805571633509096
20260924,41,6,0.47038012966462234,-2.797311055835013,-2.225934838554316
20260924,42,6,0.4964440384618902,-2.8872727629120334,-2.026992329657074
20260924,43,6,0.5252034744086385,-2.9553143836852387,-1.7390200284887425
20260924,44,6,0.5916917185234546,-3.0180154149788176,-1.3885418035585755
20260924,45,6,0.6779611942347387,-3.0619062893148667,-0.9548283788350844
20260924,46,6,0.7790154311722849,-3.079807239073108,-0.4494929500279451
20260924,47,6,0.8954298967556559,-3.068254298372696,0.10134017541300722
20260924,48,6,0.9778394599967533,-3.0089808643543345,0.62395526110378
20260924,49,6,0.9299989097682734,-2.8852642406000584,0.9609754593635242
20260924,50,6,0.8770361532037975,-2.7501619217529205,1.1610198186283247
20260924,51,6,0.8582994198583582,-2.6156797462573738,1.26528094683018
20260924,52,6,0.8764030656868427,-2.4788054815415568,1.281957530286567
20260924,53,6,0.9252142387708053,-2.334577355368129,1.1998013786704926
20260924,54,6,0.9646321992217465,-2.1837357833682742,0.9735249305847299
20260924,55,6,0.9105697756583419,-2.0478919514687894,0.5616125510008967
20260924,56,6,0.8129265185791237,-1.9402967184638396,0.0769476605792686
20260924,57,6,0.7033383942495895,-1.8648812104049248,-0.3998556901004571
20260924,58,6,0.6029150014233603,-1.8187878898840733,-0.8184441949670596
20260924,59,6,0.5351011844884531,-1.7887734010383605,-1.164435830553689
20260924,60,6,0.5099404553260644,-1.7619811268869117,-1.4572655008508573
20260924,0,7,0.06154611494702655,-2.364398012590811,-0.30401559031133923
20260924,1,7,0.07126585839945769,-2.3127112384310906,-0.29294721606435237
20260924,2,7,0.07475507596074847,-2.2550812686554806,-0.28530595064810044
20260924,3,7,0.07333986562721678,-2.202274362447805,-0.28103749621272744
20260924,4,7,0.07256147773544255,-2.1573498362243755,-0.28110949239713917
20260924,5,7,0.07690541766711109,-2.117314551178346,-0.28792226353516176
20260924,6,7,0.08710326645890487,-2.0829085373499514,-0.30413744215912875
20260924,7,7,0.07397487955531305,-2.10141095608806,-0.3166099110952367
20260924,8,7,0.06556339537504038,-2.131133214650931,-0.3330932302436961
20260924,9,7,0.06301844210385765,-2.1671510685972715,-0.35577519402710367
20260924,10,7,0.063089228100849,-2.2134876758193975,-0.3824443757250789
20260924,11,7,0.06267543552432518,-2.2714193460061614,-0.40804303772106454
20260924,12,7,0.05943588371720301,-2.336130472582857,-0.4263472616193764
20260924,13,7,0.06302852326531833,-2.4035775171200813,-0.4493774567623008
20260924,14,7,0.06391880515698305,-2.4694511814740423,-0.4606099851328822
20260924,15,7,0.0625888236497756,-2.5254010128291897,-0.45909768051670274
20260924,16,7,0.0607551493889692,-2.5675192709599415,-0.44701556344839966
20260924,17,7,0.05877945225502696,-2.593039115197823,-0.42552327694408687
20260924,18,7,0.056829429908839636,-2.6005904457313296,-0.39641611018027506
20260924,19,7,0.06009754711730588,-2.6016913321948216,-0.3615749208297692
20260924,20,7,0.06590407305297726,-2.5882472016310443,-0.3173928811608086
20260924,21,7,0.07455506844239725,-2.5578590458932506,-0.26341041006450294
20260924,22,7,0.08651500759221219,-2.508038849459673,-0.2005639649743261
20260924,23,7,0.10407254673021477,-2.437665549449278,-0.12891549294029436
20260924,24,7,0.1228980432623387,-2.343585584104231,-0.0628453993634761
20260924,25,7,0.10606295130400306,-2.246176036144312,-0.08767665636419242
20260924,26,7,0.09343680811384322,-2.165841843152149,-0.13612312177065872
20260924,27,7,0.08748805282495234,-2.098792049009429,-0.19775908302911138
20260924,28,7,0.08397204167094169,-2.047529737498901,-0.280007781022672
20260924,29,7,0.08419474008050361,-2.009648978356679,-0.37909607552471825
20260924,30,7,0.08944527315645216,-1.9825666700375073,-0.49491840061482995
20260924,31,7,0.08862590888698213,-1.9894982173678455,-0.6383508220783807
20260924,32,7,0.10074491943366047,-1.9953302673728341,-0.7940059009116953
20260924,33,7,0.12335850792222665,-2.013883870144023,-0.9777716692485456
20260924,34,7,0.15027509737349995,-2.061996051863484,-1.1870500588019535
20260924,35,7,0.17105852091412369,-2.146951693479604,-1.393401640043852
20260924,36,7,0.17761606523301035,-2.2581602385338466,-1.5567788096799156
20260924,37,7,0.2022321757905181,-2.3777290658067165,-1.7210235211077165
20260924,38,7,0.26449791266331274,-2.5201344137831003,-1.9140532118146412
20260924,39,7,0.34743835078701796,-2.6867499245882778,-2.0677345396650297
20260924,40,7,0.4253789010426122,-2.851551350005479,-2.109268596352031
20260924,41,7,0.4785155947064206,-2.98221725331023,-2.006628819033476
20260924,42,7,0.5001342127276415,-3.0572605338899908,-1.7725269711561422
20260924,43,7,0.5308568662222769,-3.0975588587117038,-1.466087693258244
20260924,44,7,0.6071728270623918,-3.1243753790962407,-1.0999207502750554
20260924,45,7,0.7015949733310206,-3.110274716184243,-0.6548720266748179
20260924,46,7,0.8054599907927723,-3.045877739649157,-0.15103928797120503
20260924,47,7,0.9234405231034101,-2.9332915735445564,0.3812326280438185
20260924,48,7,1.019185252237153,-2.767563374646561,0.8723771699247722
20260924,49,7,0.9536745462246902,-2.5513729826152614,1.126045339931879
20260924,50,7,0.900955611518455,-2.3476963481451625,1.2545937273581815
20260924,51,7,0.8855359541265019,-2.1603794554665434,1.2901801341756227
20260924,52,7,0.9030560969453464,-1.9869765861558317,1.2308077527273937
20260924,53,7,0.9496223146151781,-1.8268513076991506,1.067755747946304
20260924,54,7,0.9941883921907212,-1.6907852293519476,0.7696685747444328
20260924,55,7,0.9379960747849815,-1.6212071556527325,0.29985046898718815
20260924,56,7,0.8449498747601298,-1.6061375191205927,-0.2180250170368495
20260924,57,7,0.7364712304747532,-1.636320115731153,-0.7112709569461897
20260924,58,7,0.6280327493895342,-1.6992498630582569,-1.1288343195517823
20260924,59,7,0.5452569821109217,-1.7740806975601884,-1.4551989012313777
20260924,60,7,0.5101923335867767,-1.8425781797245708,-1.7204846564488192
20260924,0,8,0.07240661551608783,-2.368970427443273,-0.3835271155506325
20260924,1,8,0.07289774882197676,-2.3177468058248993,-0.38743316985014187
20260924,2,8,0.07163961269811245,-2.261058063977556,-0.3868823236375565
20260924,3,8,0.06880475399227395,-2.2059098461176303,-0.38194533725510305
20260924,4,8,0.06671537645810294,-2.156914570431089,-0.3752693119193643
20260924,5,8,0.06664230025815285,-2.1159927501186533,-0.36934747097247345
20260924,6,8,0.0666301024600896,-2.0881564699993174,-0.3635289628711388
20260924,7,8,0.062462797371184174,-2.083004165296976,-0.3545298823360077
20260924,8,8,0.0591535800701777,-2.093914471762979,-0.3476849440352681
20260924,9,8,0.05870274179920915,-2.11673157479879,-0.34530463945701423
20260924,10,8,0.06015595390005883,-2.1525687554463717,-0.3461767978140939
20260924,11,8,0.061933956474148115,-2.202232234893358,-0.3480638134124353
20260924,12,8,0.06274104368581698,-2.263055099168617,-0.34893893277211685
20260924,13,8,0.06354118060384156,-2.3294230266253972,-0.34867105757363187
20260924,14,8,0.06361507723300615,-2.395557622545869,-0.3457777766926195
20260924,15,8,0.0628182427254998,-2.4548751566402633,-0.33965789782298167
20260924,16,8,0.06165460473230526,-2.5022568417385074,-0.3304745520457386
20260924,17,8,0.060591730183569475,-2.5344212835536055,-0.31857962027838643
20260924,18,8,0.06042797420380444,-2.5505776408980085,-0.3042803348743081
20260924,19,8,0.06272199456965984,-2.55277826473181,-0.2868378768864801
20260924,20,8,0.06778449009172796,-2.5398291139716256,-0.26532578866098105
20260924,21,8,0.07536271828643115,-2.508494326313856,-0.2401904194511211
20260924,22,8,0.0847250881402302,-2.455581681734526,-0.2143213984089331
20260924,23,8,0.09471964829675429,-2.3804849818080154,-0.1932875455689536
20260924,24,8,0.10097562441768991,-2.2869959722486,-0.18933607387329127
20260924,25,8,0.09763393096937427,-2.189995617362886,-0.21773220277693212
20260924,26,8,0.09247243635671948,-2.102993664952052,-0.2684461925960015
20260924,27,8,0.08896864682731877,-2.0297141235483487,-0.3355818709129885
20260924,28,8,0.08644644779225825,-1.97411547216282,-0.41945341476443515
20260924,29,8,0.08532897720326472,-1.9378755983693607,-0.5180933207297943
20260924,30,8,0.08660986617770511,-1.9203108070633805,-0.6293834744395208
20260924,31,8,0.09126743162875305,-1.92061161918669,-0.7528027864899245
20260924,32,8,0.10344820961529884,-1.9339312478639568,-0.8912217707549996
20260924,33,8,0.12382877960876795,-1.9671700009586888,-1.0494983930178112
20260924,34,8,0.14926853048479177,-2.0322181453960617,-1.2225561795786146
20260924,35,8,0.17196227416532675,-2.134893852368277,-1.388375080996859
20260924,36,8,0.1893926629256062,-2.264777176393795,-1.5259790568980436
20260924,37,8,0.21945113606291453,-2.411768621066358,-1.652384608959756
20260924,38,8,0.27722780444444595,-2.584045719395812,-1.777123392191803
20260924,39,8,0.3532826874502179,-2.7760628413008894,-1.8562048093395151
20260924,40,8,0.4259696927342042,-2.9565140252132607,-1.838023476041662
20260924,41,8,0.47835460122574597,-3.089896721835411,-1.7032366882549335
20260924,42,8,0.5123781382020016,-3.1607220000727194,-1.4703179225353291
20260924,43,8,0.5579727918053584,-3.185579337447377,-1.171604816455489
20260924,44,8,0.6323935415947278,-3.1705406441151407,-0.8108707536983053
20260924,45,8,0.7187444995477481,-3.0948127402086167,-0.39195121903898433
20260924,46,8,0.8030115044717943,-2.950502749912708,0.0549587999493133
20260924,47,8,0.8777204265496522,-2.7450910471683647,0.4865468424055217
20260924,48,8,0.9212219946375884,-2.4938765117286454,0.8408545272635088
20260924,49,8,0.914276366393793,-2.227638990889045,1.0543787654791195
20260924,50,8,0.8966886939153548,-1.9776209092732997,1.1395123530742173
20260924,51,8,0.8925898746423264,-1.7552013831739455,1.1157591067270742
20260924,52,8,0.9054041705739586,-1.5659553449276178,0.986033310352299
20260924,53,8,0.9290403845550383,-1.417681723683716,0.7456847361092726
20260924,54,8,0.9410607083810681,-1.3270540979780874,0.3876418112279051
20260924,55,8,0.913207527214972,-1.3133830710548158,-0.0693216996534779
20260924,56,8,0.8500880282160966,-1.3727883299902661,-0.5630705061831213
20260924,57,8,0.7641248694228981,-1.489128289690267,-1.0293465784863205
20260924,58,8,0.6709284255324295,-1.6398177632953788,-1.4191603781052688
20260924,59,8,0.5945467111827325,-1.798751422747051,-1.7174418886846403
20260924,60,8,0.5569883337511977,-1.949147848133685,-1.9483932077401382
20260924,0,9,0.07276713552912246,-2.3714224306392495,-0.4545652303097505
20260924,1,9,0.07094423140938465,-2.320917344009306,-0.46555023439820226
20260924,2,9,0.06797553261339731,-2.263069345329094,-0.46650769548869997
20260924,3,9,0.06435441907001686,-2.2045672745878453,-0.4578738198042766
20260924,4,9,0.060935793279943695,-2.151057996854868,-0.4418742411506572
20260924,5,9,0.058009378617327384,-2.1066840153119406,-0.42062953307328843
20260924,6,9,0.05540231785482604,-2.0748582064980052,-0.3957375977382446
20260924,7,9,0.05353670474511438,-2.057094280214456,-0.36960167661150894
20260924,8,9,0.05320136535023059,-2.0529353596399407,-0.3445575289372575
20260924,9,9,0.054484359938270034,-2.0626588071130687,-0.3212557459278559
20260924,10,9,0.05694749378917455,-2.0874096571130627,-0.2995141848996016
20260924,11,9,0.05966890157087465,-2.1279560736510916,-0.2791590789544818
20260924,12,9,0.06171387988636702,-2.1825036674360723,-0.2607051238165007
20260924,13,9,0.06292624301423495,-2.2460841308146566,-0.24515696463765388
20260924,14,9,0.0635336496462967,-2.312508401650728,-0.23321551025423806
20260924,15,9,0.06369424907142175,-2.375523445518378,-0.22517997801478795
20260924,16,9,0.06357532162315158,-2.4293991875630567,-0.2210822024006232
20260924,17,9,0.0635403725713979,-2.4697919987031547,-0.22064792522146964
20260924,18,9,0.06427484738756704,-2.4944878147977376,-0.2231411181149879
20260924,19,9,0.06660137169448165,-2.502831967584713,-0.22751313490580122
20260924,20,9,0.07092189309443221,-2.493611390652432,-0.23328679349489193
20260924,21,9,0.0769135464593317,-2.4642338973923907,-0.2414190255010064
20260924,22,9,0.08351155094689526,-2.412369243402085,-0.25453440532660276
20260924,23,9,0.08923553996611226,-2.3388787531244586,-0.2762445980246343
20260924,24,9,0.0925535019703585,-2.2495811462787048,-0.310100380811557
20260924,25,9,0.09299270619777039,-2.1546918577404037,-0.35767923441386706
20260924,26,9,0.09211901634304916,-2.064227798628681,-0.4175052552714178
20260924,27,9,0.09121593340259483,-1.9851932398193413,-0.48807416549615745
20260924,28,9,0.09058541905459411,-1.9231278528294342,-0.5684559107286347
20260924,29,9,0.09066514883278706,-1.8816876431681209,-0.6572511569140316
20260924,30,9,0.09261561800573362,-1.8614630551232487,-0.7530863495865672
20260924,31,9,0.09818190059324342,-1.8610977772399406,-0.8559393625412431
20260924,32,9,0.10926804915315817,-1.8804879044840597,-0.967408648731724
20260924,33,9,0.12706506095002912,-1.9238638302333917,-1.0884237170000959
20260924,34,9,0.150187247602531,-1.9993544293069485,-1.2139348863104373
20260924,35,9,0.17467898590783631,-2.111036666158324,-1.330764809598337
20260924,36,9,0.20046640361228546,-2.2526397462972607,-1.4283364581777098
20260924,37,9,0.23611685569816737,-2.417666640635296,-1.5075352740478252
20260924,38,9,0.2896723980681563,-2.605866005364609,-1.5640250447958406
20260924,39,9,0.35686905824229875,-2.806626153090347,-1.5734879516558125
20260924,40,9,0.4236845370034529,-2.9905269961493417,-1.5088890890091267
20260924,41,9,0.47975474936572793,-3.126137873794357,-1.3625856030238364
20260924,42,9,0.5289128763474243,-3.1993726108937386,-1.1463756194744184
20260924,43,9,0.5862600663271194,-3.2126755574436423,-0.8741415804161812
20260924,44,9,0.658450452536439,-3.1627036147505483,-0.5530564630728076
20260924,45,9,0.7343354481288487,-3.0364608690069668,-0.19968832956740334
20260924,46,9,0.7998877174717142,-2.832409736588169,0.15238279534532684
20260924,47,9,0.8478416639722607,-2.56676538763378,0.463724394880638
20260924,48,9,0.8753241893594405,-2.26644458952559,0.6982317523210473
20260924,49,9,0.884828501044652,-1.9622494183539239,0.8314192820739217
20260924,50,9,0.8871552501952783,-1.680223443514456,0.8577200607412129
20260924,51,9,0.8922944655399353,-1.437383458134672,0.7807402742216027
20260924,52,9,0.9035124693802895,-1.2459930763089613,0.6036814587468883
20260924,53,9,0.9159899810984501,-1.1189029513263673,0.32886895434023444
20260924,54,9,0.9182349197670462,-1.0703353475906334,-0.034397873119769495
20260924,55,9,0.8995471617494444,-1.108638678708797,-0.4591461284976927
20260924,56,9,0.856852507247377,-1.2286214259466872,-0.9013966340345649
20260924,57,9,0.7949193703390731,-1.4117195298077585,-1.3125581487099491
20260924,58,9,0.7261039633737805,-1.6307545907609184,-1.6549753629150605
20260924,59,9,0.6674494538930498,-1.8591898026832707,-1.914941378480512
20260924,60,9,0.6323347382038456,-2.0813723680774645,-2.0997243745782743
20260924,0,10,0.07020887216276177,-2.361610685499105,-0.5034164554352398
20260924,1,10,0.06810067857731618,-2.3121764638914963,-0.5186717116442678
20260924,2,10,0.06499772680407931,-2.253268413041815,-0.5202442059863717
20260924,3,10,0.06123671548454697,-2.1916396872485318,-0.5081120241383057
20260924,4,10,0.057334667465455735,-2.1336019266444928,-0.4842220621040092
20260924,5,10,0.053671521718463545,-2.0840638888106557,-0.45139090520675473
20260924,6,10,0.05108143604426727,-2.0455329645425167,-0.41368976240515476
20260924,7,10,0.05038710081711912,-2.018226668037655,-0.37443296508167295
20260924,8,10,0.05030088402693746,-2.005256135977168,-0.3330661968047535
20260924,9,10,0.051867011229718187,-2.0057854904053483,-0.2920563552981168
20260924,10,10,0.05483197089652107,-2.0211866661291187,-0.2517221456379992
20260924,11,10,0.05804617675034119,-2.0535651791891256,-0.21304247108236202
20260924,12,10,0.060679829313583504,-2.102024232493603,-0.17861377587141963
20260924,13,10,0.06257860735954149,-2.1623622922237837,-0.15123162956598046
20260924,14,10,0.06403061314017931,-2.2287853595759146,-0.13274682946158686
20260924,15,10,0.06525445545184462,-2.295243611178511,-0.12414046438800627
20260924,16,10,0.0663139939221331,-2.35574584871907,-0.12583834721560072
20260924,17,10,0.06736352805497653,-2.4049218680945117,-0.13758240402172917
20260924,18,10,0.06878383191354413,-2.4388272951087555,-0.15836957574517194
20260924,19,10,0.07110618413321115,-2.4550933028066684,-0.18681963543594107
20260924,20,10,0.07473835266190514,-2.452083659719268,-0.22188281496375398
20260924,21,10,0.07952314694997724,-2.4278330478457315,-0.2634768203406089
20260924,22,10,0.08456726749385747,-2.380728708266048,-0.31222409926189104
20260924,23,10,0.0887515662871672,-2.3120495751424337,-0.3683284786173357
20260924,24,10,0.09142581103864991,-2.227297304060656,-0.43092424531312623
20260924,25,10,0.09272296504333474,-2.134853216187954,-0.4983850163695002
20260924,26,10,0.09338406039817208,-2.0433621882467126,-0.5690769375722052
20260924,27,10,0.09411881641751157,-1.9601723754840377,-0.6418806754610136
20260924,28,10,0.09529738424000442,-1.8914372072491714,-0.7160189782889927
20260924,29,10,0.09720013633929935,-1.8421326041039476,-0.7907575574303238
20260924,30,10,0.10039054598011518,-1.8154520423096732,-0.865495838585219
20260924,31,10,0.10609880571669189,-1.812319126350673,-0.9402577204949387
20260924,32,10,0.11619013436604406,-1.832742771420356,-1.0158180567749515
20260924,33,10,0.13196489357625052,-1.8794538003101253,-1.091792263275253
20260924,34,10,0.15256830511766817,-1.9583232746733756,-1.1636108643927967
20260924,35,10,0.17597187771334113,-2.071884911125301,-1.2235909581225575
20260924,36,10,0.20329497143403266,-2.2157462131129693,-1.2666813979103695
20260924,37,10,0.24029999674017877,-2.385044914205952,-1.2910444180041907
20260924,38,10,0.29179899636784684,-2.576500870953726,-1.2903180600451152
20260924,39,10,0.35425517775514054,-2.7770408642170104,-1.2504472467559657
20260924,40,10,0.41694473769702073,-2.9584190520654285,-1.1596169472928293
20260924,41,10,0.473551583982125,-3.0923654974868326,-1.017983789638117
20260924,42,10,0.5297438894853868,-3.1658250035367317,-0.8333156757972378
20260924,43,10,0.5961177851941845,-3.1749911903255876,-0.6117941948261124
20260924,44,10,0.6735436029676042,-3.1098155103725023,-0.3608454630713156
20260924,45,10,0.7489864245957913,-2.9574553364379446,-0.10012845343366006
20260924,46,10,0.8081482175028689,-2.720822286059693,0.13988586070680487
20260924,47,10,0.8463274404002318,-2.4227481259786385,0.33040157877812604
20260924,48,10,0.8670322651169037,-2.09531385036453,0.4517030927977499
20260924,49,10,0.8770022643780879,-1.7699346267292007,0.49355970351434975
20260924,50,10,0.8835693679175979,-1.472435820727675,0.453371169858206
20260924,51,10,0.8930756927967876,-1.2218287542523747,0.33324534478679624
20260924,52,10,0.9080836023991441,-1.0328305908271067,0.13644894276993957
20260924,53,10,0.9236079993524131,-0.9208300028187799,-0.133153080927232
20260924,54,10,0.9285232033139889,-0.901466834992495,-0.46416372999638184
20260924,55,10,0.9137566740044262,-0.9813663537045045,-0.83068550164763
20260924,56,10,0.8781297640906456,-1.1510501310130719,-1.1961412995728966
20260924,57,10,0.8286802590120398,-1.3867498167111143,-1.5247548628071692
20260924,58,10,0.778139760070551,-1.6587081652823015,-1.7928849308320034
20260924,59,10,0.7381186270909271,-1.94206979890188,-1.9914531620017322
20260924,60,10,0.7120158037878663,-2.2210760490440777,-2.1157928131910078
20260924,0,11,0.06859295467509394,-2.335121145555108,-0.5287705418969999
20260924,1,11,0.06671750663277488,-2.28678262505207,-0.5474088246116918
20260924,2,11,0.06378442455650517,-2.227645904670776,-0.5501411315711163
20260924,3,11,0.060217741755442776,-2.1644375236244087,-0.5366245930588797
20260924,4,11,0.05662430427964326,-2.1034545462453975,-0.5089202024024454
20260924,5,11,0.053265140428634165,-2.049694488762807,-0.46970881233192163
20260924,6,11,0.05100863281276297,-2.00590212728417,-0.4234678549872041
20260924,7,11,0.05156593141134355,-1.9709728661997896,-0.3748999958824457
20260924,8,11,0.05023117735101076,-1.9543262692024514,-0.3191580888632288
20260924,9,11,0.051368035299199116,-1.9496311514702094,-0.2641541337688007
20260924,10,11,0.05461732564376092,-1.9583963255735948,-0.20941183787039966
20260924,11,11,0.058374702059752676,-1.9844337610395564,-0.15638456509324578
20260924,12,11,0.06144562264030937,-2.028299247928776,-0.10953204012179882
20260924,13,11,0.06346129535018098,-2.0863551629798573,-0.07370413877719073
20260924,14,11,0.06527565491449884,-2.152607965825323,-0.05114218289055472
20260924,15,11,0.06734759652012494,-2.221575905922797,-0.04297247639769436
20260924,16,11,0.0694319397681502,-2.2875031583727847,-0.0505885151992439
20260924,17,11,0.07127596160563035,-2.344175251192222,-0.07458999481183348
20260924,18,11,0.07297539515573827,-2.3862039063267355,-0.1139982659134321
20260924,19,11,0.07512403981895298,-2.4103201813902517,-0.16635392354700196
20260924,20,11,0.07837934222693997,-2.4148388518486064,-0.22914235735546695
20260924,21,11,0.08273902328795342,-2.3979141469500598,-0.3008779341099129
20260924,22,11,0.08747055956642244,-2.357891256527133,-0.3802098543759681
20260924,23,11,0.09163337725918219,-2.2955355449856487,-0.4646694366458847
20260924,24,11,0.09423614488572042,-2.2152269486427825,-0.5505973202742922
20260924,25,11,0.09503128843495193,-2.1250662993393283,-0.6338366477115505
20260924,26,11,0.09554336210008724,-2.033836773859466,-0.7118009988397909
20260924,27,11,0.09694913198004286,-1.948134273193592,-0.7836506870102051
20260924,28,11,0.09950273000089199,-1.8737051267544316,-0.8488418677830438
20260924,29,11,0.10312219666886194,-1.816250239177011,-0.9066946328062702
20260924,30,11,0.10728352195370258,-1.7817889520435402,-0.9559871582597639
20260924,31,11,0.11248276733676636,-1.7736589918019945,-0.9966484270419385
20260924,32,11,0.12157589061272041,-1.7903198225244754,-1.0312046729611521
20260924,33,11,0.13596484746124698,-1.833655943399493,-1.0595015820480935
20260924,34,11,0.15374785906597027,-1.9095009607456053,-1.0771113833670056
20260924,35,11,0.1722734312360485,-2.0189581301976154,-1.0797455125005397
20260924,36,11,0.19410281083495645,-2.155637589086613,-1.0677048313360737
20260924,37,11,0.22857197189279513,-2.316071930648659,-1.0423959373149945
20260924,38,11,0.2809577815116873,-2.5010494946177224,-0.9983722696085171
20260924,39,11,0.34386078082337407,-2.69712923605264,-0.9276231552830151
20260924,40,11,0.4027303777444454,-2.8723497535037312,-0.829615114223869
20260924,41,11,0.45103097313309404,-2.997202866419947,-0.7114952461323696
20260924,42,11,0.5020476074837811,-3.0657673559291956,-0.5777844731974798
20260924,43,11,0.5769446243385952,-3.082573939828874,-0.42511248404845603
20260924,44,11,0.6716523443918755,-3.027944385954857,-0.25904210490032
20260924,45,11,0.7599048656640612,-2.8767434737644377,-0.10274697598462013
20260924,46,11,0.823325506258807,-2.6327286183628766,0.018980288369590648
20260924,47,11,0.8604151108925263,-2.3244776662596145,0.09094558459086488
20260924,48,11,0.8773087440668661,-1.9880140019650256,0.10622120220832709
20260924,49,11,0.8819419850211934,-1.6572496887886496,0.06358806251394544
20260924,50,11,0.8850520864041093,-1.3584283106459907,-0.03289383087610798
20260924,51,11,0.8961342635422143,-1.108756467916989,-0.17830008211525317
20260924,52,11,0.9206516288920131,-0.9204268661752815,-0.36957015708797586
20260924,53,11,0.9528920620749269,-0.8097957799627928,-0.6052771948442371
20260924,54,11,0.9706888361697972,-0.8022582808051764,-0.8768290282802153
20260924,55,11,0.9546617947872605,-0.9118828686422404,-1.1585039021095807
20260924,56,11,0.9109566204263421,-1.1208319599232077,-1.4184142044151695
20260924,57,11,0.8585446314315068,-1.3945833571538326,-1.63506173940408
20260924,58,11,0.8148297491161051,-1.7010622236680297,-1.8004306865417417
20260924,59,11,0.7884732422438891,-2.0190658513473205,-1.9124573325333247
20260924,60,11,0.7735355857905183,-2.3341500908798,-1.9612987089902107
20260924,0,12,0.06845696718934137,-2.2881704051486107,-0.5317656963874613
20260924,1,12,0.06702675483802646,-2.241831045712852,-0.554051290779947
20260924,2,12,0.06426135303806652,-2.1844842677632044,-0.5592734155003395
20260924,3,12,0.06111913267212714,-2.1227775607244688,-0.5474593475685967
20260924,4,12,0.05870158512431527,-2.062051930835353,-0.521387620202798
20260924,5,12,0.05733925643565742,-2.0058883607892484,-0.48318775317191265
20260924,6,12,0.055262555580198235,-1.9595921703921513,-0.4313915931835437
20260924,7,12,0.05224876751084115,-1.9280461085907061,-0.36985221728335727
20260924,8,12,0.05145292883667677,-1.9081870513738444,-0.3066856666138748
20260924,9,12,0.05291529507801461,-1.9001020036018288,-0.2423949160317338
20260924,10,12,0.056484656033678825,-1.905213446046677,-0.17713012947928145
20260924,11,12,0.061654067907073895,-1.9260968917420629,-0.11237166031123719
20260924,12,12,0.06621305177378509,-1.9662390814369008,-0.054154449934614546
20260924,13,12,0.06644825514747488,-2.0248720564647824,-0.015019203477118409
20260924,14,12,0.0672302220921587,-2.0910786793707006,0.007506583520463073
20260924,15,12,0.0697250343979555,-2.16081780167744,0.014244694003547775
20260924,16,12,0.07236807782297369,-2.229492210256907,0.0007377607886840942
20260924,17,12,0.07406580237721454,-2.289966283610532,-0.035590954001313346
20260924,18,12,0.07502831744117675,-2.336092737138731,-0.09275027277596892
20260924,19,12,0.07724951071399931,-2.366406086710085,-0.1648830149709802
20260924,20,12,0.08105385407616178,-2.3786641179131087,-0.24977953655357582
20260924,21,12,0.08588081124470796,-2.3696319917412896,-0.34585168121763255
20260924,22,12,0.09136565520488805,-2.3375746729178477,-0.4499726668682195
20260924,23,12,0.0978141409528297,-2.2833533923917266,-0.5581071448187318
20260924,24,12,0.1025104810762592,-2.2077350437829555,-0.664215125718716
20260924,25,12,0.09993544675500024,-2.1179545913433246,-0.7560941039990883
20260924,26,12,0.09783615508932295,-2.0276684344975187,-0.8340605951506772
20260924,27,12,0.09900497203655459,-1.9412413818744616,-0.9007526033294699
20260924,28,12,0.10277523701957228,-1.8626008976282542,-0.9552439060474278
20260924,29,12,0.10953875983117199,-1.7957380823197266,-0.9974446571558184
20260924,30,12,0.11628588789538809,-1.750413167689029,-1.0221436774353176
20260924,31,12,0.1179056921418604,-1.7401987059365847,-1.0233732895943728
20260924,32,12,0.12448197270549194,-1.7525023151509727,-1.0155991403154565
20260924,33,12,0.13794146563871681,-1.788022931940533,-0.9991850681681959
20260924,34,12,0.15276573808183574,-1.8565682662667715,-0.9684331869320915
20260924,35,12,0.16306113882940623,-1.9589631676250707,-0.9235521611667971
20260924,36,12,0.17300776199719953,-2.0831659807151146,-0.8710217148510295
20260924,37,12,0.20408899765244265,-2.225923348530308,-0.8107704680483658
20260924,38,12,0.26191043987734436,-2.3986252770569596,-0.7336893690014872
20260924,39,12,0.3295021879686387,-2.5880417758604266,-0.6426871891681603
20260924,40,12,0.383492736942913,-2.754795628068404,-0.5534937790774651
20260924,41,12,0.4103569942982858,-2.860791498916429,-0.48209953219916984
20260924,42,12,0.43516214322523006,-2.910843296763409,-0.42239791692362283
20260924,43,12,0.5231349400521775,-2.9510822729780717,-0.3394582898889137
20260924,44,12,0.6523393603473402,-2.934626158868679,-0.25274806118915916
20260924,45,12,0.7639640115164192,-2.8073749209388374,-0.20130531993314538
20260924,46,12,0.8372604562868603,-2.5763165301965674,-0.19710108413316574
20260924,47,12,0.8794053774088451,-2.276539816618593,-0.23598380190957713
20260924,48,12,0.8982060479447668,-1.9456866396190822,-0.3125151327254384
20260924,49,12,0.8922085295251485,-1.6218563101507497,-0.42278074212061895
20260924,50,12,0.8870969534486888,-1.3315469341553983,-0.5547152078430779
20260924,51,12,0.8981865041336977,-1.0875965842446942,-0.7036100556525152
20260924,52,12,0.9376632253047216,-0.8955571989856121,-0.8697105333652397
20260924,53,12,1.0055614879207073,-0.7673991579404669,-1.055676838718582
20260924,54,12,1.0528324655958528,-0.7493115991612433,-1.250849563338458
20260924,55,12,1.0184321008949757,-0.8825135208264279,-1.419075837025506
20260924,56,12,0.9449287318980684,-1.1212079398374994,-1.5432679616955831
20260924,57,12,0.876038345578099,-1.4144941069725898,-1.6255423595491023
20260924,58,12,0.8309926874324987,-1.7326064745989487,-1.6719230606264723
20260924,59,12,0.8141314936915358,-2.061247752244964,-1.6847431735774423
20260924,60,12,0.8097258332163026,-2.3893199641987732,-1.6517921403176605
20260924,0,13,0.06858817848338332,-2.2172346859909604,-0.5136722885244344
20260924,1,13,0.06787572201531462,-2.17541835759054,-0.540339278880664
20260924,2,13,0.06548904950096612,-2.123841116652751,-0.5501963612406727
20260924,3,13,0.06305058541191585,-2.068418253500589,-0.5435113290097748
20260924,4,13,0.06238088408927337,-2.0128225372329775,-0.5237840580846351
20260924,5,13,0.06665357464345409,-1.9564226011411572,-0.49721047663375006
20260924,6,13,0.07829641417735964,-1.895889408168464,-0.4633889390700059
20260924,7,13,0.061509979852491306,-1.8810417327106213,-0.3756957150005329
20260924,8,13,0.055877748423889435,-1.8701722224408717,-0.30162257313260066
20260924,9,13,0.05637236807575076,-1.8646979865363407,-0.2307452176599671
20260924,10,13,0.05986083621892197,-1.8701066356052451,-0.1587138113192537
20260924,11,13,0.06813248005392683,-1.8861045155126168,-0.0834477713301463
20260924,12,13,0.08119393079105997,-1.9176080664366304,-0.004813894879055591
20260924,13,13,0.07195551656309766,-1.9839003261054335,0.02418991084363753
20260924,14,13,0.06972592652209897,-2.0493538072311313,0.04168834717299069
20260924,15,13,0.07237522257541554,-2.116999647429303,0.0470069474792274
20260924,16,13,0.0749427745707473,-2.1842995537056957,0.028132675992608713
20260924,17,13,0.07501365006882395,-2.242713789694624,-0.02033396004380128
20260924,18,13,0.07271846240209663,-2.2847508671601267,-0.09469679425683786
20260924,19,13,0.07723738892245216,-2.320401330848341,-0.17641534415884158
20260924,20,13,0.0830632593549244,-2.339428578273317,-0.2753304937343578
20260924,21,13,0.08871271680990188,-2.3362594080195116,-0.38905675269047196
20260924,22,13,0.09499957427441237,-2.310524012313918,-0.5116267093915681
20260924,23,13,0.10684108589287553,-2.266813019708363,-0.6408085426305816
20260924,24,13,0.12442042756781109,-2.2013787049395184,-0.7755569784277276
20260924,25,13,0.1074610141234716,-2.1055269691182996,-0.85826029967016
20260924,26,13,0.09939931758222087,-2.016808675301511,-0.9257277381221056
20260924,27,13,0.09973600480239114,-1.9320911272909562,-0.9839808657359093
20260924,28,13,0.10437134159810514,-1.8522869014246217,-1.0274023435365054
20260924,29,13,0.11776167255854268,-1.7746397389335307,-1.0618748925306782
20260924,30,13,0.13963949884057347,-1.7033084065896118,-1.0805467053744104
20260924,31,13,0.12486571552287697,-1.707626203942588,-1.0268617322150515
20260924,32,13,0.12603023801477614,-1.7193297455229328,-0.9787383666490277
20260924,33,13,0.1390408717358793,-1.7456220326115943,-0.9248501379375874
20260924,34,13,0.1518325035959088,-1.8049252040546506,-0.8559857027096581
20260924,35,13,0.15383997047206885,-1.9001615970294254,-0.7801598943216915
20260924,36,13,0.14545620189238867,-2.013931888911785,-0.7129226023963797
20260924,37,13,0.180330773470171,-2.1362602717624917,-0.6282219793142557
20260924,38,13,0.24656074105763218,-2.2943485929266494,-0.5203661230830994
20260924,39,13,0.3181524539591268,-2.47408487822806,-0.41569285150591057
20260924,40,13,0.36761642153889756,-2.632781301978657,-0.34640328181091584
20260924,41,13,0.36628551551881633,-2.71730204673803,-0.34159820782900985
20260924,42,13,0.3219591313665613,-2.710109867169391,-0.3965545663209289
20260924,43,13,0.45316504411238306,-2.8096029339513815,-0.34482223592895367
20260924,44,13,0.6269443402623366,-2.8472446535112867,-0.32272589689384357
20260924,45,13,0.7586074896573338,-2.753555146754095,-0.3737018697555471
20260924,46,13,0.8401823423336092,-2.549067239526908,-0.4793835494254125
20260924,47,13,0.8888406305896308,-2.2725319623323816,-0.6158653955126357
20260924,48,13,0.918982570395359,-1.959590823104125,-0.766372112428849
20260924,49,13,0.8970330344322314,-1.6514839182310053,-0.9188711025075587
20260924,50,13,0.8843425242904805,-1.3743391771778617,-1.0603760283503465
20260924,51,13,0.8940135854582653,-1.138425282139636,-1.1912727584378153
20260924,52,13,0.9462766095409045,-0.9428839900559751,-1.3180210423686483
20260924,53,13,1.0657943400499876,-0.7839301255707967,-1.4513976444052457
20260924,54,13,1.1946583216578035,-0.715972457700488,-1.5734152313771648
20260924,55,13,1.0817327585263175,-0.886897540414064,-1.5851944066009354
20260924,56,13,0.9587348268286658,-1.1411966014338901,-1.5527481829660488
20260924,57,13,0.8729787002579665,-1.429460658252561,-1.4989127390498096
20260924,58,13,0.8277383746961198,-1.7353282107712524,-1.4304839872827246
20260924,59,13,0.8202103628958014,-2.052636260771618,-1.3478237069928185
20260924,60,13,0.8260344598330214,-2.3737904170296074,-1.2388064720428094
20260924,0,14,0.06878115068023206,-2.1239917667325527,-0.4800273695928658
20260924,1,14,0.06826980487810372,-2.0897968767162545,-0.5106861299555565
20260924,2,14,0.066684429980657,-2.049270479167713,-0.5273946789044544
20260924,3,14,0.06514475619573507,-2.0059847174716277,-0.5285962547986403
20260924,4,14,0.06520427844741193,-1.9622674028289981,-0.5159830997083791
20260924,5,14,0.06920378593290229,-1.917951925314436,-0.49317206565278904
20260924,6,14,0.07568836883280537,-1.8751796174388473,-0.4550709252089178
20260924,7,14,0.06627635224858167,-1.8596241340849375,-0.38014320529256884
20260924,8,14,0.06095152894625071,-1.853353002327747,-0.3056230036506312
20260924,9,14,0.06085056319605559,-1.8529662377955893,-0.23206990328003776
20260924,10,14,0.06342817781105972,-1.8624441834474925,-0.15725046536498027
20260924,11,14,0.06921078632532217,-1.8826754602445155,-0.08155197021941551
20260924,12,14,0.07697516921243487,-1.916959254882067,-0.008662212030458472
20260924,13,14,0.07278124246715931,-1.971677819082109,0.029775956823161698
20260924,14,14,0.07269945916751996,-2.0296621260415124,0.05302917391937745
20260924,15,14,0.07583986076483049,-2.091047769657894,0.05927461661502037
20260924,16,14,0.07808374330393171,-2.1518419498514283,0.03735819225752268
20260924,17,14,0.07748542930270899,-2.203988707673727,-0.016949850363195185
20260924,18,14,0.07547012993343967,-2.242385540515616,-0.09709415714502456
20260924,19,14,0.07994687453370819,-2.2750581977522613,-0.18758972853380265
20260924,20,14,0.08617928879946786,-2.293470648448635,-0.2967040370537387
20260924,21,14,0.09165324531610904,-2.2908269767863274,-0.4219689072560838
20260924,22,14,0.09677012013700999,-2.26636475752166,-0.555404760764023
20260924,23,14,0.10523366665154828,-2.2240971053517886,-0.6923352901861988
20260924,24,14,0.11578453763939868,-2.1621426587026216,-0.826915899113623
20260924,25,14,0.105005112648884,-2.077438360715515,-0.9136501152187424
20260924,26,14,0.09874684229713045,-1.9952144847212914,-0.9790623503155451
20260924,27,14,0.09857312197768404,-1.9159560172423784,-1.029167199842092
20260924,28,14,0.10227181885378095,-1.8409437033498468,-1.0600833660338633
20260924,29,14,0.11310523602583065,-1.7689376875685736,-1.0759746986402818
20260924,30,14,0.12864605710369859,-1.7061620234083472,-1.0672374044353052
20260924,31,14,0.12257254360006095,-1.6943009446257975,-1.0024036118754875
20260924,32,14,0.12699643599893012,-1.6949941232338626,-0.9325422297452612
20260924,33,14,0.1408526860297244,-1.7122786953845432,-0.8508349478111539
20260924,34,14,0.15407788543886428,-1.7614890552136635,-0.7543174018403754
20260924,35,14,0.15748064045614377,-1.845869216038471,-0.6574277100081917
20260924,36,14,0.15456133361091318,-1.9501735649349619,-0.5754249971441694
20260924,37,14,0.1859801570829803,-2.0634267126843686,-0.4738616721013943
20260924,38,14,0.2469369734728727,-2.207098761630184,-0.3526453491129904
20260924,39,14,0.3140365568525924,-2.3729686882847854,-0.2499313725450416
20260924,40,14,0.36253328045609035,-2.5260144938537046,-0.2037095653662131
20260924,41,14,0.37026833615602694,-2.6228130307537274,-0.23752388105358013
20260924,42,14,0.3549409810097584,-2.6556902476462247,-0.32675565788517635
20260924,43,14,0.4608523589266118,-2.7383592717037333,-0.3604695249366422
20260924,44,14,0.615726220473274,-2.7787826219608234,-0.43542690273334356
20260924,45,14,0.7417708858803899,-2.709349981926594,-0.5859426315322216
20260924,46,14,0.8232546697685641,-2.5371462425818176,-0.7840979653615472
20260924,47,14,0.8688411180466891,-2.292783831697585,-0.9966281395985193
20260924,48,14,0.8843076372463572,-2.0102319401484183,-1.1972665411806938
20260924,49,14,0.8800544195877998,-1.7239059093170597,-1.3674157375639255
20260924,50,14,0.8703308106981608,-1.4611189558699746,-1.498465855517585
20260924,51,14,0.876585022390998,-1.235227758104717,-1.5935802789416331
20260924,52,14,0.9227067740533332,-1.0462222438552642,-1.6636540131644657
20260924,53,14,1.0283708321307439,-0.8932156703533212,-1.7174868844928648
20260924,54,14,1.128199300889284,-0.8290789087232002,-1.7222347107792129
20260924,55,14,1.0383510014368071,-0.9591068029222813,-1.6047234226253093
20260924,56,14,0.9217842024589175,-1.1780884709231314,-1.4456707998743368
20260924,57,14,0.8413802117247912,-1.4321769378573905,-1.2809117244708406
20260924,58,14,0.8041673877807981,-1.705516276384782,-1.1176324961172357
20260924,59,14,0.8052086438191652,-1.9944151332287705,-0.9536945673385324
20260924,60,14,0.8154074712018786,-2.291980727626318,-0.782291679793838
20260924,0,15,0.06931780523526741,-2.0145408683273667,-0.43894514958814906
20260924,1,15,0.06890303929779473,-1.9924892745553853,-0.47407287163676326
20260924,2,15,0.06817606898165539,-1.9681470734106652,-0.49860199561923624
20260924,3,15,0.0674837165566292,-1.9429456799290767,-0.5090993685723351
20260924,4,15,0.06741247451003717,-1.918233962843018,-0.5042064268951321
20260924,5,15,0.06826465513572338,-1.8953922421031566,-0.48335411259844596
20260924,6,15,0.06870477660860672,-1.8773136205632348,-0.4442667989861127
20260924,7,15,0.06695408755773416,-1.8679110943226525,-0.38698845795346826
20260924,8,15,0.0656176233364881,-1.8663370348647632,-0.31972169315728216
20260924,9,15,0.06616527847654569,-1.8719104683405043,-0.24713287266866504
20260924,10,15,0.06798653430491378,-1.886017202867298,-0.17186493101617106
20260924,11,15,0.07038313789577308,-1.9097068070317302,-0.09843416498698457
20260924,12,15,0.07273701640002272,-1.942931585845426,-0.033185601671677695
20260924,13,15,0.07465560674265356,-1.9841764683196066,0.016884723137191804
20260924,14,15,0.07766569992873713,-2.0309270255575904,0.04908513038408002
20260924,15,15,0.08105370722811821,-2.080735368361195,0.057945328743603586
20260924,16,15,0.08310063886664436,-2.1289622962450476,0.03671025164009917
20260924,17,15,0.08339052846741782,-2.1702323914170645,-0.01593852230514914
20260924,18,15,0.08374385573063317,-2.201958923443686,-0.0942221946847665
20260924,19,15,0.08671376118899751,-2.2244782744024065,-0.19171396294356488
20260924,20,15,0.09133890682682069,-2.234429322206192,-0.307827641618152
20260924,21,15,0.09545937159167102,-2.2269671783600655,-0.43900590704927683
20260924,22,15,0.09831517331921626,-2.2005525653123277,-0.5764586346197124
20260924,23,15,0.10054452927507572,-2.1570845034340884,-0.7106890337513572
20260924,24,15,0.10146333277346292,-2.0989967729007866,-0.8316920750247433
20260924,25,15,0.09907533662283667,-2.030922333332613,-0.9270716853303507
20260924,26,15,0.09632609892704821,-1.960462131506433,-0.9952434275142028
20260924,27,15,0.09515176685822711,-1.8921620690361687,-1.0380398483986162
20260924,28,15,0.0967427380547545,-1.8284750133937062,-1.057618026942634
20260924,29,15,0.10228546483308192,-1.770661884086448,-1.0554918266573425
20260924,30,15,0.10996483243381634,-1.7238953858379746,-1.0265918714329882
20260924,31,15,0.11715260610720064,-1.696154893238107,-0.9683637759471587
20260924,32,15,0.1282666902543241,-1.6859843280267879,-0.8886778008927986
20260924,33,15,0.14407898324563864,-1.6967228531235377,-0.7886769392688805
20260924,34,15,0.15999588281357816,-1.7365962825659498,-0.6729392047488227
20260924,35,15,0.17150933686497666,-1.8075564462770228,-0.5559187089474203
20260924,36,15,0.18340686899980965,-1.9008765443604239,-0.4477728442548676
20260924,37,15,0.21116954923793382,-2.0108611007641093,-0.33828127169646194
20260924,38,15,0.25882965205660285,-2.143144153879585,-0.22803295476553698
20260924,39,15,0.3145357253163637,-2.2927910577256645,-0.1457944891524232
20260924,40,15,0.3623550392835393,-2.4375165991929593,-0.12340329767819735
20260924,41,15,0.39448644642646524,-2.5521018021437825,-0.1722537178785244
20260924,42,15,0.42821351661594403,-2.6319737446004288,-0.27182772860421267
20260924,43,15,0.5015245360459523,-2.6932916946659,-0.3975422602047374
20260924,44,15,0.6083724066982132,-2.714959809074733,-0.5696252792827046
20260924,45,15,0.7099778144379001,-2.6594903419169356,-0.7991209637138965
20260924,46,15,0.7838267456253946,-2.5193343063009994,-1.0612358123093661
20260924,47,15,0.8276962960231461,-2.3119270221784385,-1.3204049700742537
20260924,48,15,0.8458816985959116,-2.0643687051147075,-1.5460391323610725
20260924,49,15,0.8451590293696828,-1.806086131091438,-1.7169456382490038
20260924,50,15,0.83734999029709,-1.5627228715334573,-1.8246526299758679
20260924,51,15,0.837735580266975,-1.350527762313467,-1.8727233542725081
20260924,52,15,0.8618058262672301,-1.1761966637309509,-1.8707808139506956
20260924,53,15,0.9102191436460315,-1.0492141781888737,-1.8195966418435585
20260924,54,15,0.9399981716724259,-1.0037347346446892,-1.6976413926851075
20260924,55,15,0.902785312893699,-1.0717694755246887,-1.4968657696183707
20260924,56,15,0.8338974980681366,-1.2258112117630375,-1.25868033766166
20260924,57,15,0.7784733670271542,-1.4268449442849915,-1.0179743511262802
20260924,58,15,0.7519231279128075,-1.6554337768141456,-0.7860473700413357
20260924,59,15,0.7518120219344887,-1.9042090759826191,-0.5641300021733322
20260924,60,15,0.7561092179089689,-2.1641078254454333,-0.35614342682066624
20260924,0,16,0.0704316064819383,-1.8977544045505952,-0.3987865215606023
20260924,1,16,0.07049571481681134,-1.8926829038319268,-0.4388923226634864
20260924,2,16,0.07061737974148802,-1.8894811088557268,-0.4712896160889518
20260924,3,16,0.0707799474955246,-1.8879536624260684,-0.49150169776080666
20260924,4,16,0.07100976933735396,-1.8880775580776588,-0.4962048524121919
20260924,5,16,0.07128107682103604,-1.8900691931168414,-0.4833894241357498
20260924,6,16,0.07139924554320318,-1.8944182269066165,-0.4523821615167932
20260924,7,16,0.07137419375394952,-1.9015769363473503,-0.40465302038365086
20260924,8,16,0.07179067353320913,-1.911729012812447,-0.34384745192064436
20260924,9,16,0.07305234952587919,-1.9252382852097443,-0.27387185693683114
20260924,10,16,0.07494040783998906,-1.9426807006160363,-0.1988496201372242
20260924,11,16,0.0770861362129418,-1.9643283848491113,-0.12419676561822704
20260924,12,16,0.07946320154740603,-1.9899088155927565,-0.05614516852628709
20260924,13,16,0.08232244543741948,-2.01875362005906,-0.0005855691206156921
20260924,14,16,0.08558572090948337,-2.0497461346605825,0.03667788878280509
20260924,15,16,0.08843117199522417,-2.08080090689472,0.04910208106118874
20260924,16,16,0.09003864469569905,-2.1089320709320902,0.0314871862651836
20260924,17,16,0.09066877089634534,-2.1315057673332576,-0.016671642545051157
20260924,18,16,0.09168477118586629,-2.1472403851761306,-0.0915055669322622
20260924,19,16,0.09417325123410389,-2.155251649154791,-0.18892021164724543
20260924,20,16,0.09759365873558151,-2.1533518085341976,-0.30618155321938006
20260924,21,16,0.10036178227739714,-2.138859135651827,-0.43819844634147403
20260924,22,16,0.10150221407652806,-2.1109634009798883,-0.5755974352710809
20260924,23,16,0.10119793012061297,-2.0713063249839405,-0.7076314207537187
20260924,24,16,0.099764539780149,-2.0227907297986243,-0.8246507063728841
20260924,25,16,0.09703096942215067,-1.9691605018633949,-0.9181419185806807
20260924,26,16,0.09312604157494697,-1.9150321896886262,-0.9823763985851728
20260924,27,16,0.08921216548623415,-1.8645670344080816,-1.0171003983247893
20260924,28,16,0.0883041731851756,-1.818756797061553,-1.0292537178189374
20260924,29,16,0.09335004089392325,-1.775627468068176,-1.024746836302841
20260924,30,16,0.10291372491417483,-1.7379056331531928,-0.9970404556733576
20260924,31,16,0.1150231389022441,-1.7115120548722478,-0.9404795614858027
20260924,32,16,0.13025311370332224,-1.7003461273512033,-0.8560874677862274
20260924,33,16,0.14870555916805347,-1.7088473298677342,-0.746646906996822
20260924,34,16,0.1679624741154793,-1.7424904875060434,-0.619543417413746
20260924,35,16,0.1857506159663506,-1.8028269120818916,-0.4887112872410547
20260924,36,16,0.20466623082778337,-1.88563404466311,-0.3659400296738231
20260924,37,16,0.23138453663673625,-1.9868192720252915,-0.2546355826822416
20260924,38,16,0.26898460690415726,-2.105144628061274,-0.16134925420225077
20260924,39,16,0.3128925007377497,-2.235020157662855,-0.10544327960027888
20260924,40,16,0.3552776304586086,-2.3624144624076324,-0.10847750580021764
20260924,41,16,0.3939886335318151,-2.4718764977137706,-0.17749411735405074
20260924,42,16,0.437812605589847,-2.555897081481673,-0.3034890508364947
20260924,43,16,0.4995355580786926,-2.6118482351742003,-0.4782212564026971
20260924,44,16,0.5784678586170524,-2.6275022983307372,-0.7042327166506871
20260924,45,16,0.6571555214052007,-2.5833662439925362,-0.9762626266287212
20260924,46,16,0.7188250338045885,-2.4715774098008745,-1.2678304699322822
20260924,47,16,0.7581215124265482,-2.3016589191971972,-1.5430981618995587
20260924,48,16,0.7769082756998568,-2.093307048674657,-1.7704915849282523
20260924,49,16,0.7800122954460951,-1.8698135919939067,-1.9282926387196329
20260924,50,16,0.7750439600470801,-1.6532620925572286,-2.007097999745202
20260924,51,16,0.7707986995174092,-1.4607638055024563,-2.008258926154552
20260924,52,16,0.774093070096429,-1.3041535134648754,-1.938248861131831
20260924,53,16,0.7832678727944874,-1.1949124226145433,-1.8007883448463438
20260924,54,16,0.7831097612293414,-1.149710308081221,-1.5959712238690895
20260924,55,16,0.7608394694785559,-1.1801947679554037,-1.3361788445953144
20260924,56,16,0.7256994453063419,-1.2780235606784525,-1.0506499899641137
20260924,57,16,0.6933471643814769,-1.4253440332074807,-0.7652591370219527
20260924,58,16,0.671417563142969,-1.6071796432166026,-0.4949514734234248
20260924,59,16,0.660997517329044,-1.811820905443949,-0.24881234505144145
20260924,60,16,0.6547478704262268,-2.0276957947425154,-0.036776477963947785
20260924,0,17,0.0722113842651832,-1.7843713059928794,-0.3668498831260836
20260924,1,17,0.07291910864600723,-1.8006619666695223,-0.41094138371883643
20260924,2,17,0.07401944769719562,-1.8230661018719017,-0.45004019770869974
20260924,3,17,0.07531127898215793,-1.849964073963612,-0.47921603637846233
20260924,4,17,0.07651478270840423,-1.8796425729071502,-0.4939465577668276
20260924,5,17,0.07748122722519496,-1.910257994998312,-0.4910228401941734
20260924,6,17,0.07819912202388968,-1.9400982852162179,-0.4691528742665457
20260924,7,17,0.07887394531239336,-1.967825557084881,-0.42925984694433406
20260924,8,17,0.07993040355832991,-1.9926933669482814,-0.37410727765921487
20260924,9,17,0.08166045245122662,-2.0145067281698066,-0.3072811710451823
20260924,10,17,0.08404497829870801,-2.03330624602165,-0.23300274454181266
20260924,11,17,0.08694754904554404,-2.0491950515886743,-0.15652267828852062
20260924,12,17,0.09007075562297708,-2.0622000463906214,-0.08419945561614073
20260924,13,17,0.09303123197049049,-2.072230944272013,-0.023279521331105307
20260924,14,17,0.0956085600187013,-2.0791962979584535,0.019115506165486518
20260924,15,17,0.09726709524145831,-2.082681434777665,0.03631556809672731
20260924,16,17,0.09741381104520573,-2.08210750374361,0.023343124905098933
20260924,17,17,0.09667063363383693,-2.0776026850305676,-0.019924578367665702
20260924,18,17,0.09699227202627714,-2.070009547540163,-0.08905849869506755
20260924,19,17,0.09963289660767335,-2.0593899158004274,-0.1804055921828094
20260924,20,17,0.10335958534645497,-2.044213443136949,-0.2926693816115817
20260924,21,17,0.1057620366409815,-2.023012084620926,-0.42126241971016143
20260924,22,17,0.10563535669789643,-1.9959707401286226,-0.5559927986821722
20260924,23,17,0.1035670787326008,-1.9646222184731155,-0.6852490248521111
20260924,24,17,0.10059500958454923,-1.9308010914904639,-0.7997121319089546
20260924,25,17,0.0965050242911767,-1.8965999120931483,-0.8911787640320632
20260924,26,17,0.08998539059144303,-1.8652236698776237,-0.951223048662727
20260924,27,17,0.0805467966583469,-1.8405574397989335,-0.9753381066873602
20260924,28,17,0.07399808080906752,-1.8209782371083614,-0.9776506592365846
20260924,29,17,0.08322965911272258,-1.7931959192950733,-0.9869245406721366
20260924,30,17,0.09832966538837311,-1.7667120247633865,-0.9725057150115957
20260924,31,17,0.1145968532215556,-1.7498945715576995,-0.9226072926931713
20260924,32,17,0.13337493938990808,-1.7454533482804622,-0.8401182317474233
20260924,33,17,0.15495481680640658,-1.7569286636180128,-0.729085289254125
20260924,34,17,0.17709489926609598,-1.7884044085725905,-0.5983872190120665
20260924,35,17,0.19738307223135682,-1.8409960346728842,-0.4635273516502945
20260924,36,17,0.21709543739398235,-1.9117172663995683,-0.33938755407449805
20260924,37,17,0.24080710099552277,-1.9968658690011396,-0.2343853815644643
20260924,38,17,0.27116303526882857,-2.093694348048701,-0.15694259429101498
20260924,39,17,0.3049501647662652,-2.1966455699391108,-0.12329686587769129
20260924,40,17,0.3363789706513701,-2.2951015415547875,-0.15001244831317273
20260924,41,17,0.36538172614470377,-2.3787748490640666,-0.23979356985196387
20260924,42,17,0.4009539622561162,-2.4437135125892944,-0.38274997010187584
20260924,43,17,0.45286135416825374,-2.487742220332028,-0.5728105634553933
20260924,44,17,0.5182342007934521,-2.5001240543661365,-0.8116433203951774
20260924,45,17,0.580830488246,-2.4649766929938646,-1.0895981025836183
20260924,46,17,0.6257739757718747,-2.3758817056940083,-1.3763743273337945
20260924,47,17,0.650746838515528,-2.240921667348248,-1.6356601155375912
20260924,48,17,0.6638087120831011,-2.075749197040603,-1.8414024670485425
20260924,49,17,0.6728489269141011,-1.8957793344646565,-1.9787987483456142
20260924,50,17,0.6779470885714244,-1.7155853409298303,-2.0359816782176
20260924,51,17,0.676062098992783,-1.551111626419385,-2.005163943733934
20260924,52,17,0.6667533296575505,-1.4175756514363789,-1.8884661857472849
20260924,53,17,0.6530486253288105,-1.3258924658741753,-1.6983193011704176
20260924,54,17,0.6401866505219362,-1.2810357296706505,-1.4532040945911242
20260924,55,17,0.6302660735335647,-1.2849558897443987,-1.1708775472643491
20260924,56,17,0.6187783648473808,-1.3394838634790827,-0.8682615467042564
20260924,57,17,0.6007025901958388,-1.44218634914811,-0.5666462139806644
20260924,58,17,0.5756429780957713,-1.5831569107410777,-0.28925793936128325
20260924,59,17,0.5490391167238872,-1.7471544635325267,-0.05354494877887417
20260924,60,17,0.5292379898417185,-1.9195433304077105,0.13377613136882993
20260924,0,18,0.07433607106738652,-1.6867100212690822,-0.3484192803930961
20260924,1,18,0.07545611272605043,-1.728272367424619,-0.3936423450898202
20260924,2,18,0.07768074068138192,-1.7793862679325898,-0.43637109120589845
20260924,3,18,0.08053068067957864,-1.837777345486551,-0.47185895316448423
20260924,4,18,0.08298595449727536,-1.9003438344241217,-0.4942635769721614
20260924,5,18,0.08465959118109719,-1.962447278197327,-0.4990839792757366
20260924,6,18,0.08579352663989279,-2.0195753338891875,-0.4845567299066623
20260924,7,18,0.08705141636383329,-2.068599479948664,-0.45155865589601296
20260924,8,18,0.08887383111381977,-2.107727643850212,-0.40213478787913115
20260924,9,18,0.09137051760284269,-2.135888313137314,-0.33909906461316375
20260924,10,18,0.09464807189597259,-2.152691136151152,-0.26637352893522187
20260924,11,18,0.09874839668360486,-2.15825740694631,-0.188845354057877
20260924,12,18,0.10258382870711671,-2.152046513027279,-0.11300993759923184
20260924,13,18,0.10499296693511131,-2.134392739683312,-0.04759963326629299
20260924,14,18,0.10651495190462819,-2.108161926147898,-0.0001536944825287212
20260924,15,18,0.10644900871201265,-2.0755447879769005,0.022031714802725366
20260924,16,18,0.10312287287873667,-2.0387863507526696,0.012038942848776102
20260924,17,18,0.09722972843290976,-2.0017673537079603,-0.03023636967916865
20260924,18,18,0.09437091936363731,-1.9682282715950787,-0.09405963861199329
20260924,19,18,0.09946853559664023,-1.9377094450262455,-0.1721547864458847
20260924,20,18,0.10726999444618483,-1.908290089961972,-0.2722510049833554
20260924,21,18,0.11117313697536882,-1.8815055201971786,-0.393811001287057
20260924,22,18,0.10960317449118964,-1.859619425487094,-0.5240604794188671
20260924,23,18,0.10466163658492529,-1.8431971993642018,-0.6488603525366572
20260924,24,18,0.10024098724115067,-1.8306733275624096,-0.7604674509033191
20260924,25,18,0.097013632628334,-1.8211756705493338,-0.8540709588470672
20260924,26,18,0.0897679023674402,-1.8178247271914032,-0.916327473940584
20260924,27,18,0.07466611715789946,-1.8242553010141935,-0.9339688562991397
20260924,28,18,0.05751876734838526,-1.8373721989435172,-0.9179292918863884
20260924,29,18,0.07708823074772587,-1.8232282128346746,-0.9573390074799678
20260924,30,18,0.09842640767324921,-1.8149356561802525,-0.9593585856229854
20260924,31,18,0.1171488305277819,-1.8166142737491586,-0.9178246260247588
20260924,32,18,0.1387824661430392,-1.8263406148244323,-0.8421080597798135
20260924,33,18,0.1636302082388372,-1.8461028435385058,-0.7356572967554641
20260924,34,18,0.18758009575447968,-1.8783295327097564,-0.6080369182854674
20260924,35,18,0.20618404412181127,-1.9226764405707408,-0.47808729685589685
20260924,36,18,0.22116050149320382,-1.9761043687657291,-0.3630222831814563
20260924,37,18,0.2405109576788442,-2.0366345126641643,-0.2681826091263877
20260924,38,18,0.2670164949619008,-2.1033321245027685,-0.2005163840364017
20260924,39,18,0.2931115194827496,-2.1708753447789464,-0.1802642529915266
20260924,40,18,0.30957400168670823,-2.2294829708362376,-0.22517075234877215
20260924,41,18,0.3169351863762475,-2.2721426295360674,-0.3319947626988262
20260924,42,18,0.3323882457895844,-2.3025193643390556,-0.47831641095547833
20260924,43,18,0.3760194029629837,-2.3272783354456696,-0.6542436526682627
20260924,44,18,0.43884655242356535,-2.334424619454155,-0.8739896729429907
20260924,45,18,0.49163030951505354,-2.3046231903320313,-1.1305673125180238
20260924,46,18,0.5142786294895348,-2.23259993892848,-1.3852367620275279
20260924,47,18,0.5087389654417072,-2.128877618137362,-1.5969803883338973
20260924,48,18,0.5038668520990955,-2.009932678534856,-1.75645244501092
20260924,49,18,0.5266258693163026,-1.8815712152061266,-1.8778283750708695
20260924,50,18,0.5567906292970204,-1.7457412637877434,-1.9365841467405915
20260924,51,18,0.5674870591977028,-1.6173658589701507,-1.8991968912777986
20260924,52,18,0.5522942259538058,-1.5149229694515918,-1.7624498456342024
20260924,53,18,0.5215011525921452,-1.4487131671190268,-1.550504570888402
20260924,54,18,0.5009536599105022,-1.4131592595894023,-1.3007653209740346
20260924,55,18,0.506852451066031,-1.400227385391371,-1.030409597313987
20260924,56,18,0.5177765597166816,-1.4223778289276658,-0.7379357756974496
20260924,57,18,0.5100409770721729,-1.4905251316188726,-0.44441110697306724
20260924,58,18,0.4783991647460178,-1.5985651513875059,-0.18558220985176938
20260924,59,18,0.43420411893617544,-1.7283099234774004,0.013868931275159535
20260924,60,18,0.40339051809159554,-1.8610259287282382,0.1607222841351319
20260924,0,19,0.07902355700311664,-1.6121141087031439,-0.3463898472050912
20260924,1,19,0.07842877880277219,-1.6853714063592244,-0.38827821832889464
20260924,2,19,0.08117250926271012,-1.7671601809121398,-0.4293512880018655
20260924,3,19,0.08590961632842803,-1.857749359658082,-0.46633769229812044
20260924,4,19,0.08907990889242764,-1.953730415276371,-0.4909060783342507
20260924,5,19,0.08955621975582573,-2.0453193322319105,-0.49675525517843794
20260924,6,19,0.08906247410364027,-2.1246738558414555,-0.4838439288042363
20260924,7,19,0.09235798029380717,-2.192979890547876,-0.4582936969390907
20260924,8,19,0.09716350842567428,-2.2460231714732974,-0.4167725755831508
20260924,9,19,0.10163963901365763,-2.278207204727783,-0.35896021251520804
20260924,10,19,0.10605812518509383,-2.2882016917131014,-0.28909391967900877
20260924,11,19,0.11117366765148304,-2.277142061572543,-0.21253302245533257
20260924,12,19,0.11531118449310634,-2.2438526212360723,-0.1358285576247498
20260924,13,19,0.11622443082658832,-2.1893952908185965,-0.06895371787053875
20260924,14,19,0.11743788668140538,-2.1235479828334523,-0.01774855559596067
20260924,15,19,0.11605215430620934,-2.049510190320963,0.008671843441396043
20260924,16,19,0.10697980001603388,-1.9737244096583808,-0.0018761531907320328
20260924,17,19,0.08791123690607218,-1.908342769513851,-0.055481749010477366
20260924,18,19,0.0724936421706653,-1.8605696355113324,-0.12761810836365833
20260924,19,19,0.08975281206162392,-1.806545243755275,-0.17510277206794167
20260924,20,19,0.10999254736456604,-1.7543423979505843,-0.2524004114395063
20260924,21,19,0.11765728702917745,-1.7215314153719683,-0.3642844645951306
20260924,22,19,0.11348762110876641,-1.7121715886463063,-0.48935383324952425
20260924,23,19,0.1006815649047595,-1.7240994654769888,-0.6066959447155524
20260924,24,19,0.08976796092384638,-1.744423699971812,-0.7079563337511705
20260924,25,19,0.09630146807478444,-1.7549325199600847,-0.8118424914729548
20260924,26,19,0.0955134890641861,-1.7786404846959978,-0.888444546399567
20260924,27,19,0.0854113902097595,-1.8122586933211338,-0.9246506993283314
20260924,28,19,0.07808332641801505,-1.8434702999099837,-0.9392359124289054
20260924,29,19,0.08946600055825266,-1.8655960016283106,-0.9621038495198444
20260924,30,19,0.10369508655978223,-1.890174982353043,-0.9578474765731257
20260924,31,19,0.12164980286830701,-1.9169781271437616,-0.9237177447522993
20260924,32,19,0.14728600660926278,-1.9462251040989018,-0.8591945777779996
20260924,33,19,0.17591645796825228,-1.9781217240649938,-0.7616250700542355
20260924,34,19,0.20000269032495718,-2.0106040505191234,-0.6416888876487366
20260924,35,19,0.2121929878890439,-2.0402076491708594,-0.5226094997739369
20260924,36,19,0.2171599164519299,-2.066127786023121,-0.4229229093036261
20260924,37,19,0.2343183666145064,-2.0939844440062316,-0.33564604583786595
20260924,38,19,0.26301374676296235,-2.124116489597759,-0.26763497642858924
20260924,39,19,0.28490160892041316,-2.1488128294894633,-0.25045365735218006
20260924,40,19,0.28569128053630755,-2.1603752956108138,-0.30520423951373543
20260924,41,19,0.26512519468971735,-2.1561183788367813,-0.4245098975519997
20260924,42,19,0.2517572970581659,-2.1465640645390627,-0.5677314652192456
20260924,43,19,0.295382900170191,-2.1505879863312005,-0.7080557081924547
20260924,44,19,0.36527307620345073,-2.1476494884828043,-0.8912582611851173
20260924,45,19,0.4124677618354037,-2.118576378267792,-1.1136727633347518
20260924,46,19,0.4117018425938179,-2.0628500282307014,-1.3245610501390825
20260924,47,19,0.36111373828193055,-1.9917274861536693,-1.467845827035827
20260924,48,19,0.3153521139017991,-1.9214088706465189,-1.5493567511514021
20260924,49,19,0.37207133622065947,-1.843792535749856,-1.6813387909271946
20260924,50,19,0.4418621192792122,-1.7517308686717175,-1.7711306994276454
20260924,51,19,0.46955742736354883,-1.6642837323569477,-1.7476198995326513
20260924,52,19,0.45262536920747504,-1.5992297498417647,-1.6130520920200258
20260924,53,19,0.40395155962788115,-1.5666418633722334,-1.3996071206978824
20260924,54,19,0.36666849522265604,-1.5540661640068172,-1.164164785732028
20260924,55,19,0.3959670303962045,-1.531260418255715,-0.9329348969346323
20260924,56,19,0.42984582286122985,-1.5320016080059526,-0.6688904021764893
20260924,57,19,0.4306092189837855,-1.5752717682826711,-0.39910458543855315
20260924,58,19,0.39516701190264525,-1.6554375089867097,-0.17104618580045522
20260924,59,19,0.33741189859526904,-1.7550971964077513,-0.016115274907232524
20260924,60,19,0.29830968011551,-1.852589136183925,0.08839199701740041
20260924,0,20,0.08675887142107093,-1.568780001277696,-0.3603918796877447
20260924,1,20,0.08198384520374263,-1.6790304659698234,-0.39253013369384204
20260924,2,20,0.0855032915589058,-1.7900433780882175,-0.42608967907392103
20260924,3,20,0.09228633023790898,-1.9115457908434295,-0.45823321494573116
20260924,4,20,0.09530757524573387,-2.037560653788927,-0.4779008074136816
20260924,5,20,0.09208062391702518,-2.149080079191297,-0.4769480439218413
20260924,6,20,0.08523933928228696,-2.2326480309215526,-0.45633054728545364
20260924,7,20,0.09504849094478786,-2.3232612746745946,-0.44122072299031345
20260924,8,20,0.10575629592440428,-2.393193867453312,-0.4090506280963624
20260924,9,20,0.11307833726733801,-2.426434835839747,-0.3572408119049011
20260924,10,20,0.11759880191833559,-2.4211085992676185,-0.29171289555307334
20260924,11,20,0.12047243708567494,-2.380822909488367,-0.2197356317135768
20260924,12,20,0.12198819570534006,-2.3104428665290455,-0.14866152996559615
20260924,13,20,0.12437336613234684,-2.219428577249026,-0.08451019253252662
20260924,14,20,0.12915404708386394,-2.11458163346036,-0.03134914764669963
20260924,15,20,0.12872743386779098,-1.9979991925257252,-0.0019978748936155255
20260924,16,20,0.11532759810580294,-1.8857793401846876,-0.012847728533378011
20260924,17,20,0.07998822079170943,-1.8092834921168206,-0.08263122302391973
20260924,18,20,0.03290228170673643,-1.805210079277887,-0.2058014286379837
20260924,19,20,0.0818526647097921,-1.6803965400127414,-0.18497592803016386
20260924,20,20,0.11807740575250282,-1.5864622748886952,-0.23798295183192397
20260924,21,20,0.12871946754958313,-1.5492611639369054,-0.34142925193041074
20260924,22,20,0.1213265513880782,-1.5619143195152205,-0.46198053396882616
20260924,23,20,0.09661393958633546,-1.6215737936089907,-0.5724192806222754
20260924,24,20,0.05990570678873646,-1.7149898366845338,-0.6450330617309623
20260924,25,20,0.09507965212143579,-1.7092933095644856,-0.7728001296137403
20260924,26,20,0.10681806459365005,-1.7567575921551246,-0.8678683427457151
20260924,27,20,0.10407771439760878,-1.8225163842423597,-0.923678490263854
20260924,28,20,0.10274520490321871,-1.8860103292634862,-0.95659005609286
20260924,29,20,0.10597532695397555,-1.9450072060438905,-0.9705659233429713
20260924,30,20,0.0956136532443358,-1.9936366085957302,-0.9422994646232749
20260924,31,20,0.12664523034946087,-2.0506892364372074,-0.9341291727885759
20260924,32,20,0.1616819156404951,-2.1063679971984053,-0.8856946235636327
20260924,33,20,0.1944317413828288,-2.1518718575972122,-0.7987532663515352
20260924,34,20,0.21680741748091092,-2.1787879986805443,-0.688109649907303
20260924,35,20,0.21909678166346566,-2.1806594497498923,-0.5807300923891372
20260924,36,20,0.20876600500313747,-2.163926255521316,-0.4982172990724481
20260924,37,20,0.2334811575945401,-2.1574172645432292,-0.40823878500522615
20260924,38,20,0.2691546541949267,-2.146121844529962,-0.33339440685405297
20260924,39,20,0.28886729111115345,-2.120580461480185,-0.3127018026993563
20260924,40,20,0.2788448466821434,-2.0825896948103764,-0.3654668667807237
20260924,41,20,0.23864832260515775,-2.0388353171443496,-0.4843765686014287
20260924,42,20,0.19699222832765506,-2.000260414373094,-0.6255271999011035
20260924,43,20,0.2518156146598184,-1.9796116989546668,-0.7260237631218366
20260924,44,20,0.3227362118907193,-1.9536310506438486,-0.875320863993408
20260924,45,20,0.3616747242827591,-1.9209730860697838,-1.0637148441333706
20260924,46,20,0.3482424491080782,-1.8874602614967473,-1.2391004626135431
20260924,47,20,0.27269452184071,-1.8616534197510781,-1.3372385396990027
20260924,48,20,0.17442907069656424,-1.8497728872723644,-1.3307881048357022
20260924,49,20,0.2780738183787142,-1.7988293356456848,-1.5045412236711413
20260924,50,20,0.36623080672868685,-1.7450615140672998,-1.6114468250820049
20260924,51,20,0.3991613914052051,-1.7028426857636427,-1.5995472902687742
20260924,52,20,0.3862872326192937,-1.6772984053431101,-1.4840849610969846
20260924,53,20,0.33618190585330754,-1.6734328622261698,-1.2924605510904905
20260924,54,20,0.2791546244035451,-1.6855151935738797,-1.0754167973105724
20260924,55,20,0.330897570297763,-1.6646379802299593,-0.8865661894543538
20260924,56,20,0.3686076357016402,-1.6646514614784649,-0.6538795446913283
20260924,57,20,0.37043501796335954,-1.6936917534199436,-0.41480585230725536
20260924,58,20,0.339930085311533,-1.7464711357822564,-0.21366389801567925
20260924,59,20,0.28582277546840934,-1.813152493402693,-0.08210839163927108
20260924,60,20,0.24079501730715838,-1.879355411922764,-0.006086034255833428
20260924,0,21,0.08344313406915528,-1.5928016932501312,-0.3825698413372946
20260924,1,21,0.08575481254944688,-1.713077988786913,-0.4006838600775278
20260924,2,21,0.09357716807578977,-1.8473331203122831,-0.42213084343786067
20260924,3,21,0.10218291222622826,-1.9977605340799636,-0.4418833022390948
20260924,4,21,0.10554336259607676,-2.1487291711586622,-0.45077348079955004
20260924,5,21,0.10252139605500583,-2.276847887237092,-0.4437648329429198
20260924,6,21,0.09931053105168848,-2.3762134964385555,-0.42524681019548627
20260924,7,21,0.1075805712241874,-2.471684278768763,-0.4053177931853938
20260924,8,21,0.11976033998035568,-2.5444522508408283,-0.3742046615189015
20260924,9,21,0.12854199533636818,-2.568822479572027,-0.32716724444388606
20260924,10,21,0.13231177257989515,-2.538396950862589,-0.2685186622134795
20260924,11,21,0.1319114468784329,-2.4595811484262224,-0.20576076501867746
20260924,12,21,0.13125175237758765,-2.3486567642103986,-0.14553816260009056
20260924,13,21,0.13763092193503532,-2.222304497513175,-0.08870026230770406
20260924,14,21,0.14655080597998205,-2.075877506987786,-0.03984730526017427
20260924,15,21,0.14893263208130345,-1.9156088858077496,-0.011965444987667662
20260924,16,21,0.13836238104502405,-1.766496792653815,-0.018436685525419827
20260924,17,21,0.1131584063041825,-1.6607566145259518,-0.06585794075979856
20260924,18,21,0.09268729805824685,-1.5959821738475541,-0.13059737951969796
20260924,19,21,0.11552936492089326,-1.4848339761817426,-0.16785431422388805
20260924,20,21,0.14110797272470466,-1.3922765147960239,-0.23319550061664782
20260924,21,21,0.1486153510501901,-1.3673505612095935,-0.3338459211075881
20260924,22,21,0.13998459633837076,-1.407536743340732,-0.4497137792043
20260924,23,21,0.12037622577866057,-1.495906139903223,-0.560823605904584
20260924,24,21,0.10469085458212013,-1.5943927823830804,-0.658297576656051
20260924,25,21,0.11630721980972443,-1.6671289465013397,-0.7628435180944783
20260924,26,21,0.12550336282683916,-1.761937892216315,-0.8553060267467515
20260924,27,21,0.12706253754434496,-1.8696019889498288,-0.9213003897485148
20260924,28,21,0.12811054107637132,-1.9744312455510034,-0.9633310593292397
20260924,29,21,0.12970255581872353,-2.069808072759388,-0.9807615969802899
20260924,30,21,0.13113763953417348,-2.1501383579912474,-0.9727223071140407
20260924,31,21,0.15428232875677367,-2.233878693392346,-0.9577055449229316
20260924,32,21,0.19000271444945033,-2.312985620125644,-0.9151855042320182
20260924,33,21,0.22445659005202007,-2.366363435984955,-0.8367907977433052
20260924,34,21,0.2459090751127518,-2.3782849638579404,-0.7339382775997731
20260924,35,21,0.24681562647308083,-2.3445628679995796,-0.6304646518419335
20260924,36,21,0.24212074635418598,-2.2856145580423464,-0.5420808125575486
20260924,37,21,0.2643410638147392,-2.2288505860819776,-0.45443446948495797
20260924,38,21,0.29618099958031985,-2.159836050994041,-0.38210868945108
20260924,39,21,0.3111947708915368,-2.0738356351610197,-0.35767778424578556
20260924,40,21,0.29874358094420655,-1.9840623588849846,-0.3968527184463999
20260924,41,21,0.2654163606723334,-1.9067068023438252,-0.4899425046761265
20260924,42,21,0.24359225980950963,-1.84744098283155,-0.6001618370371369
20260924,43,21,0.27190311104461723,-1.793172062041664,-0.7049408531457195
20260924,44,21,0.3167002208777099,-1.7442258573603133,-0.8386074014403528
20260924,45,21,0.34035409206566025,-1.7129226570537812,-0.999527873828492
20260924,46,21,0.32797579167451274,-1.7057902383794297,-1.1534664860698802
20260924,47,21,0.2842065337733972,-1.7206062074032373,-1.2638507588318566
20260924,48,21,0.24982264125457734,-1.7398303785697056,-1.3330405432603876
20260924,49,21,0.285777755503199,-1.7384215949493547,-1.4241295923844248
20260924,50,21,0.3323157715799141,-1.7384941869016515,-1.4859444934519848
20260924,51,21,0.352619847919921,-1.7484017344122977,-1.4730516393807052
20260924,52,21,0.3464173130560055,-1.764563159847421,-1.3848660470915126
20260924,53,21,0.323894830122599,-1.7829457506148172,-1.2403080871648633
20260924,54,21,0.3063103346385492,-1.7990583087087293,-1.06816426082957
20260924,55,21,0.31684205157674816,-1.8099237909810355,-0.8837029194390582
20260924,56,21,0.32789813542141755,-1.8233106158557795,-0.6792714517291543
20260924,57,21,0.3244316783039471,-1.8429011958686223,-0.4733409306446473
20260924,58,21,0.3059233158919679,-1.8688116684975242,-0.2919961862957365
20260924,59,21,0.2790298616934575,-1.8994949548975977,-0.15293223273774476
20260924,60,21,0.26114210746033417,-1.9332614123411715,-0.050845507002086454
20260924,0,22,0.09290580427702248,-1.6384555724734042,-0.41213347813787493
20260924,1,22,0.09866732235484979,-1.778717670098465,-0.4098242113258948
20260924,2,22,0.10858061610460427,-1.9390085918130904,-0.4098752468849437
20260924,3,22,0.11843003146781197,-2.1146267562111474,-0.4083237356649684
20260924,4,22,0.12391863888583929,-2.286185888101666,-0.40056610808240256
20260924,5,22,0.12483934218515323,-2.4322887915609077,-0.3848526099063934
20260924,6,22,0.12622219920135433,-2.547663720211613,-0.36316950405947623
20260924,7,22,0.13322983291528187,-2.638770420219999,-0.3371306144708056
20260924,8,22,0.14347528712018112,-2.6945465910677,-0.3042206588100539
20260924,9,22,0.1518046263854278,-2.69530581110879,-0.26310742327282727
20260924,10,22,0.15590463348023242,-2.6343772671156396,-0.2164276573147572
20260924,11,22,0.15675046142512722,-2.5202360452077492,-0.16877663644871313
20260924,12,22,0.1585932054290065,-2.3703374658907483,-0.12363683718023266
20260924,13,22,0.16546833660499136,-2.196631271420341,-0.08225398339723355
20260924,14,22,0.1744139457127681,-2.001391531282198,-0.04878437988781892
20260924,15,22,0.1789464788692493,-1.7966723682832644,-0.03172609098489004
20260924,16,22,0.17535708039678194,-1.607249069744896,-0.03847911452804198
20260924,17,22,0.16580569865560169,-1.4550843307656054,-0.07000786244230506
20260924,18,22,0.16072872887331877,-1.337741624193953,-0.11803153633702237
20260924,19,22,0.16817034251314705,-1.2388543873322457,-0.17694959104903138
20260924,20,22,0.17763752487414386,-1.1798920297886129,-0.25481367839006575
20260924,21,22,0.17815877422404283,-1.1881273603462432,-0.3525308502025586
20260924,22,22,0.1690127382936436,-1.2622419627827708,-0.46009727879432033
20260924,23,22,0.1557827733441468,-1.3804469623671478,-0.5663050832905846
20260924,24,22,0.14731302469735005,-1.5151727311092462,-0.6663163736330573
20260924,25,22,0.14813939205557805,-1.6554688337217747,-0.7612992468613038
20260924,26,22,0.15245165852434617,-1.806511586000149,-0.8465021736726644
20260924,27,22,0.15654405499470098,-1.9627579537347795,-0.9147042047375571
20260924,28,22,0.1613762285901566,-2.1138152969869863,-0.962605367133116
20260924,29,22,0.16810968351329358,-2.251701466886301,-0.9884391368446755
20260924,30,22,0.17971845695670202,-2.372959298588349,-0.9927555865917614
20260924,31,22,0.20298934215561718,-2.4818737910301696,-0.9774202358398707
20260924,32,22,0.23670048710050187,-2.570981531539729,-0.9360037024762609
20260924,33,22,0.2710419548060767,-2.6181807356179916,-0.8636468217857008
20260924,34,22,0.2950733023360432,-2.605413596273028,-0.7676023310961205
20260924,35,22,0.3046737505072259,-2.5332035701437703,-0.6647746503784574
20260924,36,22,0.31064625513514393,-2.423359931304651,-0.5686236286350057
20260924,37,22,0.326646144741168,-2.294878527128208,-0.4822648652535653
20260924,38,22,0.3456300082175981,-2.1486613035166866,-0.4162226557219192
20260924,39,22,0.35239024390378215,-1.9923201024662995,-0.3894332857387045
20260924,40,22,0.3411539249961293,-1.8454851748153425,-0.412121526098045
20260924,41,22,0.3195970667110114,-1.725285056770204,-0.47766015541296936
20260924,42,22,0.3068284041116772,-1.633121774815074,-0.566983314399421
20260924,43,22,0.31500201872119055,-1.5600718063777959,-0.6703672420771473
20260924,44,22,0.33163679831382525,-1.5102660650520254,-0.7939747859756698
20260924,45,22,0.33791435545493775,-1.4959561425359633,-0.9338436104580683
20260924,46,22,0.32679468471207634,-1.519686876358417,-1.0707351799659406
20260924,47,22,0.30568422524254496,-1.5704890372549078,-1.185413630647397
20260924,48,22,0.29260661977789865,-1.6302004533468175,-1.2738022840701049
20260924,49,22,0.29853307194523454,-1.6891975920591613,-1.3415194331321525
20260924,50,22,0.3106558680988413,-1.7513220939302183,-1.3774735244344725
20260924,51,22,0.31468746184580826,-1.815800064841087,-1.3649489525840355
20260924,52,22,0.3089683728579634,-1.8756988958899001,-1.3012169993037739
20260924,53,22,0.2993130725309011,-1.9253249866373097,-1.1953922123891894
20260924,54,22,0.29197782195034383,-1.962872622651172,-1.0592685628481746
20260924,55,22,0.2885477850105134,-1.989094454936026,-0.9014969867859735
20260924,56,22,0.285484900132603,-2.0052544140902553,-0.7301745204297287
20260924,57,22,0.27970211533922607,-2.0130342853402308,-0.5574453635649816
20260924,58,22,0.27076739622826446,-2.014980224093617,-0.3972920526600195
20260924,59,22,0.2611405603171515,-2.0143312974537926,-0.26072034407580313
20260924,60,22,0.25473144867376646,-2.0143368914869497,-0.15298930966637958
20260924,0,23,0.11197714091853,-1.7220881570529565,-0.44149372507376894
20260924,1,23,0.11889334817907318,-1.883706250112487,-0.4081364610752006
20260924,2,23,0.1295265740957157,-2.064202870532478,-0.375905334218376
20260924,3,23,0.1413473990448096,-2.2559195022308405,-0.34384420583432157
20260924,4,23,0.1510786039728066,-2.4410222690214525,-0.3114859526300479
20260924,5,23,0.15760659575924107,-2.5992438915121467,-0.27935580893716244
20260924,6,23,0.1628019095489332,-2.7184047522360486,-0.2481847891388853
20260924,7,23,0.1690404056218718,-2.793458718188814,-0.21806011865934444
20260924,8,23,0.17650219811889079,-2.817872121545471,-0.18870712389344554
20260924,9,23,0.18370291182808593,-2.783767637872592,-0.16035038696725756
20260924,10,23,0.18934805306457028,-2.688605460330488,-0.13396495963517735
20260924,11,23,0.19350926608024438,-2.538643248711271,-0.11087589082180233
20260924,12,23,0.19778761033087838,-2.3464161199684943,-0.09220068276638724
20260924,13,23,0.20364791643783112,-2.124563711027975,-0.07909351363215159
20260924,14,23,0.21026193241590338,-1.8849347604308346,-0.07385890612859708
20260924,15,23,0.21522368477614026,-1.643923095461845,-0.07986005264241647
20260924,16,23,0.2170252601539328,-1.4223708784802407,-0.09989656035377445
20260924,17,23,0.21665505816624048,-1.2381111518407513,-0.13481038319159347
20260924,18,23,0.21692316158099156,-1.1001670130787522,-0.18379058711407129
20260924,19,23,0.21870905333135715,-1.0146962493137226,-0.24634027697630792
20260924,20,23,0.21860860828146486,-0.9935932777891356,-0.3222425861267052
20260924,21,23,0.2130524847542067,-1.0450120282975912,-0.4086269085587408
20260924,22,23,0.20241829595304833,-1.1612068871227148,-0.49972937521969996
20260924,23,23,0.1907677671941991,-1.3213615976766233,-0.5899017219240058
20260924,24,23,0.18287647644747718,-1.5045375137025585,-0.6761178612359808
20260924,25,23,0.1810433180583146,-1.6996058959087175,-0.7571369791067978
20260924,26,23,0.1846720442282868,-1.902263250304689,-0.8308229558125212
20260924,27,23,0.19251937112452108,-2.107190863552092,-0.8936631641218173
20260924,28,23,0.2039213849490345,-2.3061799348057894,-0.941757089282376
20260924,29,23,0.2187751016424037,-2.4894008765668754,-0.9714837328863479
20260924,30,23,0.2382616180824827,-2.647977913859832,-0.9803877754942993
20260924,31,23,0.26480869772766974,-2.7753569968736866,-0.966859923790164
20260924,32,23,0.29825695956610676,-2.86072907053787,-0.9283362068676552
20260924,33,23,0.33318413744787695,-2.88585187537309,-0.8636096025575135
20260924,34,23,0.3617121317570702,-2.835773211390622,-0.7776980530402777
20260924,35,23,0.38002530778772864,-2.7123549340766777,-0.6820694271758251
20260924,36,23,0.39161546549243886,-2.5338545472065195,-0.5890007505151404
20260924,37,23,0.4011497446940903,-2.3208387031899202,-0.5080606385968323
20260924,38,23,0.40707715034688075,-2.0901625000108686,-0.4490775785916197
20260924,39,23,0.4046152708526301,-1.861470357698587,-0.4223936120876865
20260924,40,23,0.39258867802905845,-1.6570049315501159,-0.4335784019743579
20260924,41,23,0.37609457489828285,-1.4927450576261911,-0.47983170809251907
20260924,42,23,0.3631872383248747,-1.3727753072018407,-0.5530323582210916
20260924,43,23,0.3570945005154639,-1.2959073951084665,-0.6470353642407362
20260924,44,23,0.3527471354323458,-1.2655474070172987,-0.7585223085178097
20260924,45,23,0.34296963440223216,-1.286021398463574,-0.8803078719762257
20260924,46,23,0.32621371290193923,-1.352410831700023,-0.9996483824244793
20260924,47,23,0.307811588114775,-1.4496426211615339,-1.104480446911096
20260924,48,23,0.2945551298865014,-1.5617011173140896,-1.1885832719890579
20260924,49,23,0.2880247749027526,-1.6795478139803555,-1.2486009826674718
20260924,50,23,0.28342066579678615,-1.7984534517046296,-1.2782869811530766
20260924,51,23,0.2756301036079473,-1.9111650115616103,-1.2708305699438536
20260924,52,23,0.2644558079501544,-2.0087243004342916,-1.225427131070286
20260924,53,23,0.25330188938280024,-2.0854820544884305,-1.1475752625799982
20260924,54,23,0.24481984101234625,-2.1400887883670405,-1.0442168973725143
20260924,55,23,0.2391305991252996,-2.173114307505571,-0.9213858563099852
20260924,56,23,0.23505123004890696,-2.185808347123866,-0.7855587334652804
20260924,57,23,0.23118325718543062,-2.1802798618793124,-0.644797761211081
20260924,58,23,0.22669245121461185,-2.159984310822868,-0.5084854268267432
20260924,59,23,0.22212972259201444,-2.1298587634439237,-0.3855188678799517
20260924,60,23,0.21884585173447793,-2.095233223593713,-0.28253788951090547
20260924,0,24,0.12879119989818058,-1.8576074060741248,-0.45291143360236624
20260924,1,24,0.1369763995345817,-2.0251834524185,-0.37930252571659984
20260924,2,24,0.15030955808192278,-2.208965588567177,-0.30652214058209815
20260924,3,24,0.16681662730693864,-2.4018824327890016,-0.2357293039420591
20260924,4,24,0.18283349605886873,-2.586489326675509,-0.17016916053606249
20260924,5,24,0.19554309955019125,-2.7403753592146383,-0.11424405803775545
20260924,6,24,0.20379428609888536,-2.8440970782297237,-0.07146298711420263
20260924,7,24,0.20863632777419083,-2.887507701174112,-0.04303082665606342
20260924,8,24,0.2132897477656044,-2.87150496834436,-0.027530661664693423
20260924,9,24,0.21965484568773552,-2.798294948361771,-0.02310199329795745
20260924,10,24,0.22709803763273137,-2.6678202499129338,-0.028772504656633863
20260924,11,24,0.23408258549303465,-2.483319405558853,-0.043836858193970374
20260924,12,24,0.23927658254361364,-2.25487289298783,-0.06733795921977218
20260924,13,24,0.2427568988195491,-1.9991785506350455,-0.09778253416053939
20260924,14,24,0.24611206637681507,-1.7347024140247678,-0.1335403074643055
20260924,15,24,0.2499904324017915,-1.478519581901928,-0.17386202633005043
20260924,16,24,0.2536986459878396,-1.2481862339846843,-0.21870701170812906
20260924,17,24,0.2567087431635624,-1.0607731145303005,-0.268096814631853
20260924,18,24,0.25885031849526785,-0.9304637630978325,-0.321984266943908
20260924,19,24,0.2591860382741794,-0.8690234822350487,-0.38016218774098115
20260924,20,24,0.2555693222741832,-0.8856705907422369,-0.441782002333577
20260924,21,24,0.24665055478324346,-0.9808137517159315,-0.50503030243997
20260924,22,24,0.2339599944631935,-1.1410301161827532,-0.5677553758065844
20260924,23,24,0.2216754321493761,-1.3437782051170193,-0.6285980239370772
20260924,24,24,0.2138540772724093,-1.569349242544677,-0.6872028761590515
20260924,25,24,0.21249806367266508,-1.8067998038102675,-0.7432521947911653
20260924,26,24,0.21854194654605993,-2.050726026521702,-0.7958829257721245
20260924,27,24,0.23211995959448045,-2.297042696682376,-0.8431252968120226
20260924,28,24,0.25198308453033735,-2.5378291019104413,-0.8813959186758863
20260924,29,24,0.27567607714901654,-2.7579785855549197,-0.9061077102041467
20260924,30,24,0.3011434006794173,-2.9384528476313503,-0.9134315728715449
20260924,31,24,0.3298625355145432,-3.065951946809398,-0.9019129789824386
20260924,32,24,0.3645207415786304,-3.131963408825569,-0.8710198245869543
20260924,33,24,0.40199698396664996,-3.121405203915149,-0.8203959546179471
20260924,34,24,0.43461359711163405,-3.0202572640169976,-0.7532170990542375
20260924,35,24,0.4569676206032172,-2.831240128492969,-0.6774029790278877
20260924,36,24,0.46837327652634914,-2.574366392337267,-0.6029758964703997
20260924,37,24,0.47075220801934453,-2.277868470081302,-0.5394000285396359
20260924,38,24,0.46620861763371896,-1.9709244955370742,-0.4944846466282836
20260924,39,24,0.4553853344216007,-1.6806424233582424,-0.47436999521849654
20260924,40,24,0.43934130917164876,-1.4305497325511016,-0.48236071747438536
20260924,41,24,0.4218920515894195,-1.2359133524036419,-0.5173821598957704
20260924,42,24,0.4063633178247293,-1.1031611782618043,-0.5760372978504655
20260924,43,24,0.3912889693728016,-1.0368420633545004,-0.6552628900147359
20260924,44,24,0.37278192659533527,-1.0404412255923057,-0.7504298997469967
20260924,45,24,0.34849877438212057,-1.1107456623156204,-0.85328685323448
20260924,46,24,0.3204889607963751,-1.2333825848161306,-0.9531344000507715
20260924,47,24,0.29489050088897534,-1.3862036355480596,-1.0411104715216153
20260924,48,24,0.2766155029843967,-1.5508589268500876,-1.1128993023364333
20260924,49,24,0.26443903800941226,-1.7184126915580722,-1.1653999496170586
20260924,50,24,0.25262151511404324,-1.8818685837160496,-1.1928853660397336
20260924,51,24,0.23710281688312823,-2.029655868060388,-1.1898555979133552
20260924,52,24,0.21891661256353714,-2.1501320639096337,-1.1562264609774882
20260924,53,24,0.20236104590592172,-2.238540914236061,-1.0975431524388903
20260924,54,24,0.1915112986747328,-2.297475592230511,-1.020727158354571
20260924,55,24,0.18716470200007473,-2.3308661317657253,-0.929721044059538
20260924,56,24,0.1863451264879368,-2.33890510280758,-0.8261738080428
20260924,57,24,0.18548646362709006,-2.320892246789165,-0.7139264136187896
20260924,58,24,0.18230195509849734,-2.2790965750245453,-0.6001637937879514
20260924,59,24,0.17691510837879243,-2.2201817496105387,-0.49325339605242274
20260924,60,24,0.1728781988229556,-2.1538146561093208,-0.39866479086550966
20260924,0,25,0.13238632603787054,-2.0246120010637134,-0.4301765338995191
20260924,1,25,0.14348203416068284,-2.175843324417687,-0.31522281956727105
20260924,2,25,0.1642455831653852,-2.3447372306333185,-0.198477365299627
20260924,3,25,0.18927861657338035,-2.521988248636406,-0.08284152459131444
20260924,4,25,0.2125128652729891,-2.685241241787454,0.021360640270345677
20260924,5,25,0.23014197668396316,-2.81020740811218,0.10272044059106344
20260924,6,25,0.23988410386919112,-2.8767769031886368,0.15278474914873336
20260924,7,25,0.24257780044765162,-2.8764579027432857,0.16936349140577972
20260924,8,25,0.24585593802069408,-2.8200696624661865,0.1596603637095277
20260924,9,25,0.25265394047645556,-2.712416860995586,0.1285928085273732
20260924,10,25,0.26090616851061044,-2.552233020406701,0.07781359807610372
20260924,11,25,0.26789949813705843,-2.3435849179391908,0.010104845075573743
20260924,12,25,0.27181028493878545,-2.099109602525119,-0.06955979413760224
20260924,13,25,0.2733760675250096,-1.837651715666675,-0.15465888407776446
20260924,14,25,0.27490884927698156,-1.57754654251768,-0.23948615124443093
20260924,15,25,0.2773913478207729,-1.3348593660494363,-0.32030870782714177
20260924,16,25,0.2799114317753771,-1.1263550356329644,-0.3945085269404529
20260924,17,25,0.2813580458145642,-0.9687449170217002,-0.46009844359352214
20260924,18,25,0.28294906011803655,-0.8720059066263313,-0.5165384508374015
20260924,19,25,0.2859091914271237,-0.8412954749026134,-0.5644908898841565
20260924,20,25,0.28402533394050244,-0.8919651931392123,-0.6027530312714451
20260924,21,25,0.27426791438099435,-1.025209063939001,-0.6313366788360129
20260924,22,25,0.2587498898874419,-1.2233964756620188,-0.6525385134712198
20260924,23,25,0.2428968364649744,-1.459818314747253,-0.6700468713948009
20260924,24,25,0.2340660060697345,-1.7114446491071258,-0.6878696419035241
20260924,25,25,0.23652852201399838,-1.9708421663714077,-0.7078428133319437
20260924,26,25,0.2490067146862083,-2.2385713014396558,-0.7287120564514394
20260924,27,25,0.2704612107464373,-2.5107993432667985,-0.748613707398287
20260924,28,25,0.29843736090646394,-2.7752256936606137,-0.7649869600411054
20260924,29,25,0.3271470596335314,-3.006635860479433,-0.7748778971858934
20260924,30,25,0.352256702094931,-3.1769261114441107,-0.7765329737716459
20260924,31,25,0.381782320383058,-3.2821192363361433,-0.769896732353234
20260924,32,25,0.4228955205405318,-3.321175765484879,-0.7536532560120554
20260924,33,25,0.46706928273188747,-3.2691062380000995,-0.7266251438296095
20260924,34,25,0.5020254103328061,-3.108249180269178,-0.6910322392977479
20260924,35,25,0.5218562519627891,-2.8482926886804414,-0.6518153599713673
20260924,36,25,0.5282210044492072,-2.5196423092089604,-0.6143899914500551
20260924,37,25,0.525164093206571,-2.158030093337551,-0.5836240847000252
20260924,38,25,0.5145570177694346,-1.7971241416825772,-0.5641914798225764
20260924,39,25,0.4971083160674944,-1.4680057588925433,-0.5601565235567363
20260924,40,25,0.47395958609489997,-1.1967869255073844,-0.5740292886460522
20260924,41,25,0.4505491905491501,-0.997427689752559,-0.6049464837504105
20260924,42,25,0.43297999731801967,-0.8707756695794826,-0.6502882921970659
20260924,43,25,0.41572774495187015,-0.8245622287657179,-0.7102668401206063
20260924,44,25,0.38957948129040065,-0.8691377781100464,-0.7833908023718401
20260924,45,25,0.35258643378079346,-0.997727321338789,-0.8626845187255602
20260924,46,25,0.3105645952732915,-1.1840046586453772,-0.938549817097311
20260924,47,25,0.2748095517834173,-1.3921386307893462,-1.0040866464580154
20260924,48,25,0.2535888249634778,-1.5985311597935383,-1.0583773120176725
20260924,49,25,0.24135117674362314,-1.8012429200366085,-1.100220474458826
20260924,50,25,0.22672265748207027,-1.9950039272239684,-1.1227815692834715
20260924,51,25,0.20552911389325038,-2.1621470470426307,-1.11998030258627
20260924,52,25,0.18129771995659968,-2.287960535402969,-1.092207127904309
20260924,53,25,0.16023167345563497,-2.37110465045248,-1.045501525730226
20260924,54,25,0.14841091001683554,-2.4230789934845065,-0.9877810490074896
20260924,55,25,0.14701454603897868,-2.4539158467340805,-0.9217623113157698
20260924,56,25,0.14955319001497988,-2.4574992398394295,-0.8439848209948424
20260924,57,25,0.15089641733917694,-2.4277819838380945,-0.7549651901280225
20260924,58,25,0.1476924632060392,-2.3650376011650818,-0.6599973155001456
20260924,59,25,0.13884819816840852,-2.2775201434465417,-0.5673767070894792
20260924,60,25,0.13163646276689614,-2.1837046796840855,-0.48240692137778035
20260924,0,26,0.11712964157911925,-2.1788305904313336,-0.37185880034935154
20260924,1,26,0.13735758866349204,-2.3013663324931755,-0.22346635296594636
20260924,2,26,0.17207076242625138,-2.447160377216981,-0.06048829188759944
20260924,3,26,0.20779090791375068,-2.5922513319176885,0.10338808676638939
20260924,4,26,0.23611938996615697,-2.7094200382042124,0.24359598984536085
20260924,5,26,0.2552373975781623,-2.7808165842297394,0.34221308528594774
20260924,6,26,0.26611620980541045,-2.7971806904644616,0.39071300030523926
20260924,7,26,0.2649484555909361,-2.7482863904883628,0.38193208200094936
20260924,8,26,0.270649548539647,-2.660984021158808,0.340431885555216
20260924,9,26,0.2801341032891089,-2.530305239631983,0.2660441577285694
20260924,10,26,0.28656891519159716,-2.3534803650882963,0.15855195855323667
20260924,11,26,0.2867597646416533,-2.1411307189021187,0.02657339786137286
20260924,12,26,0.2832307057986308,-1.9117370000259082,-0.11581366465775889
20260924,13,26,0.28960794626322917,-1.6759445513767195,-0.2568275655969709
20260924,14,26,0.2952291098329409,-1.4470717935498114,-0.39234965567372987
20260924,15,26,0.2974393483625431,-1.2448057493857783,-0.5135205411350886
20260924,16,26,0.2967383049402836,-1.0859461223262525,-0.6134376901564811
20260924,17,26,0.2905298123812919,-0.9889072529572438,-0.6862748097065221
20260924,18,26,0.2810390268754917,-0.9596878858525595,-0.7316603891223621
20260924,19,26,0.30059375492104146,-0.942443030228636,-0.7731104035823686
20260924,20,26,0.3051902035870713,-1.0201983236118664,-0.7831503372497828
20260924,21,26,0.29556697843875207,-1.1827692004420967,-0.767163214359304
20260924,22,26,0.2762079975046253,-1.4048243588481033,-0.7350927354740666
20260924,23,26,0.2492133737287315,-1.6589597653872428,-0.6959385132362852
20260924,24,26,0.22786635446630074,-1.9126576758873688,-0.6615451421948859
20260924,25,26,0.2449338721744865,-2.1662462774074145,-0.6406649574288963
20260924,26,26,0.27224060597323496,-2.438630866969368,-0.6209214187328814
20260924,27,26,0.30386824654533895,-2.7157296306167575,-0.6025542647211849
20260924,28,26,0.33668248161122516,-2.974114033866761,-0.5876470836953799
20260924,29,26,0.359792139947561,-3.17353649434195,-0.5793592485303043
20260924,30,26,0.36742700805079775,-3.280507542483839,-0.5804052537051121
20260924,31,26,0.40687699145616235,-3.362252726505546,-0.582152258092796
20260924,32,26,0.4699179136769551,-3.3874561615913112,-0.5836444315275257
20260924,33,26,0.5265245130697543,-3.295108578163547,-0.589248344878932
20260924,34,26,0.560213864994264,-3.073177656462124,-0.6006053711637723
20260924,35,26,0.5656915084572485,-2.74770072713648,-0.6173140520295384
20260924,36,26,0.5559889671635867,-2.3689229879245413,-0.636147493699949
20260924,37,26,0.5606459269493118,-1.9765410984098424,-0.6512731634756523
20260924,38,26,0.5538113168288218,-1.5911536784974496,-0.6685195013380025
20260924,39,26,0.5322871138367065,-1.2518048521426588,-0.6899282267957086
20260924,40,26,0.49893165324006233,-0.9906334804582126,-0.7164852921376776
20260924,41,26,0.4625334620972871,-0.8204562836588742,-0.7476586361985569
20260924,42,26,0.44293348752787143,-0.719971607531591,-0.7806755702098396
20260924,43,26,0.431350601042738,-0.6960001542047765,-0.8182063841529672
20260924,44,26,0.4035442958088067,-0.7808687352976107,-0.8628347116112879
20260924,45,26,0.3572131828838442,-0.9651299160314544,-0.9104638931079703
20260924,46,26,0.3022227717602043,-1.209508891183701,-0.9546352581938826
20260924,47,26,0.2581073801794171,-1.4610801165263392,-0.9915967813350722
20260924,48,26,0.24137454512618908,-1.6915609154351614,-1.024532274347698
20260924,49,26,0.2296714247496961,-1.9189196343180113,-1.050349926335579
20260924,50,26,0.2105323790700333,-2.1303033548805375,-1.0618244194559936
20260924,51,26,0.18407769124161297,-2.30111517560451,-1.0545714772418875
20260924,52,26,0.15618565131227005,-2.4180591771738102,-1.0293848281001714
20260924,53,26,0.1331675061805808,-2.485573581738621,-0.9910225541392684
20260924,54,26,0.12106487048032588,-2.5237412393102123,-0.9463137548370191
20260924,55,26,0.1234568869475042,-2.5531083629358733,-0.8988196243124146
20260924,56,26,0.12717007563604946,-2.5486543957541117,-0.83951860865469
20260924,57,26,0.12928553913850926,-2.505657645954314,-0.7686872220067462
20260924,58,26,0.12619247418924168,-2.4234399690560697,-0.6894652113124072
20260924,59,26,0.11251351129225269,-2.3070410982066627,-0.6090224362789366
20260924,60,26,0.09679955158955637,-2.186387964502959,-0.5354011677720789
20260924,0,27,0.11096979779118513,-2.3097485466365777,-0.2937170302129313
20260924,1,27,0.1401847172612202,-2.4044389106966433,-0.1092340697436881
20260924,2,27,0.18551349182726534,-2.5144395197292724,0.10286246697556212
20260924,3,27,0.2277832711444707,-2.605006515278393,0.3098094671698386
20260924,4,27,0.2559579251115937,-2.6531750635276,0.47141707963289553
20260924,5,27,0.26902743816881014,-2.6519352762134885,0.5649892988311535
20260924,6,27,0.27471294010431335,-2.608069708654432,0.5919400772651238
20260924,7,27,0.278983691750326,-2.5280321052604777,0.5603654028532998
20260924,8,27,0.2940086322193408,-2.4217451828380483,0.4894968590865255
20260924,9,27,0.30734704526631157,-2.279194306305222,0.3662757813079594
20260924,10,27,0.3098685376298901,-2.105568112579796,0.19451835621746127
20260924,11,27,0.29945012327952797,-1.918692635146921,-0.005129389868415379
20260924,12,27,0.2843265860715289,-1.736821507331651,-0.20641787005778595
20260924,13,27,0.30098014168640397,-1.54511743099724,-0.4007896523558662
20260924,14,27,0.31291164954845535,-1.3677171408598345,-0.5853655272399321
20260924,15,27,0.31467676746767337,-1.227913990369505,-0.741031065122557
20260924,16,27,0.3110080604211156,-1.135816402140887,-0.8577233460459437
20260924,17,27,0.30134858669167336,-1.1023183532891263,-0.92852332728529
20260924,18,27,0.2832270748379958,-1.1362296358897712,-0.9495197853843769
20260924,19,27,0.32328379210412334,-1.1380949942222736,-0.9916669190637711
20260924,20,27,0.32382867890004285,-1.25695283773316,-0.9585799353938047
20260924,21,27,0.3123499496409981,-1.4386975502024593,-0.8885169962142274
20260924,22,27,0.2921538546958213,-1.6611535393256733,-0.7973731068391617
20260924,23,27,0.2579977185446271,-1.9018896023284824,-0.697579659695205
20260924,24,27,0.22158640698939555,-2.1275803379487908,-0.6094313371481391
20260924,25,27,0.2548729963923537,-2.366512947926632,-0.5412625046382961
20260924,26,27,0.2953636319312749,-2.6266120577870398,-0.4705637408969433
20260924,27,27,0.33494724320161007,-2.8823485061913567,-0.4058266416426863
20260924,28,27,0.36895808364674837,-3.102714512482032,-0.35723623101258906
20260924,29,27,0.3820774006685513,-3.239600739042822,-0.33808341593161284
20260924,30,27,0.368520417138021,-3.2628321768961177,-0.35507432772340075
20260924,31,27,0.43334890561898504,-3.3332382079145058,-0.35843281922344095
20260924,32,27,0.522252476481686,-3.334579473796267,-0.3762673327208507
20260924,33,27,0.5897781677502147,-3.194829095224898,-0.424858947277313
20260924,34,27,0.6205343477260012,-2.9211409984510257,-0.4995392650590981
20260924,35,27,0.6069744927539316,-2.553837245597303,-0.5896281495002442
20260924,36,27,0.5662827347310206,-2.1571085792788103,-0.6798407325413758
20260924,37,27,0.5936278408044005,-1.7623189051278971,-0.7516943362055398
20260924,38,27,0.5950401979454722,-1.3798438412112963,-0.8171887530910691
20260924,39,27,0.5702924542853511,-1.0594690386498593,-0.8714570899433257
20260924,40,27,0.5271991514527522,-0.8351141204192951,-0.912381954415413
20260924,41,27,0.4758114824697554,-0.7187563964417121,-0.9407904999616566
20260924,42,27,0.44617341773702157,-0.6708177684043579,-0.9601745979401219
20260924,43,27,0.44197911524275124,-0.6743134558775208,-0.9746705185384842
20260924,44,27,0.4163599394264274,-0.7948241998775682,-0.9847894906224155
20260924,45,27,0.3661751868415952,-1.0200080094163113,-0.9911156492526327
20260924,46,27,0.3045957079932614,-1.3009756273091668,-0.9941482242323223
20260924,47,27,0.25589595323876263,-1.577731838168442,-0.9958303906513006
20260924,48,27,0.24165741183779274,-1.8245196387539098,-1.0008512003168446
20260924,49,27,0.22630376774932262,-2.066041734794395,-1.003204705230839
20260924,50,27,0.20142795360831603,-2.278956111313517,-0.9982204712451992
20260924,51,27,0.17126877730157658,-2.4387631179017712,-0.9837971728940043
20260924,52,27,0.14316505447901576,-2.5397816498850627,-0.9605554270103162
20260924,53,27,0.12298071633100946,-2.595108914941366,-0.9310489559363535
20260924,54,27,0.11379329531406134,-2.625401294226986,-0.8978848350056745
20260924,55,27,0.11412525540414056,-2.638476583524643,-0.8605004624343616
20260924,56,27,0.11562849264755233,-2.61545749279222,-0.8141725150339343
20260924,57,27,0.11751479471662662,-2.5565774726446158,-0.758809028323482
20260924,58,27,0.11591851325381289,-2.459281069994886,-0.694941775783777
20260924,59,27,0.10391329312209706,-2.32609174706728,-0.6264599919284447
20260924,60,27,0.08614273149787723,-2.187028139235954,-0.5609501362106838
20260924,0,28,0.15235285996942524,-2.4749031706035396,-0.17588626249804026
20260924,1,28,0.1749382375236235,-2.5109485814651626,0.05088023168645861
20260924,2,28,0.2163620988037516,-2.549480670559719,0.29783360335005965
20260924,3,28,0.2575717093296847,-2.5605998250755992,0.528467526093586
20260924,4,28,0.2836534249052784,-2.5293664596897205,0.6936954935906003
20260924,5,28,0.29236624946071355,-2.459414422878507,0.768551896581834
20260924,6,28,0.2958471174072222,-2.3652944169730565,0.7656979719209033
20260924,7,28,0.30934977881703307,-2.256517284130954,0.7106777552964672
20260924,8,28,0.33013033045852674,-2.1296605345701187,0.5982052255227366
20260924,9,28,0.344312414446946,-1.9857262428570588,0.4161299761795468
20260924,10,28,0.3445063820728162,-1.8367968595467299,0.1783443431768716
20260924,11,28,0.33350462069096287,-1.6968925966639006,-0.08368401505063305
20260924,12,28,0.324986561597463,-1.56968202209783,-0.34187395711758733
20260924,13,28,0.33126320438522416,-1.4488478794965678,-0.5886763467351728
20260924,14,28,0.33706154725403004,-1.3510502257851444,-0.8114434118178222
20260924,15,28,0.33436250103214404,-1.29312199649921,-0.9879000762831393
20260924,16,28,0.3278217367531214,-1.2769625220891556,-1.1090326693252617
20260924,17,28,0.32357584046704885,-1.2985894994928722,-1.1773593834671359
20260924,18,28,0.33140209994736897,-1.34855536671625,-1.2062773210825481
20260924,19,28,0.34783553779115534,-1.4347539431626015,-1.1919995200377425
20260924,20,28,0.33626284172509624,-1.5869249402144265,-1.097775896864368
20260924,21,28,0.3245835897808827,-1.767598476184793,-0.9708637919707522
20260924,22,28,0.31032567889540325,-1.9672871356711783,-0.823258907627733
20260924,23,28,0.2901227563219105,-2.1714311115561586,-0.6697464788934862
20260924,24,28,0.2772489233843456,-2.3683650886628063,-0.5287813354670823
20260924,25,28,0.29358044029889885,-2.573002102100803,-0.39926879542092264
20260924,26,28,0.32899487953904766,-2.7873674145048017,-0.27415379560126923
20260924,27,28,0.37009155569128266,-2.9899438800510145,-0.1631163586536883
20260924,28,28,0.4066530404809442,-3.1503442845763177,-0.08324524397556632
20260924,29,28,0.42977916894839524,-3.2382279851660236,-0.050682604372005335
20260924,30,28,0.45127009773242294,-3.2567292012466726,-0.06126367043661751
20260924,31,28,0.5116463031182376,-3.2467059078193974,-0.08783069852355163
20260924,32,28,0.5962906337464833,-3.1674793916084627,-0.1461353183913916
20260924,33,28,0.6648072655711893,-2.971532174643066,-0.2560499014483649
20260924,34,28,0.6988143207341632,-2.6680355474242834,-0.4085999313359058
20260924,35,28,0.6957646521434208,-2.297538917829461,-0.5813674193532257
20260924,36,28,0.6744189505650925,-1.9093835887526651,-0.749409776811712
20260924,37,28,0.6660411533308342,-1.5307906161682703,-0.8979468996156172
20260924,38,28,0.6511312320270835,-1.187960149117127,-1.0212586492968239
20260924,39,28,0.6188390265992633,-0.9177939140927636,-1.1116131295200522
20260924,40,28,0.5712799049769465,-0.7466743596050822,-1.1655860409681567
20260924,41,28,0.5185486113011076,-0.6787343194645556,-1.1866330502046734
20260924,42,28,0.48240411762486973,-0.6840848892539229,-1.1857909396382922
20260924,43,28,0.4638725315442108,-0.7516671809786781,-1.1700507129705893
20260924,44,28,0.43408598959943745,-0.9133116853862209,-1.1379345664881655
20260924,45,28,0.38286971903197314,-1.1627985092722104,-1.093909418730931
20260924,46,28,0.32165216825781723,-1.4544054298745714,-1.047131492270361
20260924,47,28,0.27102555597103456,-1.7379821575718637,-1.0057977676958925
20260924,48,28,0.24297443312263015,-1.995091142381615,-0.973004078147859
20260924,49,28,0.2228629247293914,-2.230714329120651,-0.9458807039226022
20260924,50,28,0.19574180002263086,-2.4272556595640817,-0.9216058774638383
20260924,51,28,0.16445686995054853,-2.564374229197986,-0.8989133899682583
20260924,52,28,0.13767354352168676,-2.644739109903017,-0.876731822831932
20260924,53,28,0.12034628982707138,-2.686352585979469,-0.854067746425957
20260924,54,28,0.11252890651623124,-2.703589873647131,-0.8298112204289754
20260924,55,28,0.1106979426474749,-2.69536518892279,-0.8021492189547232
20260924,56,28,0.11058757590040069,-2.652576998582556,-0.7689537975782069
20260924,57,28,0.11178605076887163,-2.5769527134560946,-0.7292235509775491
20260924,58,28,0.11186678729429632,-2.468207920378089,-0.6823137123378207
20260924,59,28,0.10773640862944828,-2.332057239562431,-0.6291059222755406
20260924,60,28,0.102835819812317,-2.187799388120991,-0.5719456242958388
20260924,0,29,0.20512762541118287,-2.6197388522463267,-0.010844420997731252
20260924,1,29,0.22727294863595945,-2.584685344091679,0.24994274415215928
20260924,2,29,0.2635141296439953,-2.5341807206806597,0.512880678926287
20260924,3,29,0.3022508969539789,-2.45428471442484,0.7460137948869329
20260924,4,29,0.3310197717937665,-2.3429412077189906,0.905182541884133
20260924,5,29,0.346334039739373,-2.211098535963873,0.9659287347651676
20260924,6,29,0.35649689062098716,-2.071936202497376,0.9358787161138767
20260924,7,29,0.3709943976295976,-1.9315095050867552,0.8313098160163666
20260924,8,29,0.38777005267197484,-1.7935688585366485,0.6527140477954071
20260924,9,29,0.39862838921279653,-1.6668360475572213,0.402283440227397
20260924,10,29,0.3992919962821761,-1.561589390640287,0.10062227747177932
20260924,11,29,0.39211263132195484,-1.4835844251578378,-0.22051517574157103
20260924,12,29,0.38450345321871676,-1.4313837233184281,-0.5334012342737865
20260924,13,29,0.37995116067520773,-1.403667535382085,-0.8202365779191231
20260924,14,29,0.3727821718581,-1.406754255339517,-1.0609198981814338
20260924,15,29,0.36079975439655504,-1.4431384349246101,-1.2369290801363655
20260924,16,29,0.34852563398953224,-1.5075319799498152,-1.344064479571125
20260924,17,29,0.3405808509033713,-1.5942296519356258,-1.3875134044682877
20260924,18,29,0.3395230919509988,-1.7003691011557853,-1.374051410776937
20260924,19,29,0.3418334870625112,-1.8274342600675526,-1.3026737264290404
20260924,20,29,0.33884986976424675,-1.974926512507879,-1.1702256806105176
20260924,21,29,0.3344655680943653,-2.133856232807068,-0.9963275837171734
20260924,22,29,0.32906642838013095,-2.296445267227921,-0.7977132812992846
20260924,23,29,0.32317882778181567,-2.454521880784638,-0.5918676309696765
20260924,24,29,0.323693112216982,-2.604962929796807,-0.3940113295333658
20260924,25,29,0.3392842891129591,-2.7519686412591176,-0.20798744295477534
20260924,26,29,0.37049955066882534,-2.8940718985150666,-0.0348381180482592
20260924,27,29,0.4112455134888649,-3.0174022451915268,0.11432522789955879
20260924,28,29,0.45336201784588165,-3.101116695647711,0.22004623859587424
20260924,29,29,0.4924252943025702,-3.128758328773568,0.26633655959264524
20260924,30,29,0.5366264559740204,-3.099739280424086,0.2541532421777969
20260924,31,29,0.5998673179384472,-3.01713240758454,0.19173211245358057
20260924,32,29,0.6755248050418089,-2.8647865927704648,0.07038262123333361
20260924,33,29,0.7410253823312067,-2.6294283205318356,-0.11805072924762672
20260924,34,29,0.7818283511024964,-2.3239451552907724,-0.35930464831998354
20260924,35,29,0.7933870558859588,-1.9793686833075514,-0.6247890252587824
20260924,36,29,0.7782208009453229,-1.6332977917564584,-0.8829757164824686
20260924,37,29,0.7500155646396517,-1.3170064373333104,-1.1086229928661426
20260924,38,29,0.7160416071948387,-1.053069803852039,-1.2871718903669187
20260924,39,29,0.67468425223903,-0.8625621485918986,-1.4097242533124779
20260924,40,29,0.6263309887760726,-0.759915008295931,-1.473500605905373
20260924,41,29,0.577335966614553,-0.7448910814586125,-1.484454270530873
20260924,42,29,0.5368915944886946,-0.8040674729639035,-1.4551420433741897
20260924,43,29,0.5033341276247083,-0.9315691627228202,-1.394739650814837
20260924,44,29,0.46262652833017975,-1.132058151931405,-1.3075348485177656
20260924,45,29,0.40782477381753707,-1.3919857415606125,-1.2036261927524639
20260924,46,29,0.34725407339145326,-1.6748215350350633,-1.0991460098044492
20260924,47,29,0.2951035273915508,-1.9453064641794002,-1.006987157311534
20260924,48,29,0.2573640406005636,-2.1886313318251203,-0.9312072422890314
20260924,49,29,0.22687048135694748,-2.399268771906129,-0.8709199322281095
20260924,50,29,0.19495482138856174,-2.5625414904769905,-0.8258665337976939
20260924,51,29,0.16273239272742293,-2.6670721500657177,-0.7947696795685599
20260924,52,29,0.1364144464752728,-2.720284418590351,-0.7733351592233219
20260924,53,29,0.11934166725017348,-2.7392826810020203,-0.7565950086858328
20260924,54,29,0.11163207867512286,-2.7373652077860076,-0.7410391242681348
20260924,55,29,0.11158922253334769,-2.7169993075525847,-0.7247747549821582
20260924,56,29,0.10962758037340294,-2.654180680421648,-0.707078289835116
20260924,57,29,0.10952285547385478,-2.5630163765620924,-0.6853570753737136
20260924,58,29,0.10977679154954811,-2.4450862742023114,-0.6581313005772521
20260924,59,29,0.1084345460718339,-2.305842053203778,-0.6244839087119349
20260924,60,29,0.10664599256449184,-2.1578957425838188,-0.5843276934307782
20260924,0,30,0.2580249003875132,-2.706943266903253,0.17624812367498766
20260924,1,30,0.2804774154525751,-2.590365631213416,0.4462396687031583
20260924,2,30,0.31529615763199514,-2.4491247829252187,0.703477244407805
20260924,3,30,0.3572599683106889,-2.280037238255033,0.9238576554748911
20260924,4,30,0.3961621825172156,-2.0891397602096897,1.069206405892756
20260924,5,30,0.4247720671226117,-1.8932266349678246,1.1103674867569704
20260924,6,30,0.4428048679656338,-1.7106451371709719,1.040917195041776
20260924,7,30,0.45395476597105094,-1.5543249429108446,0.8714671258229798
20260924,8,30,0.4618478274807498,-1.4315776837105525,0.6194944129551669
20260924,9,30,0.468118180641433,-1.3466950837444558,0.30453778695812467
20260924,10,30,0.47229414013048876,-1.3027729563370052,-0.051475683935493816
20260924,11,30,0.4721858881812618,-1.302108226115147,-0.42247162359566026
20260924,12,30,0.4646127066993381,-1.3453293073714798,-0.7775130419583096
20260924,13,30,0.4474603623293907,-1.429089900181233,-1.0838601861224801
20260924,14,30,0.4229479009236637,-1.5438150367868144,-1.3165004662207171
20260924,15,30,0.3978441401789685,-1.6761159075004424,-1.4677321483524257
20260924,16,30,0.3780390439625941,-1.8157656845867747,-1.5426154242755803
20260924,17,30,0.36464889611942186,-1.9582213192193236,-1.5464365519885772
20260924,18,30,0.3562559569230869,-2.101114248529661,-1.4827173629085304
20260924,19,30,0.3517373634249626,-2.241876707422905,-1.3574149097490538
20260924,20,30,0.3497791553602857,-2.377440479637404,-1.1789155716350561
20260924,21,30,0.34930975945394266,-2.5040480930964257,-0.9592787960768189
20260924,22,30,0.3502754484099305,-2.6179692098194915,-0.7142965267782323
20260924,23,30,0.35391344459878665,-2.7165584267742924,-0.46092838189960544
20260924,24,30,0.36291081674419595,-2.7990231542700594,-0.21379717047350627
20260924,25,30,0.38104438279193054,-2.8659639256907443,0.01726921089379918
20260924,26,30,0.41147324910317734,-2.916517044205521,0.22538066962232983
20260924,27,30,0.4535595989982485,-2.9440641885700893,0.3991839815898164
20260924,28,30,0.5018811724776211,-2.936539107173614,0.5185221514427681
20260924,29,30,0.5514210992712378,-2.8840826839380234,0.5636430312703629
20260924,30,30,0.604144402720274,-2.7845628353417458,0.5277620692287014
20260924,31,30,0.6660598349560328,-2.6386316934294154,0.4132060922266867
20260924,32,30,0.7348958678048703,-2.4441340284606192,0.2187687568297264
20260924,33,30,0.7974694404122412,-2.203354269170972,-0.05388140454431245
20260924,34,30,0.843009545218162,-1.9307221003877628,-0.3851598109241771
20260924,35,30,0.8629316323189828,-1.6500818735120684,-0.742144229963909
20260924,36,30,0.8458559627941682,-1.3934764696167,-1.0842941620097593
20260924,37,30,0.8114904764786035,-1.180766940111552,-1.3764533437467223
20260924,38,30,0.770817676649029,-1.023863093200372,-1.6000646658911404
20260924,39,30,0.7254979139720371,-0.9330195818349718,-1.7452702413537893
20260924,40,30,0.678447028525118,-0.9121209607103713,-1.8113469509148374
20260924,41,30,0.6343770254668206,-0.95761441666728,-1.8064889696636848
20260924,42,30,0.5943632247333478,-1.0645958623327396,-1.7417951974479315
20260924,43,30,0.552336320738663,-1.2309320330608946,-1.6265745598366443
20260924,44,30,0.5003321692290762,-1.4498296553433563,-1.472620035639671
20260924,45,30,0.43740004411809363,-1.70092180421336,-1.2995871747400711
20260924,46,30,0.3725693177995565,-1.9545809626225825,-1.1310993002262353
20260924,47,30,0.317024463183141,-2.18770463786121,-0.9838867496213706
20260924,48,30,0.27362072257580405,-2.3905952982989462,-0.8634348198096397
20260924,49,30,0.2365485045627476,-2.556165952011784,-0.7706576609796421
20260924,50,30,0.2002862372677342,-2.673158093276298,-0.7067118834691795
20260924,51,30,0.1662253916770125,-2.7370890862628596,-0.6693086225131817
20260924,52,30,0.13932459044703888,-2.7583855555823886,-0.6505470444952067
20260924,53,30,0.12182010518579836,-2.752189586327042,-0.641768578820555
20260924,54,30,0.1129492104987706,-2.727556345899713,-0.6374693729899195
20260924,55,30,0.11041187201800239,-2.6843476397428088,-0.6354487921178091
20260924,56,30,0.10935123843304202,-2.612762215637998,-0.6356183782675198
20260924,57,30,0.10896801445530824,-2.5145221812175107,-0.6350899491231444
20260924,58,30,0.10820362087917684,-2.393529524093327,-0.6310100134376955
20260924,59,30,0.10625468350263846,-2.2575766019810217,-0.6207015458244334
20260924,60,30,0.10412041515673368,-2.1174174480844705,-0.6022661885946549
20260924,0,31,0.2903370169505041,-2.7083889721449297,0.3311708715801701
20260924,1,31,0.3138350002675466,-2.518135726661186,0.5762303393737473
20260924,2,31,0.3546336508495369,-2.300304147309574,0.8074402313085607
20260924,3,31,0.4090989974459191,-2.0525431575731568,1.003197405302445
20260924,4,31,0.4651155001215223,-1.7868801436585835,1.1227448791947805
20260924,5,31,0.5098876827366288,-1.5314618051223143,1.1300831630234907
20260924,6,31,0.5343948338091522,-1.3193758951966998,1.0102794140539255
20260924,7,31,0.5389227969822523,-1.1736398135250474,0.777482025702475
20260924,8,31,0.536466468032079,-1.0949305075705764,0.46744831288471045
20260924,9,31,0.5396071322468182,-1.0730921706569196,0.10984132338165636
20260924,10,31,0.5518504851885703,-1.102982829429103,-0.2783364410905019
20260924,11,31,0.5659759486144768,-1.1888644895464984,-0.6788895448231058
20260924,12,31,0.5643393032040763,-1.3381880295530366,-1.0547745575535714
20260924,13,31,0.5341625805989019,-1.5419951235147276,-1.353493317576023
20260924,14,31,0.48737384435841924,-1.767854076881557,-1.5476995300071543
20260924,15,31,0.445772399894327,-1.986629942253588,-1.6500085593932747
20260924,16,31,0.41968038702948235,-2.1883250864643724,-1.6811044789586576
20260924,17,31,0.4062985772239844,-2.3725316721028884,-1.6453849014294466
20260924,18,31,0.39654116351772106,-2.535823124997524,-1.5352986938326225
20260924,19,31,0.3853429521219037,-2.671186529907129,-1.3539997624906879
20260924,20,31,0.37639028895740556,-2.7766655147381742,-1.1218612041670188
20260924,21,31,0.3727920108981395,-2.8537768034994966,-0.8572417944443456
20260924,22,31,0.37521080046302463,-2.9037510807481013,-0.5740956568300078
20260924,23,31,0.3833823253709119,-2.926992787751076,-0.2857240734085079
20260924,24,31,0.39578404480919177,-2.9224144885396117,-0.0072245615761183934
20260924,25,31,0.41387561714110677,-2.8916128672744703,0.24646812698874165
20260924,26,31,0.4442785158497872,-2.8394461494920336,0.46802682944073404
20260924,27,31,0.48966501623549763,-2.764772905923908,0.648173669530518
20260924,28,31,0.5437442689782198,-2.66069998525848,0.7630974181038229
20260924,29,31,0.5967994495811015,-2.5239667106200465,0.7845660621515091
20260924,30,31,0.6463869603474367,-2.3594079618772525,0.7014287875442274
20260924,31,31,0.7014587397519718,-2.174247091384725,0.523449248599847
20260924,32,31,0.7650612011094494,-1.972733136122849,0.2575838130869732
20260924,33,31,0.824341314705065,-1.7632660395113768,-0.09187163765301376
20260924,34,31,0.8697630109517183,-1.560002546075463,-0.5007578553786014
20260924,35,31,0.8952022972077337,-1.3792794492464993,-0.931266101822757
20260924,36,31,0.8744521245468017,-1.2491294119486323,-1.3340077692201158
20260924,37,31,0.844305504579908,-1.1644630641330798,-1.6724591041862689
20260924,38,31,0.8068364343142113,-1.1298703668928913,-1.924926323864759
20260924,39,31,0.7623862470767767,-1.1480300213651806,-2.078398847745115
20260924,40,31,0.7180611601428238,-1.213805322888096,-2.135199247649616
20260924,41,31,0.6812337617875339,-1.3192848999720446,-2.108028776414195
20260924,42,31,0.6483580052221376,-1.4625551996243895,-2.0056226458023163
20260924,43,31,0.6044641992220864,-1.6445539905243,-1.8318146259954555
20260924,44,31,0.5416676294204731,-1.854075096806998,-1.604707361426068
20260924,45,31,0.465592021682541,-2.068504691259501,-1.3576322311764455
20260924,46,31,0.3900510540861528,-2.2654866489823324,-1.1246258131191704
20260924,47,31,0.3289037245619661,-2.434000317366072,-0.9261580962270587
20260924,48,31,0.28517596257910066,-2.5741775903322406,-0.7656930531916786
20260924,49,31,0.24883449437610328,-2.6818399862239737,-0.6433754319827569
20260924,50,31,0.21081775066673114,-2.7451033386742862,-0.5638991914995262
20260924,51,31,0.17408808902671896,-2.7631673585307155,-0.5247638247834321
20260924,52,31,0.14563497071895792,-2.750225674335467,-0.5127612543298627
20260924,53,31,0.1276692467714411,-2.7199981456023656,-0.5149528034082895
20260924,54,31,0.11791769920753287,-2.6760757701348004,-0.5253817045984647
20260924,55,31,0.1132344373958354,-2.6158690793972195,-0.5422491283093405
20260924,56,31,0.11105065722896708,-2.5364387427183663,-0.564078923584296
20260924,57,31,0.1092637809357313,-2.4374969828957873,-0.5881692572649123
20260924,58,31,0.10623306701464154,-2.3231950540349517,-0.610292597201158
20260924,59,31,0.10169027056212548,-2.2023209467470806,-0.6254276354665621
20260924,60,31,0.09773913496344698,-2.0838358730950497,-0.6299741896416433
20260924,0,32,0.28870826039798714,-2.6332528787212155,0.3992861064496518
20260924,1,32,0.3160439663338487,-2.396058576047954,0.5921818347290095
20260924,2,32,0.37206918999975586,-2.1249611420573116,0.784307684991266
20260924,3,32,0.44680717157337324,-1.8140168367293668,0.942156497277458
20260924,4,32,0.5230319921608422,-1.487312397282862,1.018469408329144
20260924,5,32,0.5846157323080052,-1.1888009476358163,0.9793159491591371
20260924,6,32,0.6153180182414113,-0.9689593748892205,0.811289419022818
20260924,7,32,0.6083836452468121,-0.8638275851617798,0.5331172363119641
20260924,8,32,0.5951042223664511,-0.8509279407335644,0.19798633528887044
20260924,9,32,0.5974522737698106,-0.902719095921759,-0.1666190113697457
20260924,10,32,0.6214248110371574,-1.010027132884718,-0.553797967793153
20260924,11,32,0.6589892805811561,-1.1808710885257212,-0.9540440370770251
20260924,12,32,0.6758327845640484,-1.4329380912812195,-1.3237564131769415
20260924,13,32,0.6311063200942016,-1.7529361532889896,-1.5797241444011845
20260924,14,32,0.5563472479170029,-2.0741181178157215,-1.7028269403411245
20260924,15,32,0.49616550714671265,-2.3573951611680153,-1.736462099777834
20260924,16,32,0.46669868269343046,-2.6031728640344545,-1.7181364257167813
20260924,17,32,0.46430444342766924,-2.8209793921120605,-1.6533616328297804
20260924,18,32,0.4659712944495874,-3.000155494867074,-1.5120230773911758
20260924,19,32,0.441502686286811,-3.1056907592826866,-1.2713200684399761
20260924,20,32,0.4141169518904419,-3.1498270742563386,-0.9865729009153914
20260924,21,32,0.40024830145140755,-3.1541004137437234,-0.689457967291687
20260924,22,32,0.39942116415270285,-3.1241639648524,-0.3870318274365217
20260924,23,32,0.4081418405929307,-3.0598768998278327,-0.08670670654763679
20260924,24,32,0.4194534381817455,-2.957831860635142,0.19502630017953138
20260924,25,32,0.43335263900067217,-2.823849118807664,0.4395942695603926
20260924,26,32,0.4641128104803913,-2.671433533781121,0.6486889227029494
20260924,27,32,0.5147041098721872,-2.4998460118175596,0.8149960438769088
20260924,28,32,0.5741642594780066,-2.306555925103201,0.9062494161376838
20260924,29,32,0.6249209370872854,-2.1002784162401444,0.883019193681007
20260924,30,32,0.6604742216482978,-1.8984607761499381,0.7343471769233191
20260924,31,32,0.7066902977546738,-1.7074740939649495,0.4949171247949984
20260924,32,32,0.7697721260013343,-1.5297944442134521,0.17308311942733512
20260924,33,32,0.8270158112104954,-1.3818563952638379,-0.23345272326483113
20260924,34,32,0.8654468968347614,-1.2786278658552712,-0.6951775031571292
20260924,35,32,0.8826098538452696,-1.2271501970712264,-1.1665416661685455
20260924,36,32,0.8807220682497778,-1.22778491985182,-1.601972699880931
20260924,37,32,0.8632334196060528,-1.2765740148491027,-1.9637140918498155
20260924,38,32,0.8288678740003239,-1.3694122611448523,-2.221426669837821
20260924,39,32,0.7847846802875145,-1.4955919729545655,-2.3629774313705183
20260924,40,32,0.7427046489091675,-1.6423289881274896,-2.3960823636450765
20260924,41,32,0.7161833014789976,-1.7992520086123407,-2.341991093991896
20260924,42,32,0.6995008803198383,-1.9659446051273053,-2.206515641917071
20260924,43,32,0.6562496788651555,-2.1426264558109,-1.9739889884723965
20260924,44,32,0.5805394074603938,-2.312330099513635,-1.6736526059020727
20260924,45,32,0.4876902609213133,-2.456770203192636,-1.3573653329947526
20260924,46,32,0.3958110795624904,-2.5660931006036614,-1.0697201933084042
20260924,47,32,0.32455574000486404,-2.644676502494344,-0.834325597132911
20260924,48,32,0.2843503998160539,-2.708138913766973,-0.645993422245458
20260924,49,32,0.2590807694031856,-2.755375435387632,-0.4972734728356999
20260924,50,32,0.2235512767905513,-2.7630113174071154,-0.40570942900606033
20260924,51,32,0.18373797459380367,-2.7338007486130924,-0.3716391852858393
20260924,52,32,0.1523732387312889,-2.686905204319095,-0.37314392262706586
20260924,53,32,0.1335971706092987,-2.6354448946463624,-0.39023864879512926
20260924,54,32,0.12458932638719276,-2.5798270739853035,-0.41638527859276847
20260924,55,32,0.11891728523415657,-2.512468731688372,-0.4549060604626536
20260924,56,32,0.11431449708987848,-2.4326850137039977,-0.5028286867225855
20260924,57,32,0.10977391292353549,-2.3431053658218652,-0.5545555248675207
20260924,58,32,0.10327714454327447,-2.2483617413660624,-0.6040112160953401
20260924,59,32,0.09448108512527366,-2.1566428012404057,-0.6433713935788562
20260924,60,32,0.08807243173169237,-2.0725586849793927,-0.6678809653426486
20260924,0,33,0.25600905337688784,-2.523076652772373,0.35809500932909655
20260924,1,33,0.29975472371847245,-2.271612706533298,0.499914153630645
20260924,2,33,0.3773735660520659,-1.9661803396157485,0.64277576845742
20260924,3,33,0.47000449070484385,-1.6126415173372868,0.7385286499294522
20260924,4,33,0.5595221164444402,-1.2529201802989376,0.748608989658494
20260924,5,33,0.6344417895091767,-0.93840970482803,0.6562625341487941
20260924,6,33,0.680947464952148,-0.7222428072813658,0.4597313036080035
20260924,7,33,0.6512968871410887,-0.6893130211394718,0.1673984213687133
20260924,8,33,0.6300275269773182,-0.7475164781457007,-0.14939591109468897
20260924,9,33,0.6335985159957238,-0.8702671788151721,-0.48056758942027694
20260924,10,33,0.6654647783387183,-1.0530655061058445,-0.8268620124198997
20260924,11,33,0.7253672409932458,-1.301906025591104,-1.1861513794555427
20260924,12,33,0.7801027177592562,-1.6368619970263238,-1.521430600445493
20260924,13,33,0.7071781790822955,-2.052554359126353,-1.6845282322391126
20260924,14,33,0.6078601424657887,-2.431834035823724,-1.7171670602956923
20260924,15,33,0.5350794139852492,-2.7467010412977446,-1.6797555698366735
20260924,16,33,0.5034561682087193,-3.0124248467610655,-1.6093464395731831
20260924,17,33,0.5167506270935972,-3.2536435203440384,-1.5171285712095608
20260924,18,33,0.5558294519549716,-3.4633908713996586,-1.3702579877364087
20260924,19,33,0.4982735644452352,-3.494614960297518,-1.0746433634633334
20260924,20,33,0.4471117555238178,-3.449784068421721,-0.7666472515207092
20260924,21,33,0.42236815368951935,-3.368994099581707,-0.468575378876059
20260924,22,33,0.41625274320971545,-3.2529547219452724,-0.17731669423505098
20260924,23,33,0.42310101071933426,-3.100134116844514,0.10367182084387655
20260924,24,33,0.4327188489760182,-2.906588986715229,0.35741867059026056
20260924,25,33,0.4401156835522897,-2.6808953727177123,0.5606766029041189
20260924,26,33,0.4730381509716775,-2.4438320076809004,0.7346127182209435
20260924,27,33,0.5286125044913272,-2.1901933326966394,0.8657473808787439
20260924,28,33,0.5912405332169842,-1.926095742746315,0.914125373555782
20260924,29,33,0.6349577625818895,-1.678957240831637,0.8327188812771413
20260924,30,33,0.6396954073427383,-1.4868175071837915,0.6056874683576167
20260924,31,33,0.690410926101818,-1.3130831592612906,0.33225618653433187
20260924,32,33,0.7605414350036277,-1.1767200718749418,-0.021335643180939945
20260924,33,33,0.8184523935676226,-1.1080998896540375,-0.4580170763180582
20260924,34,33,0.8576370010038922,-1.1148437249201706,-0.9399331692604883
20260924,35,33,0.8861135158913606,-1.1875187240761467,-1.4234270892847571
20260924,36,33,0.9168100998412135,-1.3106596724210466,-1.8760146925614456
20260924,37,33,0.8843498033216327,-1.5044432086922326,-2.219985550721941
20260924,38,33,0.841853359319013,-1.7202594793887995,-2.4489473013768404
20260924,39,33,0.7954017666310345,-1.9405093813800538,-2.5562323011681336
20260924,40,33,0.7542567344894215,-2.151384365736041,-2.5519945057382616
20260924,41,33,0.7383739831842379,-2.346382480514162,-2.466719885570744
20260924,42,33,0.7522956961080269,-2.5286583898370383,-2.3124330246094917
20260924,43,33,0.6973141322483463,-2.675713693801601,-2.01552496206288
20260924,44,33,0.6073346334826175,-2.773808692370709,-1.6540779465527056
20260924,45,33,0.5027947516792598,-2.8207062876707054,-1.2898765683319686
20260924,46,33,0.3966304165977229,-2.8207465475956046,-0.9696734534570836
20260924,47,33,0.3088201373646505,-2.7917299189725355,-0.7205998844919029
20260924,48,33,0.26226455805996607,-2.76576325000034,-0.5286719804180949
20260924,49,33,0.26269562172612504,-2.7625920032705373,-0.35177229250127184
20260924,50,33,0.23415364124092744,-2.716854045249811,-0.25162071609655
20260924,51,33,0.19240288412982273,-2.645559181432847,-0.22917999614596585
20260924,52,33,0.15735192559077676,-2.571420114443674,-0.2515604841723519
20260924,53,33,0.13596888136406193,-2.504290711909478,-0.2901237081175686
20260924,54,33,0.1289524120059658,-2.443986913659537,-0.33066287431563435
20260924,55,33,0.12393472683561411,-2.380090484614114,-0.3894157425365658
20260924,56,33,0.11734517369132463,-2.312988355766684,-0.4637216532758004
20260924,57,33,0.11031108057354265,-2.2462968576971574,-0.5422119623729393
20260924,58,33,0.10070126941952177,-2.184282482198784,-0.6163527096986237
20260924,59,33,0.08742719894025515,-2.133437995642552,-0.6750128703708852
20260924,60,33,0.07758736977603599,-2.091875283323316,-0.7126125081219045
20260924,0,34,0.2721511311917976,-2.438201637745583,0.30759897597498687
20260924,1,34,0.313355036599548,-2.1677822217055622,0.3650663914717322
20260924,2,34,0.3918030053598575,-1.8444078869907434,0.4159858465254936
20260924,3,34,0.4846816712424449,-1.482477958274445,0.4182722474826377
20260924,4,34,0.5701985725750274,-1.1335407772762627,0.34728114689559103
20260924,5,34,0.6354477955627557,-0.8536622452703566,0.20075414262552327
20260924,6,34,0.6699443724762549,-0.6917003404505755,-0.009323938159336215
20260924,7,34,0.6555523859055362,-0.692364114383351,-0.2579307821188205
20260924,8,34,0.6440219180436352,-0.7943117146266907,-0.5160067501617207
20260924,9,34,0.6495129666726863,-0.974705935576186,-0.7772489563974709
20260924,10,34,0.6770032029626857,-1.2256730461519598,-1.0395706170600434
20260924,11,34,0.7248546114561801,-1.5487791028017417,-1.2959811244552053
20260924,12,34,0.7603781894469889,-1.9498511290971874,-1.5080918187249686
20260924,13,34,0.7072534884000989,-2.389991603353512,-1.5850354591351299
20260924,14,34,0.6230834267770465,-2.7806680889045166,-1.5546220385583767
20260924,15,34,0.5548683849036514,-3.0975303780091012,-1.4656500679323186
20260924,16,34,0.5209020432951572,-3.355157865465527,-1.34833793164002
20260924,17,34,0.5244638185540169,-3.573327344598898,-1.2083373209737716
20260924,18,34,0.5429080113718087,-3.731707948359748,-1.0207405492597783
20260924,19,34,0.504318297187737,-3.727411475188207,-0.7581119988174632
20260924,20,34,0.4600030486709205,-3.6261211612499453,-0.48637442718687174
20260924,21,34,0.4338536803043746,-3.4750162116091294,-0.225966867837627
20260924,22,34,0.4243537335395948,-3.2834310334336667,0.02111924724684866
20260924,23,34,0.42683664129849586,-3.053182379970016,0.24985187490376853
20260924,24,34,0.43329780673601725,-2.786316182828414,0.44508935800849214
20260924,25,34,0.4445600268711936,-2.4968420631730663,0.5951197882433982
20260924,26,34,0.4790044981201613,-2.196025542568942,0.7134818377231237
20260924,27,34,0.5344148262521294,-1.883682414063811,0.7855926951474281
20260924,28,34,0.5953224022557875,-1.5771577905105212,0.7744564740554328
20260924,29,34,0.6377009419936123,-1.3168713069294775,0.642911070047236
20260924,30,34,0.6502009697472204,-1.140954036991298,0.390200273776799
20260924,31,34,0.6920108780094174,-1.0112697536774145,0.0808311060194763
20260924,32,34,0.7528841116381411,-0.9429635841250488,-0.2954674447878418
20260924,33,34,0.8072952530269041,-0.9655589154623423,-0.7345551853712277
20260924,34,34,0.8488466102688845,-1.0813615334735258,-1.2030035396636602
20260924,35,34,0.8830614230491246,-1.2745954709254963,-1.6634903592734087
20260924,36,34,0.9072178512757181,-1.5298982671815144,-2.0786437719687596
20260924,37,34,0.8828418607614732,-1.8360800690885042,-2.382275117259896
20260924,38,34,0.8415837263457353,-2.146079886278564,-2.5638063146441734
20260924,39,34,0.7962256901149833,-2.4335810740790325,-2.623978540032125
20260924,40,34,0.7562262137096265,-2.6836358767103987,-2.5751713265103104
20260924,41,34,0.7374401199804823,-2.8941034296072843,-2.4440310053605607
20260924,42,34,0.738644069874722,-3.065866316662469,-2.2377973695965414
20260924,43,34,0.6927148211678391,-3.160958737813133,-1.9160150200740957
20260924,44,34,0.6120332411044567,-3.1756495685016026,-1.5367029668766783
20260924,45,34,0.513109420270624,-3.1216157094490127,-1.160108970393348
20260924,46,34,0.4083477682179759,-3.017231383947916,-0.834528257679473
20260924,47,34,0.32052491719179044,-2.895455581596932,-0.5858529978112328
20260924,48,34,0.27479036859361905,-2.792997581658408,-0.39264214498767025
20260924,49,34,0.26825040755578333,-2.712252167416195,-0.21907683571336434
20260924,50,34,0.2405159652123558,-2.6115114512271718,-0.12617431200871532
20260924,51,34,0.199343107919282,-2.508733488295968,-0.11857994364061364
20260924,52,34,0.16292961494395292,-2.420697657364288,-0.16167749832689737
20260924,53,34,0.13952269178666785,-2.349964177957177,-0.22245167818835299
20260924,54,34,0.1303028209777872,-2.290815819003657,-0.2847220310524514
20260924,55,34,0.12570350026362156,-2.2388641588910927,-0.36153766984426305
20260924,56,34,0.11905082322778689,-2.1957955081181857,-0.4560498820205258
20260924,57,34,0.1112247828229143,-2.1624039366603887,-0.55517340565082
20260924,58,34,0.10123424310578791,-2.140226428275597,-0.6476015921409126
20260924,59,34,0.08870624704793036,-2.1305680636544264,-0.7211600515129439
20260924,60,34,0.08019939068934723,-2.125622664582038,-0.7721517051650421
20260924,0,35,0.32099281701408117,-2.36163361961108,0.20906718091105292
20260924,1,35,0.3543399588402335,-2.084845123867105,0.1692662158680125
20260924,2,35,0.417698440361819,-1.7725129212247985,0.11192888069451656
20260924,3,35,0.49542691465625144,-1.4414788847658722,0.017499482179234804
20260924,4,35,0.5660082966912365,-1.1403568645642592,-0.12057846536872455
20260924,5,35,0.6155548567331042,-0.9209416109148134,-0.2926562250034642
20260924,6,35,0.6402343030467511,-0.8175427930681214,-0.48129606631825983
20260924,7,35,0.6456436679167723,-0.8385992274403711,-0.6693750555671669
20260924,8,35,0.6461725920467252,-0.96784429658832,-0.8471090819229894
20260924,9,35,0.6517037609448225,-1.1875711758077954,-1.0100256396089171
20260924,10,35,0.6675230630376316,-1.4839675737169953,-1.1548878307654182
20260924,11,35,0.6892067577070813,-1.8486557056844575,-1.2719869803348407
20260924,12,35,0.6959676501282888,-2.2657957445813217,-1.3371004874591523
20260924,13,35,0.6663340885969525,-2.689781276465663,-1.325468774947682
20260924,14,35,0.6117324552386992,-3.0641894848436744,-1.2443342063633311
20260924,15,35,0.5586501088228327,-3.3634979099200066,-1.1201345440820392
20260924,16,35,0.5245673503861921,-3.591909159079121,-0.9727974181513044
20260924,17,35,0.5114604548046702,-3.7556030932784976,-0.8061006531804271
20260924,18,35,0.5043177222666949,-3.8360197046257287,-0.6144966764565194
20260924,19,35,0.4840200015004432,-3.8034856794158145,-0.40401179971557627
20260924,20,35,0.4567612716347817,-3.672164612716332,-0.195204001586715
20260924,21,35,0.435936910025316,-3.4744807700898255,-0.00042142266567751774
20260924,22,35,0.4262069655161869,-3.22940771926418,0.17593974834757165
20260924,23,35,0.4264240543161856,-2.9459855442229914,0.3287841858956973
20260924,24,35,0.433614774916937,-2.6328678428039516,0.44917979767512417
20260924,25,35,0.45005384310328345,-2.3028732780731054,0.5318723333168712
20260924,26,35,0.4837769672216362,-1.9643204714259979,0.5781429936371133
20260924,27,35,0.5346280958891898,-1.6246063040676102,0.5765041625635674
20260924,28,35,0.5905655286553344,-1.3085083218993516,0.5009220194323355
20260924,29,35,0.6357533349746008,-1.0566379905302132,0.3313815984572528
20260924,30,35,0.6673069369899123,-0.897400845624934,0.07408263559254946
20260924,31,35,0.7028325095952626,-0.8262830457783141,-0.24667949950520718
20260924,32,35,0.748975396673498,-0.8429522551816986,-0.618082187722266
20260924,33,35,0.7952401237323394,-0.9603957565530665,-1.026572452100052
20260924,34,35,0.8332795989944375,-1.1783437539020845,-1.4449367201837586
20260924,35,35,0.8606084064727529,-1.4797515051318348,-1.8398636727946736
20260924,36,35,0.8718142235172296,-1.839684534148616,-2.1751178408040057
20260924,37,35,0.8594109360702344,-2.224492117738974,-2.414025738556719
20260924,38,35,0.8287718440095505,-2.594607585109281,-2.5381798215152713
20260924,39,35,0.7896278137637551,-2.91932626466354,-2.547583289439336
20260924,40,35,0.7518548815454311,-3.1815445623519185,-2.454982143325444
20260924,41,35,0.7242414880690387,-3.3768758437322464,-2.2789852508635176
20260924,42,35,0.7021600786756923,-3.500114345407882,-2.0278321546378937
20260924,43,35,0.6645590201737839,-3.5338124166311395,-1.7052839890016553
20260924,44,35,0.6028257194636688,-3.4733009429824486,-1.3419629358756944
20260924,45,35,0.5204440521544526,-3.3332587880467472,-0.9842289795915498
20260924,46,35,0.42975757872976095,-3.1444155925437984,-0.6760241053876945
20260924,47,35,0.35346848692488897,-2.9487242325679253,-0.43689183255444175
20260924,48,35,0.3068769704794021,-2.7730577165430086,-0.25217517864012207
20260924,49,35,0.27813152526520724,-2.613438274411845,-0.11453056569914799
20260924,50,35,0.24446436093845297,-2.46583803980008,-0.048555541421901105
20260924,51,35,0.20498839312350264,-2.3430471926320426,-0.05798301057289579
20260924,52,35,0.17007749703597452,-2.252191838560912,-0.11618175176758216
20260924,53,35,0.14649889660658916,-2.188064782621912,-0.19364573345383385
20260924,54,35,0.13399210178302154,-2.1421029862424934,-0.2781103736049375
20260924,55,35,0.1266159125676284,-2.112385548508615,-0.374358086071799
20260924,56,35,0.11964177725760539,-2.1004901415023958,-0.48262144685234337
20260924,57,35,0.11224163573300237,-2.1049467936995385,-0.5934617900328243
20260924,58,35,0.1039941851101392,-2.12328034999443,-0.6961264926477594
20260924,59,35,0.095141742466481,-2.15173899907331,-0.7805335068181769
20260924,60,35,0.08890923782479136,-2.1830696697398384,-0.8432628168194072
20260924,0,36,0.3559948843330967,-2.3033459526293223,0.012167151259082687
20260924,1,36,0.3878820349955145,-2.0478309836692405,-0.11408936049104834
20260924,2,36,0.4396045737771294,-1.7726302663956153,-0.2582568798397681
20260924,3,36,0.5023470610863625,-1.4959152276347885,-0.42214716525308027
20260924,4,36,0.5599880862582954,-1.2568116128573454,-0.5961560510401431
20260924,5,36,0.6014150995035221,-1.0956987577695207,-0.7630198987100352
20260924,6,36,0.625510804730301,-1.036319959324654,-0.9076942617351146
20260924,7,36,0.6370928921213627,-1.0842549108894857,-1.0216477888759479
20260924,8,36,0.6423341073911732,-1.2328260805258635,-1.1019118767632434
20260924,9,36,0.6466130860611643,-1.4688295048940634,-1.1487262238213942
20260924,10,36,0.6528965075823069,-1.77678049185664,-1.1627384474096434
20260924,11,36,0.658290697664339,-2.139956219562399,-1.141390340616744
20260924,12,36,0.6538263148495147,-2.533578838088687,-1.0795089959215245
20260924,13,36,0.6318057269139562,-2.9195456674308047,-0.9764117680228976
20260924,14,36,0.5946781609541006,-3.2572084273684387,-0.8414776063349182
20260924,15,36,0.5538736908645434,-3.5217069095180933,-0.6896459791383314
20260924,16,36,0.5210523844391267,-3.70824758649401,-0.5324562618654
20260924,17,36,0.4997973031738187,-3.8175649948685235,-0.3742319440903382
20260924,18,36,0.4843545539482769,-3.841706879216937,-0.21726915926444346
20260924,19,36,0.4673224019521501,-3.771593778554172,-0.06827495074593715
20260924,20,36,0.4482853025088177,-3.614041541512047,0.06401282307070594
20260924,21,36,0.43205687286238253,-3.3887122885229912,0.1744835498411068
20260924,22,36,0.42277557652051967,-3.114766542178859,0.26138116317926674
20260924,23,36,0.4219107826690447,-2.8062040120330107,0.322913372369721
20260924,24,36,0.42984094480782786,-2.474756400043563,0.3560968644201633
20260924,25,36,0.4487976944124025,-2.1315233420646083,0.35873009719824045
20260924,26,36,0.482584680736079,-1.7852481341856148,0.328394579856513
20260924,27,36,0.5301494903245261,-1.448737676083796,0.2555588048756722
20260924,28,36,0.5820868752781705,-1.1506201627665633,0.12490579271536228
20260924,29,36,0.6276939908904011,-0.92872547725639,-0.07124940191204165
20260924,30,36,0.6652080380779043,-0.8080388764532711,-0.3255938632085019
20260924,31,36,0.7017194578595339,-0.7933346194248583,-0.6235796420219604
20260924,32,36,0.7419370870719922,-0.8841787738121945,-0.9518633796814724
20260924,33,36,0.7821013095610245,-1.08236621128969,-1.2946408897991324
20260924,34,36,0.8154814081944354,-1.3812439067109612,-1.6289700697072607
20260924,35,36,0.8375238709004351,-1.7592823254738903,-1.92781838715419
20260924,36,36,0.8451314375895711,-2.183632898266875,-2.164452902804173
20260924,37,36,0.8364394387165074,-2.6148365560199087,-2.3164658092037786
20260924,38,36,0.8129852831133071,-3.0130624521816896,-2.371240765578589
20260924,39,36,0.7797786089169864,-3.346232369407458,-2.328545529161048
20260924,40,36,0.7442563985081854,-3.5957402253413813,-2.1991253702037312
20260924,41,36,0.7123490676469962,-3.7551995613791513,-1.9980094238812962
20260924,42,36,0.6823522016114948,-3.82073451441198,-1.7373875883166745
20260924,43,36,0.6455933741242503,-3.786811968437516,-1.430837544942451
20260924,44,36,0.5936062131028941,-3.654754094799467,-1.1024436366557275
20260924,45,36,0.5235935169585793,-3.4414012768998865,-0.787070897102095
20260924,46,36,0.44475094435036794,-3.183443201909225,-0.5192220496718767
20260924,47,36,0.3749782579886493,-2.9240216312274843,-0.31339111083851134
20260924,48,36,0.3237564852164752,-2.6873209222812293,-0.16342725508290568
20260924,49,36,0.28461986299642933,-2.4783729343976817,-0.06732818070065494
20260924,50,36,0.24693209720581621,-2.3036148383127757,-0.03408567727085132
20260924,51,36,0.20864052881904765,-2.173383447142557,-0.06270105152231753
20260924,52,36,0.17515679363729192,-2.0889903482101317,-0.13345208180925894
20260924,53,36,0.1511407510266104,-2.040701750109422,-0.22324268207394082
20260924,54,36,0.13618190263182273,-2.01859411844809,-0.32149463427792757
20260924,55,36,0.12655151369725903,-2.0195168487413593,-0.42784834739810834
20260924,56,36,0.11902134772957189,-2.0428268670882557,-0.5404355437457509
20260924,57,36,0.11218646468429838,-2.0856048536164,-0.6525174658480878
20260924,58,36,0.10547268253870133,-2.1430573507533786,-0.7554984139059054
20260924,59,36,0.09896346643588261,-2.2090663830718498,-0.841298978546359
20260924,60,36,0.0938768075902399,-2.27688378328241,-0.9056005401395408
20260924,0,37,0.3687939469134773,-2.2861462834071835,-0.2523190384922516
20260924,1,37,0.3988642442116236,-2.07652216201831,-0.4465789359591901
20260924,2,37,0.44623642554283205,-1.8553999681697362,-0.6492090532745004
20260924,3,37,0.5037126553946693,-1.6393445022926232,-0.8523061557773305
20260924,4,37,0.5563342408196167,-1.460927007377474,-1.034635666055858
20260924,5,37,0.5938471241011571,-1.3522510396021148,-1.1732196143269769
20260924,6,37,0.6163360159538842,-1.3302672821938186,-1.2560631531287259
20260924,7,37,0.6288174886521212,-1.3979619772354424,-1.2819504438686693
20260924,8,37,0.6355092314816315,-1.5506329553819436,-1.254773010630822
20260924,9,37,0.6390812605577523,-1.7781280304216618,-1.1808683454095643
20260924,10,37,0.640749706641059,-2.065737839047078,-1.0677085382278664
20260924,11,37,0.6392349563107096,-2.3945412135050486,-0.922719811019594
20260924,12,37,0.6311832776393635,-2.7398540517549415,-0.7541883145698862
20260924,13,37,0.6128656743188604,-3.0709835600314195,-0.5727470343915059
20260924,14,37,0.5830678108505034,-3.355540274501033,-0.391614741617031
20260924,15,37,0.5466985315621414,-3.569768972155603,-0.22395690999572318
20260924,16,37,0.5127893821792527,-3.7060545862263,-0.07775382304495451
20260924,17,37,0.48710311723345157,-3.7659707207016915,0.045182154930613005
20260924,18,37,0.46892031776940235,-3.7492019559881173,0.14449231442072136
20260924,19,37,0.4539946215271654,-3.6533235994492985,0.21774381509103813
20260924,20,37,0.43901546489020066,-3.4814711750842733,0.26161825737359123
20260924,21,37,0.42453212276486935,-3.2470326431326697,0.27545085809804903
20260924,22,37,0.41366767105991953,-2.9685955506764774,0.2617902817091655
20260924,23,37,0.4095099651715497,-2.662997044233537,0.2239407959171717
20260924,24,37,0.41540327969770385,-2.3430682050802965,0.16491202619724
20260924,25,37,0.4355405900670034,-2.0166514120793124,0.08643367797279844
20260924,26,37,0.4721696859893848,-1.689975723454976,-0.01430186907196862
20260924,27,37,0.5216169257523492,-1.3787786832752356,-0.14528474001637076
20260924,28,37,0.5735950274093117,-1.1156543792043012,-0.31389675077318746
20260924,29,37,0.618367411315635,-0.9380987245830741,-0.5189870454687691
20260924,30,37,0.6552006185878667,-0.8676673963792125,-0.7509772331126392
20260924,31,37,0.6907571696304247,-0.9069410779698261,-0.9989686331166598
20260924,32,37,0.7297322457579096,-1.0533012221523272,-1.2535703368054805
20260924,33,37,0.7692431612942204,-1.3051208179069271,-1.5026963186249174
20260924,34,37,0.8023461702658439,-1.652612333480371,-1.7291072813188668
20260924,35,37,0.8237343831059767,-2.0707109269008623,-1.9138055906301847
20260924,36,37,0.8310694585140325,-2.5224573498835414,-2.0402485812601023
20260924,37,37,0.8237700320317423,-2.965997100049658,-2.096607525302892
20260924,38,37,0.8027062603370936,-3.3609677282933497,-2.077472738860173
20260924,39,37,0.7714783062930808,-3.6753293191561545,-1.9856732080047097
20260924,40,37,0.736789284404429,-3.8915030563945723,-1.83173518824772
20260924,41,37,0.7044270744528269,-4.004855951938083,-1.628640081497624
20260924,42,37,0.6738325713299385,-4.014257528488958,-1.387524830058945
20260924,43,37,0.6379732308129605,-3.918122787352686,-1.1209687835948932
20260924,44,37,0.5880737080760253,-3.721414264503991,-0.8490641689953855
20260924,45,37,0.5203519859242256,-3.446050431697933,-0.5998693600012319
20260924,46,37,0.44340003467951267,-3.1346368465392986,-0.3987974101933667
20260924,47,37,0.3744047422405422,-2.8327316659789714,-0.252831802860789
20260924,48,37,0.32276055128084474,-2.5639822735053106,-0.15369292124144374
20260924,49,37,0.28338371866517365,-2.334301116209773,-0.09862162637046945
20260924,50,37,0.24641247453919382,-2.152141851477649,-0.09467702830932723
20260924,51,37,0.2085998249570863,-2.0285881919448334,-0.14166818490481592
20260924,52,37,0.17443921251110758,-1.9627852981042886,-0.22308223792670556
20260924,53,37,0.14904383161205706,-1.9403736622711962,-0.3181005650573109
20260924,54,37,0.1330002096206482,-1.9472949917556264,-0.4163641672511803
20260924,55,37,0.12325035451270419,-1.9786311074838752,-0.5174395563584434
20260924,56,37,0.11627610023066766,-2.034163390181889,-0.6210752996564907
20260924,57,37,0.10999012543418368,-2.111246172664094,-0.7223451978138522
20260924,58,37,0.10373659468236701,-2.2033430505232223,-0.8135984360352193
20260924,59,37,0.09786817573526906,-2.3019195546205715,-0.8879757522912397
20260924,60,37,0.09337783586145196,-2.399172259287255,-0.942027549299137
20260924,0,38,0.35552092761503246,-2.318453922702999,-0.5303757342419889
20260924,1,38,0.3839076533646182,-2.169034758658419,-0.7636387296397955
20260924,2,38,0.4357328145018404,-2.0081539579512864,-1.0006989434188094
20260924,3,38,0.5000071243062603,-1.8504443192003595,-1.2251436258807036
20260924,4,38,0.556878057324024,-1.7256519295186825,-1.4001605260553278
20260924,5,38,0.5937133365803723,-1.6609085751605113,-1.4947515580117234
20260924,6,38,0.6124154280300892,-1.6673758531887466,-1.5017624619353853
20260924,7,38,0.6225780632420538,-1.7430647645127226,-1.431972616452552
20260924,8,38,0.6291229664986017,-1.8834037998152882,-1.2974578976972693
20260924,9,38,0.6327587845221677,-2.0813128990444176,-1.1101332318206
20260924,10,38,0.6338275388027403,-2.3247728646988484,-0.8845571469632568
20260924,11,38,0.6321827295732553,-2.5974447373702834,-0.6367792563133678
20260924,12,38,0.6260032171416012,-2.879085357146458,-0.3833559975817431
20260924,13,38,0.6102316545436062,-3.144486714311111,-0.14196231947044557
20260924,14,38,0.5805759631953458,-3.3650254191345366,0.06788872120028755
20260924,15,38,0.5406735646365725,-3.519237898379549,0.230627741954487
20260924,16,38,0.500971194070367,-3.6020036042214074,0.3422184499859647
20260924,17,38,0.4706428688964496,-3.619543556661892,0.4085258545477691
20260924,18,38,0.4525638989958018,-3.5774892137431733,0.4367797634740209
20260924,19,38,0.44200598498009963,-3.47367680014037,0.4281040474744946
20260924,20,38,0.4302748270336034,-3.3046514709426082,0.3788113510864842
20260924,21,38,0.41460386186420994,-3.0804579556439644,0.291423214389009
20260924,22,38,0.39776531213117905,-2.8207913042409216,0.17494773435206312
20260924,23,38,0.38437288946743375,-2.5453749037109947,0.0397724713463074
20260924,24,38,0.38343405830437205,-2.2668687016942397,-0.10361749816847343
20260924,25,38,0.40592010716244975,-1.9836938339990715,-0.2507884625110354
20260924,26,38,0.4516058297436657,-1.6949649652503496,-0.4085709284955379
20260924,27,38,0.5107176414872319,-1.4203007885996006,-0.5834054190846739
20260924,28,38,0.5686586155547053,-1.1987471910087801,-0.7730402933482233
20260924,29,38,0.6130345455031182,-1.0705375972391098,-0.9666885103997609
20260924,30,38,0.643835629755298,-1.0533986501187622,-1.152499139704506
20260924,31,38,0.6741207741213249,-1.1391399654850676,-1.3256941732653487
20260924,32,38,0.7140383844431865,-1.3184008388709212,-1.4853107284403912
20260924,33,38,0.7591592748586365,-1.5922114620349594,-1.6243808038150669
20260924,34,38,0.7992345830270023,-1.9533945328710673,-1.7310754269999085
20260924,35,38,0.8267237237546485,-2.3766570669692975,-1.7947261517742041
20260924,36,38,0.8370045589370045,-2.823260138665804,-1.808054560993369
20260924,37,38,0.827985898755495,-3.2483910497204334,-1.7682721329898081
20260924,38,38,0.8028119769474501,-3.61097355754521,-1.679064343332323
20260924,39,38,0.7676997934484951,-3.882188308603834,-1.5486596150120042
20260924,40,38,0.7312146818694079,-4.049916852446809,-1.3876804907508156
20260924,41,38,0.7009086485122762,-4.115401974340795,-1.2055223198188418
20260924,42,38,0.6754843537669687,-4.079200793979048,-1.008359634082084
20260924,43,38,0.6420503838291519,-3.9345802120509283,-0.804771124315366
20260924,44,38,0.5881131997883124,-3.686315045768476,-0.6123058208050756
20260924,45,38,0.5115841520140437,-3.365086599888028,-0.4535173332390361
20260924,46,38,0.42429720771061546,-3.0227133814041283,-0.3439816060647418
20260924,47,38,0.34899489774014003,-2.709140881436106,-0.27851106158837957
20260924,48,38,0.30105979342816147,-2.4418042105095736,-0.23666589605679744
20260924,49,38,0.27229391341897974,-2.214771989713948,-0.2143390714061454
20260924,50,38,0.2422621086152337,-2.0390529290348702,-0.23027224320496809
20260924,51,38,0.20449273154256592,-1.9350918212828814,-0.28991967302767996
20260924,52,38,0.16674511887297191,-1.9015429133468675,-0.3758168539759239
20260924,53,38,0.1386037557530631,-1.9136274022204631,-0.46507947706322905
20260924,54,38,0.12318372838783466,-1.9471112110003759,-0.547744110254015
20260924,55,38,0.11608338629636468,-1.9992026771543054,-0.6284109400651419
20260924,56,38,0.1113359469838608,-2.076937076263543,-0.7105508188079367
20260924,57,38,0.10576535672709146,-2.1795259447441278,-0.789484612931414
20260924,58,38,0.09889357067658514,-2.2974049318710206,-0.8570607530400639
20260924,59,38,0.09205941623527716,-2.4180164685941836,-0.9075109736885558
20260924,60,38,0.0875904552571441,-2.5321894035563175,-0.9409521533599599
20260924,0,39,0.3244967168623095,-2.389593446227457,-0.7667369787262978
20260924,1,39,0.35369341382970076,-2.3012115267833724,-1.0114993094866342
20260924,2,39,0.41633105601378334,-2.199584091186645,-1.2683748113681272
20260924,3,39,0.4945750154013911,-2.0982254846438555,-1.5054968507160247
20260924,4,39,0.5613966038251077,-2.022347579278664,-1.6648747993546882
20260924,5,39,0.5984016494549037,-1.9936864879550118,-1.704843820490904
20260924,6,39,0.6091927739709211,-2.018388898431704,-1.6265792857302084
20260924,7,39,0.6177584004514731,-2.0878593880934413,-1.4660284105726071
20260924,8,39,0.6248900869267753,-2.201242489410876,-1.2360222231214857
20260924,9,39,0.6290216832513192,-2.3544898419647873,-0.9521980632264735
20260924,10,39,0.6317072662679525,-2.538745963396613,-0.6360848245947461
20260924,11,39,0.6338998494660193,-2.7425581305952917,-0.3093408453809503
20260924,12,39,0.6335021143515472,-2.9516320737864956,0.006755129743421351
20260924,13,39,0.6192217507422516,-3.1445872385613383,0.2863786404669584
20260924,14,39,0.5851523009012558,-3.2964288313723342,0.5007576229778263
20260924,15,39,0.5368779231928379,-3.3903695850238376,0.6329506242784756
20260924,16,39,0.48805942533278307,-3.425373909330739,0.6869137914325363
20260924,17,39,0.4509509760452166,-3.4108010381992564,0.6802430809785522
20260924,18,39,0.4325163696002375,-3.356460649249614,0.6314127339904919
20260924,19,39,0.43096107336257494,-3.2624759476386553,0.5468884070714978
20260924,20,39,0.4235200231212055,-3.1131557159381766,0.40910834502987303
20260924,21,39,0.4046871519425149,-2.917796423526075,0.2257140856309885
20260924,22,39,0.37797593199414625,-2.697965446359087,0.0165918992091999
20260924,23,39,0.34770013180466564,-2.4758774687264813,-0.198889336285759
20260924,24,39,0.33093546472933605,-2.2638391092020496,-0.40312808599287253
20260924,25,39,0.36251997511063405,-2.037647958192555,-0.5983505105683957
20260924,26,39,0.4256311365799968,-1.7938831446195094,-0.8033189834610033
20260924,27,39,0.5005887295928365,-1.5616438743099106,-1.0142360689929717
20260924,28,39,0.5693988546924161,-1.3838735605005659,-1.2128046538862463
20260924,29,39,0.6165967365724214,-1.3005893283449614,-1.376976810300976
20260924,30,39,0.6398129944811792,-1.3276762454398923,-1.4939596437537743
20260924,31,39,0.6584878540965405,-1.4477771481483703,-1.5705455147921992
20260924,32,39,0.6986602170692335,-1.6379091077110381,-1.6227486326949645
20260924,33,39,0.7530303942259146,-1.9055018387783251,-1.6453099229623986
20260924,34,39,0.8058002244496727,-2.2495127126004344,-1.6290344073444674
20260924,35,39,0.8469478020901647,-2.647411999757183,-1.5719927043567081
20260924,36,39,0.8661542907471859,-3.0613218987201174,-1.4764100777227565
20260924,37,39,0.8485741716237055,-3.4395609743325455,-1.347649505346608
20260924,38,39,0.8116522584002173,-3.7440872276826473,-1.2032257963300994
20260924,39,39,0.7677264527089821,-3.9546322205785795,-1.0547607614910908
20260924,40,39,0.7271774696857491,-4.066759467017737,-0.9092002404818953
20260924,41,39,0.7005983480159345,-4.089288180755093,-0.7687835444465275
20260924,42,39,0.6870813028532584,-4.024765060910753,-0.6332503442742666
20260924,43,39,0.657928840916649,-3.8504599649143936,-0.511430113657912
20260924,44,39,0.5949251565328836,-3.570869130733963,-0.4195639828526688
20260924,45,39,0.5016073283652966,-3.2294942359578185,-0.37009606655810734
20260924,46,39,0.39543882013103115,-2.887195591697482,-0.3649794432351787
20260924,47,39,0.3059541651128239,-2.5957309104818527,-0.38658254279443116
20260924,48,39,0.26005932781163155,-2.360055075934303,-0.4012202625790897
20260924,49,39,0.2540984700923065,-2.146928890392947,-0.3988097490892459
20260924,50,39,0.2367883700647094,-1.9829906436448002,-0.4258433869061611
20260924,51,39,0.1988137730430438,-1.9065553529375296,-0.48806495544837497
20260924,52,39,0.1556400116709414,-1.9127977957764213,-0.5644029230186045
20260924,53,39,0.12470890643210865,-1.9591234558802837,-0.6326044701955353
20260924,54,39,0.11281796484131186,-2.0063775537901933,-0.687531245059106
20260924,55,39,0.10902232902479611,-2.0695729063863784,-0.7405247929513321
20260924,56,39,0.10625233101181372,-2.160828326819997,-0.7937339231811509
20260924,57,39,0.10119370568040408,-2.2784157866690578,-0.8418480255125278
20260924,58,39,0.093029294887048,-2.410038416028422,-0.8770582970953756
20260924,59,39,0.0839309425347066,-2.5389904122212914,-0.8952272420175261
20260924,60,39,0.07846127933245343,-2.6556760679198725,-0.9013483111777219
20260924,0,40,0.2975652759584299,-2.4757326737116783,-0.9392670152263329
20260924,1,40,0.333636035716113,-2.4397479310938066,-1.1843700303012221
20260924,2,40,0.40413326838744423,-2.3952042927854342,-1.444755303739582
20260924,3,40,0.4908362445491843,-2.351554443209835,-1.6748115115181168
20260924,4,40,0.5641972137924588,-2.323566414383796,-1.8038299714392767
20260924,5,40,0.6000148891501927,-2.3236858058972523,-1.7833468941418
20260924,6,40,0.5996054478588246,-2.3547307752789686,-1.6213825197157523
20260924,7,40,0.6130860164850869,-2.4067011599785118,-1.3915409389821052
20260924,8,40,0.6222967804345412,-2.484117169262807,-1.0873261626751136
20260924,9,40,0.6267178934009853,-2.5843365933348816,-0.7315946797959467
20260924,10,40,0.6309271660927032,-2.702121557235524,-0.35232162384310906
20260924,11,40,0.6365343017725895,-2.8310840700736097,0.025869512799148064
20260924,12,40,0.6421533184617303,-2.9628202780428667,0.379148838205494
20260924,13,40,0.6266710186919079,-3.079825447623139,0.669619156208374
20260924,14,40,0.5887090609253639,-3.165486294007394,0.8640229072154523
20260924,15,40,0.5347723181804928,-3.2091915607892565,0.9478497642934685
20260924,16,40,0.4802987057533555,-3.2120914275920205,0.93478967180443
20260924,17,40,0.4380714965883267,-3.1817226366374016,0.8519004195239805
20260924,18,40,0.414874139165807,-3.1250065477460227,0.7232111490269956
20260924,19,40,0.4242021762350706,-3.049793879864865,0.5741515199426145
20260924,20,40,0.4198594721552686,-2.9311242362841217,0.35725868332757815
20260924,21,40,0.3983851116417255,-2.7799440525401224,0.09356518202526287
20260924,22,40,0.3651212788191594,-2.615446503210247,-0.18439128254729398
20260924,23,40,0.322620924152361,-2.4573527737771648,-0.44849053127531585
20260924,24,40,0.2851452617110066,-2.3187102103662793,-0.6780803928913565
20260924,25,40,0.3329710635209515,-2.1463128871569603,-0.9133914748509626
20260924,26,40,0.4091045069467347,-1.9567065365104375,-1.1619000126828207
20260924,27,40,0.49435060883890164,-1.7798607775502822,-1.3995123074638665
20260924,28,40,0.5708960864635089,-1.652786871119217,-1.5929884096877158
20260924,29,40,0.6230268565327696,-1.607520045271715,-1.7136585717014556
20260924,30,40,0.6468589926457354,-1.6561200468214274,-1.7519167609809467
20260924,31,40,0.6515043424791996,-1.7893783236087746,-1.7184988077764989
20260924,32,40,0.6892912448061878,-1.9702248656933463,-1.6584936614424697
20260924,33,40,0.7493364042317255,-2.210363554832139,-1.563216392807805
20260924,34,40,0.8112369332825162,-2.511921512174802,-1.4249882621964183
20260924,35,40,0.8640165374841255,-2.8560543403636784,-1.2513049762028636
20260924,36,40,0.897982459343303,-3.210589468736837,-1.0568132382640623
20260924,37,40,0.8654975047875694,-3.5148921771068786,-0.8606240422369967
20260924,38,40,0.8183634876347959,-3.7467299570919232,-0.6889611798067479
20260924,39,40,0.7681052785186313,-3.893183460058741,-0.5496814063317788
20260924,40,40,0.7247136312936733,-3.9540995071528036,-0.44294496287728785
20260924,41,40,0.7009716149357549,-3.9416361244506044,-0.36174966985861934
20260924,42,40,0.6995095909541365,-3.861104201633591,-0.2995737947575592
20260924,43,40,0.6709350909420421,-3.6746474138814227,-0.2756501089829585
20260924,44,40,0.6000822473244661,-3.3955510180824637,-0.2975502095667685
20260924,45,40,0.4944860550486134,-3.072183898437386,-0.36025484885968206
20260924,46,40,0.3761274611285342,-2.765269779475593,-0.4483975621007084
20260924,47,40,0.27585114977060005,-2.520259673749567,-0.537423031663589
20260924,48,40,0.2215841090706399,-2.3338379879964704,-0.6007091597570486
20260924,49,40,0.24109302608105754,-2.1349038331603287,-0.6197860825232353
20260924,50,40,0.23334823951398534,-1.990060496170849,-0.659997473783684
20260924,51,40,0.19515521642530667,-1.942263949411947,-0.7127311776614185
20260924,52,40,0.1488320089168867,-1.978781226338825,-0.7603785718411545
20260924,53,40,0.11783683747168647,-2.0437173031289375,-0.7937243752325338
20260924,54,40,0.11231407917408123,-2.0895375938068796,-0.8191018787373388
20260924,55,40,0.10700103420008451,-2.1681059815193393,-0.8413331234055418
20260924,56,40,0.10337038640057333,-2.269873597962393,-0.8600475209499807
20260924,57,40,0.09820011416974828,-2.392426751264892,-0.8719398583758478
20260924,58,40,0.08931849244605125,-2.5247229953748644,-0.871700544482304
20260924,59,40,0.07875302435188698,-2.649371590482535,-0.8578820858537426
20260924,60,40,0.07111803733090162,-2.757287196656771,-0.8358641740677665
20260925,0,0,0.12942444439604106,-2.2985881589962616,0.9779932663940696
20260925,1,0,0.10563083441504441,-2.4406145592143127,0.9572982705178373
20260925,2,0,0.08764698885799074,-2.544163739071167,0.9015113769425416
20260925,3,0,0.08109224831125723,-2.624520921240548,0.8347845717066489
20260925,4,0,0.08192038547167768,-2.6840772077857027,0.7512555363049589
20260925,5,0,0.092593057910555,-2.7306018348759977,0.6482289090380529
20260925,6,0,0.10977013592042131,-2.746824719294624,0.5169023340151199
20260925,7,0,0.09250637509202639,-2.6397498970954594,0.402781103845199
20260925,8,0,0.08081547386977919,-2.525180717352189,0.3198190645949148
20260925,9,0,0.07700369859236592,-2.417452890968923,0.25648590956154815
20260925,10,0,0.07701490268018035,-2.3148020066152766,0.21405823613239539
20260925,11,0,0.08101210228044607,-2.2224104924835637,0.18912597230420092
20260925,12,0,0.08746936561639228,-2.1458350107563193,0.18401943318632769
20260925,13,0,0.08209421989420083,-2.1026361194613616,0.23026588553020289
20260925,14,0,0.08127315743015141,-2.0877825269568553,0.27556806225343805
20260925,15,0,0.08531438739466415,-2.0967868567855525,0.31423743215308964
20260925,16,0,0.09199744572487337,-2.1272626877057776,0.3472343676485836
20260925,17,0,0.1051602171348946,-2.171836346791414,0.36704788978061664
20260925,18,0,0.12356650037426622,-2.224732240376037,0.37639921233849133
20260925,19,0,0.10842236734059735,-2.269212399666433,0.40427568784929097
20260925,20,0,0.106001095362511,-2.2932649491656956,0.4133889842648191
20260925,21,0,0.1160430965216163,-2.29597748496551,0.41524732466734726
20260925,22,0,0.12766456129511222,-2.2706812940414416,0.42652462712541084
20260925,23,0,0.13277253722430846,-2.2173095436583568,0.45620337430866265
20260925,24,0,0.13000815113084718,-2.146868799976933,0.504091328402413
20260925,25,0,0.13725065176228568,-2.0654999193891723,0.5728882720524128
20260925,26,0,0.14728493259584594,-1.9830867750879073,0.6624500644934936
20260925,27,0,0.15905792955067136,-1.9110880502256136,0.7662678500246751
20260925,28,0,0.16968292244533834,-1.862802923770012,0.8688086626452785
20260925,29,0,0.17425328749328245,-1.850880271183442,0.9443548978184299
20260925,30,0,0.17272731461732313,-1.8759813081513463,0.9737147043948531
20260925,31,0,0.18449673666744287,-1.9140268100413929,0.9845553739083033
20260925,32,0,0.21330122462203985,-1.9612885112353058,0.9729680355754206
20260925,33,0,0.25094532364846395,-2.0210043593359686,0.906678085990006
20260925,34,0,0.27847756339041696,-2.08845625490555,0.754811283301043
20260925,35,0,0.2804858254688925,-2.147319670375929,0.5276379322048815
20260925,36,0,0.2657890965165949,-2.182077858446794,0.2773185685246573
20260925,37,0,0.3250060347961518,-2.184747416512996,0.044390723408885585
20260925,38,0,0.46892458933658676,-2.158712438222796,-0.2181901219460296
20260925,39,0,0.6587151894856242,-2.1115939754271795,-0.49285958603276225
20260925,40,0,0.8188413532244797,-2.069555140806011,-0.6980864558859767
20260925,41,0,0.8898660146237297,-2.069937006895798,-0.7655979918087557
20260925,42,0,0.8825897584673607,-2.137457990596469,-0.6972779969317848
20260925,43,0,0.9632364411679497,-2.2805860973142087,-0.5766996800399107
20260925,44,0,1.1274571115602425,-2.530483966363623,-0.4087017139686211
20260925,45,0,1.3284060093373729,-2.9028684151345963,-0.20616049088061011
20260925,46,0,1.5163073945330106,-3.3726545884239085,-0.01603187469005972
20260925,47,0,1.6623932941750428,-3.8781269855761633,0.09986726159587733
20260925,48,0,1.7484077762919696,-4.3341966509689245,0.09313123983020113
20260925,49,0,1.688787487111446,-4.599653610180532,-0.05313142698527422
20260925,50,0,1.6292577078187689,-4.702465914417147,-0.3110372951184435
20260925,51,0,1.5860423847070968,-4.6307496408381255,-0.6444174276519827
20260925,52,0,1.5619797145935996,-4.381631654699891,-1.0093984686114448
20260925,53,0,1.5661862030006957,-3.9712216449145052,-1.3624376981259458
20260925,54,0,1.588172098341201,-3.416513186038922,-1.654187781775907
20260925,55,0,1.5275240367443432,-2.739997567087692,-1.7836247122813857
20260925,56,0,1.3844277748462828,-2.059079910177168,-1.7116832579011234
20260925,57,0,1.166695358872568,-1.4963823409250139,-1.4428504404542137
20260925,58,0,0.9314980778022172,-1.1298107034348908,-1.0524991593018194
20260925,59,0,0.7553785914907376,-0.9364589615435006,-0.6444051442504349
20260925,60,0,0.6742571923986136,-0.8340374952941672,-0.2700723710448517
20260925,0,1,0.10546605773312982,-2.3421396320408125,0.9355305838126331
20260925,1,1,0.09497574208031564,-2.4430918755968913,0.9230123134280257
20260925,2,1,0.08353189014089221,-2.5101971390433477,0.8660101556916028
20260925,3,1,0.07839507834835963,-2.551365026874335,0.7900336643104622
20260925,4,1,0.07882592181211796,-2.5678574479125595,0.6977479986187498
20260925,5,1,0.08489148629618395,-2.5589511853905376,0.5894810544342965
20260925,6,1,0.09133270050870917,-2.5114330561698064,0.46914748294854225
20260925,7,1,0.08500178354900279,-2.4135263614485347,0.3687340036200276
20260925,8,1,0.0783397646582676,-2.305400759905469,0.29917542658386104
20260925,9,1,0.07572032751350181,-2.2025198816560945,0.2543062049170251
20260925,10,1,0.07591613300134102,-2.1109397138730546,0.2335271577585522
20260925,11,1,0.0784158046133687,-2.037588003005698,0.23522460354941488
20260925,12,1,0.08117752727902312,-1.9914058041595828,0.2606060442282664
20260925,13,1,0.0802872956824788,-1.9828991705615722,0.31076432503152757
20260925,14,1,0.08149240439130287,-2.004207504458555,0.36327619041755793
20260925,15,1,0.08582498475345701,-2.0503422665435087,0.4102181901295042
20260925,16,1,0.09167523898663776,-2.1171624305072374,0.44893690025657645
20260925,17,1,0.09960922134084481,-2.195533368629002,0.47491881345282894
20260925,18,1,0.10692612599850526,-2.2738832730139342,0.4880977206856796
20260925,19,1,0.1043295090720706,-2.3324040648919278,0.49241628964654494
20260925,20,1,0.10681809089327524,-2.3669696878755335,0.4861195735577783
20260925,21,1,0.11637786920943556,-2.375893126025029,0.47714420305927735
20260925,22,1,0.12693511131639573,-2.3517540813020177,0.475839187222456
20260925,23,1,0.13318468955728935,-2.2940893437821925,0.48969418110605084
20260925,24,1,0.13489501092006798,-2.214008300309283,0.5209785369583699
20260925,25,1,0.13956438974776386,-2.1253291809659007,0.5705339543054201
20260925,26,1,0.14774549719434893,-2.0377308431641947,0.6369036953566374
20260925,27,1,0.1585050996648267,-1.9614433214292435,0.7137107132526341
20260925,28,1,0.16898826100953082,-1.9079379724589636,0.7870501982458739
20260925,29,1,0.17539763002666942,-1.8870416688545437,0.83666655774264
20260925,30,1,0.1788201805699419,-1.8983323732475363,0.8493244449703876
20260925,31,1,0.19095735781734438,-1.9274396258873088,0.8340866556240947
20260925,32,1,0.21850632010357418,-1.9657980360950422,0.7916079461817395
20260925,33,1,0.2553341237388473,-2.012405711232404,0.7012970794292394
20260925,34,1,0.2855518496468869,-2.0617753046609537,0.5469983971984775
20260925,35,1,0.2970751863248151,-2.101208845546824,0.34407496418857797
20260925,36,1,0.3042008971135871,-2.118765483847191,0.1323565209096626
20260925,37,1,0.36490381467000266,-2.107118361877861,-0.07239043048423635
20260925,38,1,0.5013289578154978,-2.0677663619986637,-0.28368444902924744
20260925,39,1,0.6787410135061468,-2.015453899619102,-0.4694480718388567
20260925,40,1,0.8308744662686809,-1.9821265822642733,-0.5651749654517152
20260925,41,1,0.9103773978454353,-2.003244549217931,-0.5356817172253745
20260925,42,1,0.939474822342484,-2.0972650848656835,-0.4044755552747196
20260925,43,1,1.0211932312508467,-2.271588307376058,-0.22242962139571953
20260925,44,1,1.174087735721805,-2.547094584423252,-0.011427229313090745
20260925,45,1,1.3516143597043786,-2.926188550753368,0.19432238025248716
20260925,46,1,1.5101792609102875,-3.371850426115321,0.3365080897433756
20260925,47,1,1.6258948461540406,-3.8173506364087375,0.3594151739979172
20260925,48,1,1.6808993457325203,-4.179756144234951,0.23206527185272957
20260925,49,1,1.6606500084116,-4.377963861396719,-0.03838613237858937
20260925,50,1,1.6209468426116298,-4.398995316479633,-0.40990396459946554
20260925,51,1,1.5839719952170133,-4.240818225780158,-0.8329891558654324
20260925,52,1,1.558596195668843,-3.914485820735358,-1.2551784302932993
20260925,53,1,1.5518254272285499,-3.445933208490769,-1.62714239382634
20260925,54,1,1.5489865263524225,-2.866677267304012,-1.8942807252104434
20260925,55,1,1.494761460820086,-2.230592842026944,-1.9807385664281818
20260925,56,1,1.365389721309041,-1.6383806294873082,-1.847388606492125
20260925,57,1,1.1699628748496835,-1.1929797029423523,-1.515415331029306
20260925,58,1,0.9594336219454859,-0.9430719349011889,-1.0707161418764435
20260925,59,1,0.8018406335754169,-0.8501922127201513,-0.615758442239775
20260925,60,1,0.7324121358399704,-0.8390424741362417,-0.1968720431563013
20260925,0,2,0.08671090703178598,-2.3435238488165444,0.8563739849460517
20260925,1,2,0.08277039841555886,-2.4027532717736753,0.8441517420943897
20260925,2,2,0.0775693856168814,-2.4337785795476505,0.791929017600864
20260925,3,2,0.07449467575688158,-2.4368509612074147,0.715827380613361
20260925,4,2,0.07430354244211858,-2.4123348398071416,0.6248149987018475
20260925,5,2,0.07622905531157337,-2.3592863044140233,0.5256947659643467
20260925,6,2,0.07776479420945202,-2.2782420609093887,0.42952747567998645
20260925,7,2,0.0766109623711797,-2.178686183247853,0.3531219391701078
20260925,8,2,0.07459474318465471,-2.076982112698918,0.30552081033622247
20260925,9,2,0.0736572886490727,-1.9853170434778733,0.2866263756324844
20260925,10,2,0.07409642624981981,-1.9128040694722566,0.2945106767315441
20260925,11,2,0.07552849067729436,-1.8676855514572515,0.32619890119271394
20260925,12,2,0.07716861037057579,-1.8569467341971622,0.376901587445503
20260925,13,2,0.07886579354164441,-1.8825221428838192,0.43797166778909613
20260925,14,2,0.08198141687402181,-1.939331421054377,0.4984323589275429
20260925,15,2,0.0867892806272146,-2.021715326761365,0.5506292630737937
20260925,16,2,0.09205108755448722,-2.1220395504295317,0.5887918713383267
20260925,17,2,0.09674110735054325,-2.227342758251282,0.6082661988176487
20260925,18,2,0.10039140900079073,-2.3221250092057057,0.6076932158625098
20260925,19,2,0.10354906355659471,-2.393132729151302,0.5900446323516532
20260925,20,2,0.10895346960236435,-2.4344978598119345,0.5618605386125739
20260925,21,2,0.11709346696805654,-2.4424810354745192,0.5310039205034118
20260925,22,2,0.12572517626428645,-2.4134416888779975,0.5058674498284486
20260925,23,2,0.13236789532610185,-2.349845592345929,0.4939735028304304
20260925,24,2,0.13677262994438863,-2.263091192841748,0.49948051343180033
20260925,25,2,0.1413515415424231,-2.1683375113793164,0.5225424324432403
20260925,26,2,0.14818586788173865,-2.078182794580209,0.5601560133916053
20260925,27,2,0.15749938400471297,-2.0026745872396763,0.60579848274503
20260925,28,2,0.16756258902121868,-1.9508332905655201,0.6481931307667586
20260925,29,2,0.1764483492703392,-1.9287831197696483,0.6731089396765582
20260925,30,2,0.18541346458058677,-1.935299099833928,0.6701696444030198
20260925,31,2,0.20038735602207414,-1.9617643482128149,0.6372660747547509
20260925,32,2,0.22669943429367326,-1.9992285508792829,0.5726316325560785
20260925,33,2,0.2622512122058986,-2.041165719029459,0.46862206373782644
20260925,34,2,0.2978577845091089,-2.0789454864006434,0.322967017079539
20260925,35,2,0.32739226749715833,-2.1014546275662056,0.1510564159643134
20260925,36,2,0.36235573206822325,-2.100574871179884,-0.022805652538148494
20260925,37,2,0.43239685140612377,-2.073290695857921,-0.18558461169193846
20260925,38,2,0.5549846608641446,-2.021839220876405,-0.3257908494291703
20260925,39,2,0.7105052831899252,-1.9610847384577983,-0.4085438642820292
20260925,40,2,0.8534516345492644,-1.9220058272619784,-0.3933949565089599
20260925,41,2,0.953034307890877,-1.9380846932869285,-0.27232072989082523
20260925,42,2,1.0260211428488186,-2.0287850176513955,-0.07527725793049839
20260925,43,2,1.1199809282263695,-2.202477073053763,0.15862774234646346
20260925,44,2,1.2497889709536827,-2.4654394005495153,0.3928488271958849
20260925,45,2,1.3883072917961192,-2.8061910914527326,0.5765118592353845
20260925,46,2,1.5061915765816833,-3.1835439216353967,0.6517354057714895
20260925,47,2,1.5878104827303574,-3.5359640662133778,0.5772377001984137
20260925,48,2,1.627353253077152,-3.7975845882711754,0.3428824028717939
20260925,49,2,1.629632723982237,-3.916444011207079,-0.02676470962033733
20260925,50,2,1.6095918763281638,-3.8676981873366385,-0.4815664117999297
20260925,51,2,1.5805384255689738,-3.6513277401223827,-0.9606749359840786
20260925,52,2,1.5530723990215478,-3.2883416460687185,-1.4036442722459448
20260925,53,2,1.5314126290639674,-2.814168861834978,-1.7560279690945895
20260925,54,2,1.5046334953537341,-2.2756038202363453,-1.9659908534885817
20260925,55,2,1.4463376717984757,-1.737914443065661,-1.9851615035668075
20260925,56,2,1.3350548881262263,-1.2839865337975298,-1.7927848895291574
20260925,57,2,1.1755154978906803,-0.9857358988511142,-1.4216478549340652
20260925,58,2,1.0060797634030236,-0.8640291173155457,-0.9547037584708992
20260925,59,2,0.8758222346065564,-0.8808842008816984,-0.4778589331377714
20260925,60,2,0.8067688925915752,-0.9864963776531213,-0.03124681809575261
20260925,0,3,0.07845723925059302,-2.3159689090868762,0.7663836968253521
20260925,1,3,0.0759735213952862,-2.3354390416585993,0.7468166479235043
20260925,2,3,0.07297880931086152,-2.3295013972869634,0.695391203014497
20260925,3,3,0.07094004060051927,-2.29724249162756,0.6243474072461103
20260925,4,3,0.07045324281766052,-2.23960271047132,0.5442062998191198
20260925,5,3,0.07099562064329787,-2.1589657654691705,0.46483522858640125
20260925,6,3,0.0715499114822928,-2.0617810376142867,0.3975953004588203
20260925,7,3,0.07152394172751961,-1.9594459432454774,0.3533441005042068
20260925,8,3,0.07122919087435042,-1.8648949814633526,0.3380865389798289
20260925,9,3,0.07126929016260368,-1.789159755700699,0.3521827949982901
20260925,10,3,0.07194023250983878,-1.7409942205962625,0.39234566809032206
20260925,11,3,0.07322805423193796,-1.7269392408216475,0.45271671959244475
20260925,12,3,0.0751245388083484,-1.7500892263286953,0.5250433282000239
20260925,13,3,0.07800024525352584,-1.808779828345394,0.5996056037071132
20260925,14,3,0.0824450842220181,-1.8978823526049338,0.6672451886459763
20260925,15,3,0.08834283329166039,-2.010880424375461,0.720044313836939
20260925,16,3,0.09453241153813993,-2.1377088068162604,0.750637008769431
20260925,17,3,0.09979571740511707,-2.262784642493066,0.7539297665960567
20260925,18,3,0.10389162084798925,-2.369061293126176,0.7300697841115098
20260925,19,3,0.10764721684781078,-2.443985976176077,0.6847206004023263
20260925,20,3,0.11231119748933943,-2.481639865005042,0.6266373301329923
20260925,21,3,0.1184240140951133,-2.4804391803325276,0.5651176917975048
20260925,22,3,0.12517971403993428,-2.4413728861494697,0.5091181494634518
20260925,23,3,0.1312190864467934,-2.3702557766947674,0.4665509594139059
20260925,24,3,0.13616256714162778,-2.279375103793151,0.4422578638199891
20260925,25,3,0.14103134736364656,-2.1840447026949596,0.4364858444929469
20260925,26,3,0.1472661541038657,-2.0977780248133224,0.44536160506258005
20260925,27,3,0.15542971613600465,-2.030608425286211,0.46192153819896137
20260925,28,3,0.16476164720707945,-1.989560655164793,0.4765319721369087
20260925,29,3,0.17457432845396392,-1.9776677453889875,0.4783592913893321
20260925,30,3,0.18624365241007876,-1.992144766315302,0.4586617687335534
20260925,31,3,0.20353199025415306,-2.0254785266370634,0.41260744368221025
20260925,32,3,0.23028918847567323,-2.06871425319692,0.337538073929002
20260925,33,3,0.2665729968180836,-2.1124173555656545,0.2321419341433395
20260925,34,3,0.3077514300116304,-2.145292242007053,0.10145780050814829
20260925,35,3,0.35083229505065217,-2.1561888900953976,-0.03929586497529736
20260925,36,3,0.40301976215484153,-2.1388828373162356,-0.1709493616428673
20260925,37,3,0.4811852460610412,-2.092683597045228,-0.27713029923625604
20260925,38,3,0.5980246558351084,-2.021317506550737,-0.3377734379595693
20260925,39,3,0.7440953249366041,-1.9385726809145702,-0.3226959860200174
20260925,40,3,0.888318607638857,-1.8731375231081147,-0.20884137218296406
20260925,41,3,1.0069855877973444,-1.858147379555707,-0.004404649181365895
20260925,42,3,1.1061621923899003,-1.9154991561752281,0.25453876571005674
20260925,43,3,1.208257138598727,-2.0530012363135235,0.5240484608756759
20260925,44,3,1.3219317918191904,-2.267621929828427,0.7572056825905673
20260925,45,3,1.4338341801634609,-2.5401203951730524,0.9000528068906491
20260925,46,3,1.527432153168005,-2.830686765791914,0.9039634904187295
20260925,47,3,1.5938009486389932,-3.0865361668020546,0.7435469272862418
20260925,48,3,1.628506289639974,-3.254216041417899,0.42470322639333785
20260925,49,3,1.6325701434739515,-3.2930651643214564,-0.014987567761117794
20260925,50,3,1.61355290043098,-3.1855499955264026,-0.5152344452340465
20260925,51,3,1.5835642766446996,-2.939593307548008,-1.0083877541899424
20260925,52,3,1.5536909115907906,-2.5829202894129115,-1.4326729918822234
20260925,53,3,1.5255396731830255,-2.1559818064705,-1.7355409074907895
20260925,54,3,1.4883961189026547,-1.7111217229274593,-1.8724478791651755
20260925,55,3,1.4246003680891868,-1.3127144881012445,-1.8136460112044217
20260925,56,3,1.3201360066428718,-1.0272823554966286,-1.5599136715975999
20260925,57,3,1.17970178605011,-0.8996084164880593,-1.1563193280686148
20260925,58,3,1.0338101281304048,-0.9286783062345649,-0.6823481499974221
20260925,59,3,0.9185505992232937,-1.0758396719640384,-0.21069712692884332
20260925,60,3,0.8474315570534415,-1.3019269828968687,0.22165292335886724
20260925,0,4,0.07592041489773287,-2.2635047373698356,0.6628368570006553
20260925,1,4,0.0736518109861925,-2.248135529506393,0.6370421913230271
20260925,2,4,0.07088783046296018,-2.2093642399657525,0.5877978980767489
20260925,3,4,0.06887068388157988,-2.1480223060026016,0.5270542478812658
20260925,4,4,0.06808205518508427,-2.066577466469392,0.4654085529733798
20260925,5,4,0.06805636541776283,-1.9698636302939598,0.41301522223957454
20260925,6,4,0.06822031410806607,-1.8666085636018783,0.379741233970438
20260925,7,4,0.06839740454551234,-1.7681603554727592,0.37279057398669724
20260925,8,4,0.06860367411442392,-1.6862921654520262,0.39516105110938726
20260925,9,4,0.06898252703739524,-1.6311591829557976,0.44524433142354264
20260925,10,4,0.0696626218038384,-1.610184444245942,0.5175448449162472
20260925,11,4,0.0707313673024837,-1.6273304619265745,0.6036609432069819
20260925,12,4,0.07263259123740387,-1.6815490886488256,0.6935482636033016
20260925,13,4,0.07625448798135806,-1.76782499322223,0.7779118117525432
20260925,14,4,0.08219900793209342,-1.880875796656044,0.8489110956651715
20260925,15,4,0.09011667410936408,-2.014772285027696,0.8982578669157542
20260925,16,4,0.09865265487299248,-2.1586328658630443,0.9169183696350729
20260925,17,4,0.10608816789014403,-2.2949478933650345,0.8986919764029581
20260925,18,4,0.11105189421472088,-2.403846558231485,0.8442384219333445
20260925,19,4,0.11366147373627515,-2.4710982271112027,0.7626127845179222
20260925,20,4,0.11610493979017675,-2.49417990493587,0.6677229904610478
20260925,21,4,0.1202358913055686,-2.4775263475194693,0.5716354312750829
20260925,22,4,0.12587672972685723,-2.426472282332138,0.48348415614035906
20260925,23,4,0.1315671647705264,-2.348751649203771,0.4109880220885871
20260925,24,4,0.136194292671667,-2.2571863886189947,0.35926158061640323
20260925,25,4,0.1402082460014466,-2.1675903069723,0.3284656582489427
20260925,26,4,0.14533467571178,-2.093567995999115,0.3137920221604754
20260925,27,4,0.1524044516401583,-2.0438678264317764,0.3077762677612279
20260925,28,4,0.1605815600173911,-2.0231982728219853,0.30166691528788125
20260925,29,4,0.1691892330282037,-2.031762331525815,0.2862550614017632
20260925,30,4,0.18000280556512194,-2.064435830581909,0.25385850231833906
20260925,31,4,0.19742858638326333,-2.1128890160184377,0.19968940259266016
20260925,32,4,0.22558548304403558,-2.1681327107778268,0.12153547441217775
20260925,33,4,0.2646349210211156,-2.2193058576659945,0.021054559456978678
20260925,34,4,0.3099047853842677,-2.2522404898481128,-0.09221807941819404
20260925,35,4,0.35688223811357395,-2.2539083899525343,-0.200504150989016
20260925,36,4,0.4108431705850199,-2.2192771912304314,-0.2854046567308236
20260925,37,4,0.49011444755326716,-2.150378673024915,-0.333045324114996
20260925,38,4,0.6114035989657182,-2.050579661412975,-0.3245287241040556
20260925,39,4,0.7674418166307431,-1.9304444932239655,-0.23145608132982654
20260925,40,4,0.926007985909304,-1.817705860601256,-0.0391484501566638
20260925,41,4,1.0580417922397343,-1.7484601274924851,0.23112793520569375
20260925,42,4,1.1620851488437223,-1.7475641780975515,0.5317448479974456
20260925,43,4,1.2596870632287354,-1.820854037658194,0.8127121244918565
20260925,44,4,1.3660761620094162,-1.9606760850318188,1.0278179945698114
20260925,45,4,1.472577399410261,-2.1471732182192813,1.128000961807384
20260925,46,4,1.5673319098598688,-2.3451967181480726,1.0746794352685152
20260925,47,4,1.6429734999072734,-2.5102376957080557,0.8541116766518333
20260925,48,4,1.6830879335919353,-2.5970589296342887,0.48084479297711036
20260925,49,4,1.676586890104317,-2.5729602786431007,0.005075755792442814
20260925,50,4,1.6383568742783186,-2.4315329011047813,-0.49897735983705305
20260925,51,4,1.5949358209011217,-2.1900705110012932,-0.9616008261453924
20260925,52,4,1.5638132594008003,-1.8788942559764636,-1.3298507666208745
20260925,53,4,1.5433418241147037,-1.5373387191047976,-1.5613560522748435
20260925,54,4,1.5126848390852168,-1.2174393241444905,-1.6184590829031174
20260925,55,4,1.4457986619786922,-0.9815189019695825,-1.4808419482556927
20260925,56,4,1.330831026982627,-0.8828208473205803,-1.1673971904329041
20260925,57,4,1.179153289816618,-0.9411616422231501,-0.7399055471661518
20260925,58,4,1.0247333030500767,-1.1322100890313596,-0.2807647669147088
20260925,59,4,0.9047221545993299,-1.407515792199095,0.14609796555220414
20260925,60,4,0.8329415106152355,-1.729428021330284,0.5134342421025937
20260925,0,5,0.07822897502295717,-2.191164114332163,0.5487061384178132
20260925,1,5,0.0751504868886898,-2.1472661517981,0.519942333600125
20260925,2,5,0.07105607410098183,-2.0831001316532047,0.47773083072365324
20260925,3,5,0.06822054314161578,-2.001972887123159,0.4335585275189104
20260925,4,5,0.06688699607954579,-1.9071715734512251,0.39677996191699527
20260925,5,5,0.06626216711191482,-1.8051285981444412,0.3767249158734789
20260925,6,5,0.06590987590368787,-1.7055354478141433,0.3809809334969471
20260925,7,5,0.06620450921433534,-1.6177194743208925,0.41274604935766135
20260925,8,5,0.06659562981112523,-1.5533446143872303,0.47281523090103794
20260925,9,5,0.06700626222088966,-1.5215410013204482,0.5569084846562795
20260925,10,5,0.06750586199694696,-1.5276822293668582,0.6568225811645738
20260925,11,5,0.06791455982064876,-1.5738514743182521,0.7616585689194888
20260925,12,5,0.06901848012902907,-1.6544264934060853,0.8603716915739085
20260925,13,5,0.07308431675655645,-1.7590114974512723,0.9474158034835691
20260925,14,5,0.08088282585190254,-1.8843473627055596,1.0176742054643142
20260925,15,5,0.09160497169562974,-2.027315261258076,1.0611490978472902
20260925,16,5,0.1037431920553963,-2.1771064286894233,1.0661835825624795
20260925,17,5,0.11536136574550741,-2.315249210635116,1.0250428632543567
20260925,18,5,0.1223487844052326,-2.4174715063982783,0.9356209596467451
20260925,19,5,0.12161045222339317,-2.463641645926122,0.8101535019241008
20260925,20,5,0.11994275523461093,-2.461711102450897,0.6758875064146668
20260925,21,5,0.12203980802232242,-2.4260091121134137,0.5476768322401202
20260925,22,5,0.12767829588098423,-2.36440680793369,0.4319441783778607
20260925,23,5,0.13475006580796747,-2.2845842033970762,0.3347853321669859
20260925,24,5,0.13978794473541753,-2.1979524022855084,0.2623888834996685
20260925,25,5,0.1410615832686028,-2.120654118312779,0.21646252858642273
20260925,26,5,0.1434959006368692,-2.0672408381116467,0.18864501837818382
20260925,27,5,0.14917544092683988,-2.0437356389638324,0.16952703507580175
20260925,28,5,0.15607249274024046,-2.0514685628817455,0.15174854591574738
20260925,29,5,0.16225175129086605,-2.087079195798552,0.12795980474585109
20260925,30,5,0.16945284308161254,-2.142430922896343,0.09099140152974752
20260925,31,5,0.18486490287446314,-2.209320265955063,0.03448859120271194
20260925,32,5,0.21461048749860556,-2.280751388722939,-0.044381331881285235
20260925,33,5,0.25756499028430324,-2.343937796042076,-0.1406453986490794
20260925,34,5,0.3060625752282678,-2.3789494453927764,-0.23899991738719362
20260925,35,5,0.34936409772848986,-2.3675029287209246,-0.31598974464185214
20260925,36,5,0.39012205148772766,-2.3077418977399233,-0.3546923768904908
20260925,37,5,0.4616989600611181,-2.2120474897634335,-0.3548887089976016
20260925,38,5,0.594628720217581,-2.080754078058658,-0.30169307519138355
20260925,39,5,0.7759095212395897,-1.9136728638787195,-0.15842459824042718
20260925,40,5,0.9596340796050834,-1.7381070511153602,0.08700676505439986
20260925,41,5,1.1019705864956773,-1.598672016244608,0.3986665034202551
20260925,42,5,1.1922683648228996,-1.527814183593173,0.7130355791387655
20260925,43,5,1.269043486448355,-1.5274740614572182,0.9796839204352281
20260925,44,5,1.3713920836045475,-1.5826767016292966,1.1675333277156283
20260925,45,5,1.4887189947514927,-1.676995572575596,1.2352157120695995
20260925,46,5,1.609861340533511,-1.782187938321281,1.151675052969634
20260925,47,5,1.7289688892582624,-1.8620891075262176,0.9091470275859591
20260925,48,5,1.7953825439523283,-1.883419553746351,0.5191401316849217
20260925,49,5,1.7597851724960336,-1.825539341195923,0.04358366634835582
20260925,50,5,1.6749752463936933,-1.6888377218693864,-0.42198776391030784
20260925,51,5,1.60509724589156,-1.4899289774895381,-0.8125610287429578
20260925,52,5,1.577278270375781,-1.2533091087535353,-1.093583578919556
20260925,53,5,1.5849256793382605,-1.0134907681552847,-1.2380435536350172
20260925,54,5,1.5818969824623097,-0.8267553719242355,-1.212130958653996
20260925,55,5,1.509193805476543,-0.7628332065699777,-0.9985828306218565
20260925,56,5,1.3626985569978087,-0.8567491338109816,-0.6400289687352654
20260925,57,5,1.1725700967134858,-1.0952250528389205,-0.21845981847275653
20260925,58,5,0.9838556326839463,-1.4272954888954557,0.1833880244346463
20260925,59,5,0.8443991855007819,-1.7944251485441556,0.5178688805766642
20260925,60,5,0.7752560547420404,-2.1687726160158403,0.7800799143282332
20260925,0,6,0.08711424890825832,-2.1052623297674646,0.42766216385814926
20260925,1,6,0.07974554614716918,-2.039899537369113,0.4020554284359659
20260925,2,6,0.07217101627238746,-1.9611921185045418,0.3752629633015394
20260925,3,6,0.06802054028274249,-1.8719712820322822,0.3541064483559579
20260925,4,6,0.06600589655072885,-1.7750275034641043,0.34669586461487345
20260925,5,6,0.06421756270584321,-1.6792587847423477,0.36226708769253557
20260925,6,6,0.06179264141503856,-1.5970225275200796,0.40607207389863414
20260925,7,6,0.06385688467234511,-1.5198038117128063,0.4712889670964685
20260925,8,6,0.06484532756049968,-1.4735716405859853,0.564130917819235
20260925,9,6,0.06527064929215126,-1.4644761529950312,0.6758146718164292
20260925,10,6,0.06570010075138469,-1.4936155059861556,0.7952453000202406
20260925,11,6,0.06504625596387588,-1.5634518872718348,0.9078693870341843
20260925,12,6,0.06360951717776671,-1.6652310436122157,0.9995952746994787
20260925,13,6,0.0689620663120135,-1.774298931170576,1.0838569210832765
20260925,14,6,0.0790419176432987,-1.9000040737988417,1.1504791227387674
20260925,15,6,0.0923484118477312,-2.04035047635627,1.1842128556281852
20260925,16,6,0.10831542798868084,-2.1835960074332226,1.173450570270307
20260925,17,6,0.1282469500768288,-2.3154880388952224,1.1154893062820288
20260925,18,6,0.14574192749735732,-2.4114229313841764,0.9998759160271873
20260925,19,6,0.13269315101535917,-2.415416141438542,0.8178973343541216
20260925,20,6,0.12302190206688625,-2.379038574911258,0.6473224254486505
20260925,21,6,0.12298213965365964,-2.3243526907371685,0.496296799071404
20260925,22,6,0.12954088627016738,-2.255676417104737,0.362724684703525
20260925,23,6,0.14176635481646493,-2.180610131159821,0.24797737111000742
20260925,24,6,0.15344133960688888,-2.107389483255576,0.15939832926673342
20260925,25,6,0.1456837985857576,-2.0486954565773727,0.11664739144617375
20260925,26,6,0.14223947256831748,-2.0236360328757494,0.0909489749254832
20260925,27,6,0.14620521860085353,-2.033130192035759,0.069077819313833
20260925,28,6,0.15239631593694045,-2.0745710857364137,0.047559215173654745
20260925,29,6,0.15720528629399821,-2.1402868129504746,0.02186428898859749
20260925,30,6,0.16026721955858172,-2.217600323765133,-0.013053563400966084
20260925,31,6,0.17235155604313812,-2.3008487968186104,-0.06769148230294733
20260925,32,6,0.20309890603552633,-2.3889712406582326,-0.14790286270483904
20260925,33,6,0.24895519041160144,-2.464743195973969,-0.2435040796232594
20260925,34,6,0.30073211842869146,-2.5009152352949053,-0.33398947823995767
20260925,35,6,0.3404282184971945,-2.470445731891889,-0.38880808257129884
20260925,36,6,0.35888460096227776,-2.371906499857454,-0.3876150203386901
20260925,37,6,0.41860060988805026,-2.245456523972545,-0.35844311932481515
20260925,38,6,0.5657419994879537,-2.0838350149325966,-0.28800907398817827
20260925,39,6,0.7725176299837816,-1.8668355818169358,-0.12248414068215327
20260925,40,6,0.982042758515662,-1.6227265999566005,0.14801799276502012
20260925,41,6,1.1413340842202528,-1.407433068610115,0.476404780741947
20260925,42,6,1.217994827959227,-1.2687518594481508,0.7843446267657501
20260925,43,6,1.2529814523152831,-1.2101388776855704,1.0161429953909669
20260925,44,6,1.344952987706662,-1.1926796111890217,1.1722282026108866
20260925,45,6,1.4740285221692293,-1.2047985471380689,1.21880485801179
20260925,46,6,1.6329737391524162,-1.2240649524351326,1.1323967124788545
20260925,47,6,1.838328315391494,-1.2176029945286544,0.9120451474257435
20260925,48,6,1.9973533282759954,-1.1758860608266595,0.5531106201095881
20260925,49,6,1.8637088449425805,-1.1338007257427556,0.10871976498147037
20260925,50,6,1.694649594006942,-1.0520657872932957,-0.28027346254615937
20260925,51,6,1.594109331902562,-0.9277698230998266,-0.5676954024700029
20260925,52,6,1.577532455566601,-0.7782048745474108,-0.739527803448863
20260925,53,6,1.6390483575391088,-0.6329893984126029,-0.7835635071812588
20260925,54,6,1.7043679580067184,-0.5609039260054474,-0.6722484909381928
20260925,55,6,1.5931810425776747,-0.6756010338891432,-0.3889983391809651
20260925,56,6,1.391922486585943,-0.9486204404516887,-0.020779397813497774
20260925,57,6,1.157990932881701,-1.3282046301083428,0.34367436129783846
20260925,58,6,0.9348826960934818,-1.7480289442832613,0.6374407374248464
20260925,59,6,0.7744209181512303,-2.1521720716558397,0.8410952654553595
20260925,60,6,0.7068801862765607,-2.5356107903618748,0.9780673873697567
20260925,0,7,0.09104321744124133,-2.0068684726592703,0.3130097015401728
20260925,1,7,0.08095976262752592,-1.9358813857339752,0.30026423134376706
20260925,2,7,0.07198297202432533,-1.856847981265255,0.29479389616446855
20260925,3,7,0.06728394724960643,-1.7708931733429076,0.2992416721123482
20260925,4,7,0.06491923505313967,-1.6814181601411795,0.3215344744629772
20260925,5,7,0.06284762947970925,-1.5980419875319904,0.36948240721094505
20260925,6,7,0.05947292022948265,-1.5350425958424088,0.44603063327217907
20260925,7,7,0.0621535913792077,-1.4738873587560382,0.5407649245525928
20260925,8,7,0.06288801153067736,-1.4487506276122581,0.6589371613065135
20260925,9,7,0.06345352543994767,-1.458588806784866,0.7884817963775504
20260925,10,7,0.06436607248555293,-1.5026180555628417,0.9180702501600466
20260925,11,7,0.06400065236293265,-1.5829693161116816,1.0306942050147305
20260925,12,7,0.06157499559145028,-1.6912576561431307,1.1083737047670155
20260925,13,7,0.06774651695093221,-1.7989383026852892,1.1835943943144842
20260925,14,7,0.07827068650999296,-1.918692740244853,1.2351935513688084
20260925,15,7,0.09191211810031838,-2.0453777518242147,1.2471203158008815
20260925,16,7,0.1085836111584674,-2.166656567822521,1.2099364305806914
20260925,17,7,0.13134243574259208,-2.2715310771375523,1.125890890718207
20260925,18,7,0.15598466014607343,-2.3410198130646145,0.9860532650367247
20260925,19,7,0.13530880828097355,-2.3067030253852514,0.7706975625482033
20260925,20,7,0.12274817312763485,-2.2467458948493335,0.5850668213251855
20260925,21,7,0.12198947011177305,-2.1789848377910546,0.42688434639201567
20260925,22,7,0.12869472902495352,-2.106830602826532,0.2902924312102926
20260925,23,7,0.14311873367257066,-2.0388456790999436,0.173355452237636
20260925,24,7,0.15974725526179337,-1.9847209184611156,0.0823167271830813
20260925,25,7,0.14628748535966513,-1.9579478440109945,0.05487163129274436
20260925,26,7,0.13995297223415848,-1.9686999944055,0.03967939197485876
20260925,27,7,0.1429869432522572,-2.014853168247512,0.02254830693506865
20260925,28,7,0.14927575796865505,-2.0917517520138653,0.002235869465758211
20260925,29,7,0.15500534280773445,-2.188349251910063,-0.024356956462573076
20260925,30,7,0.15823129075980288,-2.2876984955952917,-0.059809314636319555
20260925,31,7,0.16807622906113867,-2.3837920532379564,-0.11360839652869156
20260925,32,7,0.19664872013786633,-2.481257523245148,-0.19427177742276558
20260925,33,7,0.24095694809916623,-2.560405830496727,-0.28996487922339154
20260925,34,7,0.29382520236345844,-2.591148272750876,-0.3795055607853421
20260925,35,7,0.3360480435867671,-2.540626517081069,-0.4293093998367171
20260925,36,7,0.3501962767434561,-2.4047603350931697,-0.41417135551394135
20260925,37,7,0.40603134983486155,-2.2427463875648224,-0.37427045910058904
20260925,38,7,0.5530198676729071,-2.0434133942309987,-0.29874506220391756
20260925,39,7,0.7600329002715962,-1.777115437871294,-0.1311953868886172
20260925,40,7,0.9723591698764121,-1.4746156924786902,0.13527122492921176
20260925,41,7,1.1405926308793517,-1.1978445797219686,0.45276422645470704
20260925,42,7,1.2248577187873533,-1.0038351822505038,0.7438844612083524
20260925,43,7,1.2320992275118385,-0.9107210330096662,0.9427811881757404
20260925,44,7,1.3031305542577516,-0.852522336939942,1.0674426283835754
20260925,45,7,1.4228351924005394,-0.8158766878386974,1.0972487688887322
20260925,46,7,1.5878867440554825,-0.7806114312250358,1.0190689942947
20260925,47,7,1.8294516683974456,-0.712906775004531,0.8403030802829663
20260925,48,7,2.063820135169782,-0.62004611950465,0.5568098232296643
20260925,49,7,1.8497509098739466,-0.6351020265391631,0.19416694541606172
20260925,50,7,1.6426077065900406,-0.6277154358019938,-0.08687871883696734
20260925,51,7,1.5380633100443322,-0.5810030866352884,-0.2566531813151721
20260925,52,7,1.5348978686011603,-0.5145906451027147,-0.3090696186440446
20260925,53,7,1.629920119156525,-0.45939744596199983,-0.23652818479890608
20260925,54,7,1.7433390637086272,-0.4925422616128099,-0.0273415970378333
20260925,55,7,1.5953897903205623,-0.7533833892263331,0.28394706362900585
20260925,56,7,1.3695745075945824,-1.143307372624403,0.6070395226446139
20260925,57,7,1.1284011009657158,-1.5941758719295813,0.8711212567704315
20260925,58,7,0.9072291711029781,-2.040889476727381,1.0342653703969886
20260925,59,7,0.7515984539466529,-2.442722737169137,1.1046598694936451
20260925,60,7,0.6875818271231987,-2.8130006372836567,1.1172798614116963
20260925,0,8,0.07936387661796554,-1.9120261422891884,0.24434540604312116
20260925,1,8,0.07525494647704967,-1.8514570085988244,0.23944764588252898
20260925,2,8,0.06972200523661995,-1.781925468063025,0.24910386640556526
20260925,3,8,0.06568651438120762,-1.7072536922966761,0.2757982550870344
20260925,4,8,0.06321705654857657,-1.632157293587356,0.32391435122309853
20260925,5,8,0.061653917619528785,-1.5639096455848773,0.3970118664263795
20260925,6,8,0.060489104447900933,-1.511034111411036,0.49496981253682204
20260925,7,8,0.059829487891759674,-1.4799603603063378,0.613124918220839
20260925,8,8,0.0599030461679687,-1.4747207883048927,0.7442865136525266
20260925,9,8,0.06111749372613194,-1.4964475365298826,0.8803063011784249
20260925,10,8,0.06304585031574982,-1.5468105706651498,1.0106126393820003
20260925,11,8,0.06473177282664298,-1.6249990902553297,1.1203214932133938
20260925,12,8,0.06621314477461637,-1.722771331648707,1.1972024551493714
20260925,13,8,0.07051899622936099,-1.8275658561000658,1.2453844252242714
20260925,14,8,0.07875347156560371,-1.9341059670399356,1.2630122456267563
20260925,15,8,0.09019656836571636,-2.03572272934091,1.239162527288807
20260925,16,8,0.10356701045752346,-2.1205816352386493,1.1646282900634932
20260925,17,8,0.11738444525803689,-2.1751396472925397,1.0388579257206738
20260925,18,8,0.12614813904412653,-2.1850230868236125,0.8676713898987312
20260925,19,8,0.12273279542912346,-2.144620786806409,0.6759153894299124
20260925,20,8,0.11822186975731712,-2.078593881729652,0.5016214414020519
20260925,21,8,0.1186448063589585,-2.005136401800312,0.3536583968137991
20260925,22,8,0.12384006391350008,-1.9348973058377146,0.2322102897164139
20260925,23,8,0.13219622280262489,-1.8790353904532577,0.13871395569446782
20260925,24,8,0.13830624400174074,-1.8506586236595004,0.07901374205822043
20260925,25,8,0.13629366638400114,-1.8605899322571178,0.055921937002866684
20260925,26,8,0.1349091410565778,-1.908414790162957,0.04771663696489148
20260925,27,8,0.13841938037573373,-1.9902048723754886,0.03844924969618707
20260925,28,8,0.1450254236223982,-2.0993646282910987,0.021762459017193925
20260925,29,8,0.15201471692449303,-2.2226048479903224,-0.006195242499059284
20260925,30,8,0.15860092664010383,-2.3424534477606875,-0.04827978621787177
20260925,31,8,0.17029336941602663,-2.4500247923588487,-0.10910387993956197
20260925,32,8,0.19472286762145521,-2.543997195711947,-0.19157464617610553
20260925,33,8,0.23380193843811437,-2.6105941635547767,-0.28862454444511954
20260925,34,8,0.2835786104662917,-2.62297553854601,-0.38189230437367055
20260925,35,8,0.33026607866873586,-2.551380061148084,-0.4411959533837687
20260925,36,8,0.3676926980187257,-2.3976050057646514,-0.44722095680071505
20260925,37,8,0.43159571049980516,-2.1973260463641386,-0.4136874328392526
20260925,38,8,0.5589626955640052,-1.950375691381387,-0.335611718792175
20260925,39,8,0.7363936459348194,-1.644297906926893,-0.1788498163785942
20260925,40,8,0.919915875213808,-1.3122231596475231,0.06050672178954877
20260925,41,8,1.0650941751133376,-1.0157005061300042,0.3406021602847103
20260925,42,8,1.1455558473287324,-0.8059886783489731,0.5969364212021857
20260925,43,8,1.1840222246753773,-0.6886765895235627,0.78154292303794
20260925,44,8,1.2420137558792754,-0.6241158459887661,0.8860244948189637
20260925,45,8,1.331362260286966,-0.5865385518141102,0.9046056101761791
20260925,46,8,1.4497033550752572,-0.555414952854768,0.8362536507905418
20260925,47,8,1.5926433612653736,-0.511806163977133,0.6923882705087467
20260925,48,8,1.682085211507101,-0.472317280511775,0.48861158512217573
20260925,49,8,1.6101026536407923,-0.4765138730051037,0.27148964864747854
20260925,50,8,1.4936721955223036,-0.48837301101054176,0.11862554047878465
20260925,51,8,1.4260197611963141,-0.4874588637625725,0.0658847846141087
20260925,52,8,1.427520453445408,-0.48827829771394726,0.12437929933555858
20260925,53,8,1.4861133717463346,-0.5278524624315115,0.2973751571374938
20260925,54,8,1.5244975253837623,-0.674188290673752,0.5671094218487294
20260925,55,8,1.440042284482446,-0.9766832719723135,0.8671449112512324
20260925,56,8,1.2692072531496201,-1.3888774252238658,1.123077875694965
20260925,57,8,1.0722787988112392,-1.8401157097296195,1.2844122573853338
20260925,58,8,0.8936712178936308,-2.2707975775550073,1.3352784327511746
20260925,59,8,0.771724450938984,-2.654987552149256,1.2981763760118856
20260925,60,8,0.7171161834198342,-3.0008508558905564,1.194984960465513
20260925,0,9,0.07330630557432022,-1.8378780550042326,0.21316517133839302
20260925,1,9,0.07073360095648537,-1.7935938192022647,0.2176793413322084
20260925,2,9,0.06713422162996642,-1.7398921366340043,0.23990830599771618
20260925,3,9,0.06372030699897734,-1.681677604573295,0.28369091669296026
20260925,4,9,0.0608981232347194,-1.624985943177716,0.35110607041685704
20260925,5,9,0.05834532552939843,-1.5773496256489805,0.4422424483398566
20260925,6,9,0.05574767639467243,-1.5463415010131734,0.5530333032678671
20260925,7,9,0.054197176098326624,-1.53402086665064,0.6758716984328196
20260925,8,9,0.05536034157452764,-1.5381046652949155,0.8064432870740414
20260925,9,9,0.05817386118003917,-1.563633411958127,0.9388680923436954
20260925,10,9,0.06137243938111075,-1.6138625610960349,1.0605257037537517
20260925,11,9,0.06452919655742877,-1.685455446781806,1.1574461647534746
20260925,12,9,0.06775763935687451,-1.7703372634307255,1.2186697673616176
20260925,13,9,0.07216320325559794,-1.8583624402240742,1.2408625617015177
20260925,14,9,0.07883434725967974,-1.9407280715553663,1.2234057426953908
20260925,15,9,0.0876994031738516,-2.0086135790214104,1.1627125612708578
20260925,16,9,0.09741820721345759,-2.0515115428500152,1.0559722187315732
20260925,17,9,0.10594463307523903,-2.060055660366482,0.9086228788986837
20260925,18,9,0.11107695838958823,-2.0310911773936864,0.7370197921547801
20260925,19,9,0.11224290331958005,-1.9718016244420715,0.5652562416026844
20260925,20,9,0.1122156923803886,-1.8974820077132397,0.4137678266049461
20260925,21,9,0.11369874021690905,-1.8231378145312633,0.291396633054301
20260925,22,9,0.11728073758449481,-1.7616652845869378,0.20057709619788272
20260925,23,9,0.12179265676263175,-1.7255764768805797,0.14204654836280467
20260925,24,9,0.12504315978071434,-1.7260060902797325,0.11443249905976322
20260925,25,9,0.1262042779318652,-1.7678639820132727,0.110043336182923
20260925,26,9,0.12767870577240226,-1.84772562526275,0.11440037589111152
20260925,27,9,0.13173403160667618,-1.9586909467673037,0.1142869113776446
20260925,28,9,0.13837557553384852,-2.091435528981978,0.10120228513519158
20260925,29,9,0.14645022023653842,-2.2317484244908017,0.07006773350145815
20260925,30,9,0.15588719500589882,-2.3628467130823534,0.018428429246728856
20260925,31,9,0.169607965958708,-2.4728402121639195,-0.05421294326859613
20260925,32,9,0.19218139410819188,-2.554904129328939,-0.1461971811327209
20260925,33,9,0.22668618965489107,-2.5978671386270276,-0.2511311324093266
20260925,34,9,0.2717491024370994,-2.5811179479750197,-0.3537338986697924
20260925,35,9,0.32081403885265913,-2.484838253773119,-0.43026591275122483
20260925,36,9,0.3731230035978185,-2.31198359663336,-0.4630596457231164
20260925,37,9,0.4451549690209053,-2.0819958489968355,-0.44939669890139833
20260925,38,9,0.5553327358356863,-1.8024755057923596,-0.382827947029166
20260925,39,9,0.6980667905541935,-1.4820802346050854,-0.24743467932343832
20260925,40,9,0.8440917653041787,-1.1584692908184744,-0.04530738625369786
20260925,41,9,0.9631851121621812,-0.8849192414762745,0.18969624148188213
20260925,42,9,1.0436220022523446,-0.6974566073167259,0.40877371931304973
20260925,43,9,1.0991417553859024,-0.5965987544969329,0.5736805427830487
20260925,44,9,1.1534694368409428,-0.5576774622296294,0.667544923010829
20260925,45,9,1.2137326232519936,-0.5558682353734155,0.6862294371265689
20260925,46,9,1.2757944009438942,-0.5699217162139656,0.6364466490900382
20260925,47,9,1.3317021411551782,-0.5825119711017033,0.538177332039235
20260925,48,9,1.3597721616128169,-0.5897061275528002,0.4214398643998385
20260925,49,9,1.3434641341932692,-0.596725004009043,0.32522760827068614
20260925,50,9,1.3065014767563117,-0.6040371359999734,0.2890259293354647
20260925,51,9,1.279999278855841,-0.6180021519808081,0.33737311908062645
20260925,52,9,1.2781210243511363,-0.6574255853664648,0.4784453282312314
20260925,53,9,1.2945457410981427,-0.7523879536251246,0.7046344977791692
20260925,54,9,1.2932767701906405,-0.9400377350373165,0.9823781974882188
20260925,55,9,1.2348519337980906,-1.2362413252763207,1.2485774063481236
20260925,56,9,1.1215184268286014,-1.6122079782014986,1.4395103121899397
20260925,57,9,0.9823830431225697,-2.014963944075311,1.517309379509303
20260925,58,9,0.8511938197355259,-2.3958760004251767,1.478869877994308
20260925,59,9,0.7556649993296862,-2.730844705016223,1.3468285161720315
20260925,60,9,0.7008162457640609,-3.013173323527732,1.1369972520299716
20260925,0,10,0.07104121651618615,-1.7866536764612377,0.21742162546773441
20260925,1,10,0.0687448090501321,-1.762452223248364,0.22999212364487243
20260925,2,10,0.0655998181719478,-1.727856835284201,0.2620579016492699
20260925,3,10,0.06224903775628262,-1.6879567705788001,0.3168887996844303
20260925,4,10,0.058948561216364555,-1.6492839813106093,0.3947977271607497
20260925,5,10,0.05503070628455365,-1.6198449203822993,0.4932798298229583
20260925,6,10,0.049008338051529154,-1.6089748980246947,0.6039104734809709
20260925,7,10,0.04389042377605823,-1.614788003474179,0.7135282539507595
20260925,8,10,0.04889206331457722,-1.6184805611901774,0.8345951883676382
20260925,9,10,0.055223778888153954,-1.641582853020115,0.9585554934927181
20260925,10,10,0.05995438117392114,-1.6877976402355672,1.0639817591208929
20260925,11,10,0.06409260084759988,-1.7494329997002394,1.139159890829366
20260925,12,10,0.06804332795597336,-1.8174947596286073,1.175075949349912
20260925,13,10,0.07243275983159272,-1.882118628577932,1.168124955811619
20260925,14,10,0.07811031391711996,-1.9342634565075585,1.1194117727376547
20260925,15,10,0.08524426894637087,-1.965679414894102,1.0307824150816882
20260925,16,10,0.09279368919868436,-1.9686935557608174,0.9058956877933798
20260925,17,10,0.09915141069761801,-1.939233285672496,0.7555441878212937
20260925,18,10,0.10328901154800114,-1.8806247401110914,0.5981329027219681
20260925,19,10,0.10539279277031391,-1.8036415923727314,0.4534538194283855
20260925,20,10,0.10669936990211747,-1.722695480206538,0.33568933574223675
20260925,21,10,0.10849022174045328,-1.6518657716605258,0.2511752757484365
20260925,22,10,0.11114302911987856,-1.6038022967885945,0.20079498045988547
20260925,23,10,0.11400881136641644,-1.5896308553590128,0.18199926585339066
20260925,24,10,0.11616486121850153,-1.6167259974203283,0.18814648496508884
20260925,25,10,0.1175644009534437,-1.685458731285561,0.2078611087640497
20260925,26,10,0.11944517578395826,-1.7893626995038923,0.22753785859283304
20260925,27,10,0.12321858275662029,-1.9187964830516402,0.23544957397131785
20260925,28,10,0.12926318842583628,-2.062271167638901,0.2234482658811524
20260925,29,10,0.13724300776812431,-2.2052696737987034,0.18674836814363976
20260925,30,10,0.14761840196482778,-2.3324175621871697,0.1239777305387039
20260925,31,10,0.16257587077406638,-2.431975548859394,0.036879342648084845
20260925,32,10,0.1851854536563722,-2.4950219412142287,-0.07033182961192974
20260925,33,10,0.21743441266881897,-2.509640878845286,-0.1896658551617257
20260925,34,10,0.2580996304396354,-2.4594333941925863,-0.30616615967057126
20260925,35,10,0.30389855074812616,-2.334307513570881,-0.39943578105154454
20260925,36,10,0.35684829241769406,-2.142023137361461,-0.45388323479116066
20260925,37,10,0.42782619063648436,-1.898642157417267,-0.4628027076339126
20260925,38,10,0.5265666684722494,-1.61610492529172,-0.4186291712625949
20260925,39,10,0.6464778539543771,-1.314647602832034,-0.31149394169239975
20260925,40,10,0.7642837352322059,-1.035862865713161,-0.14670373721723373
20260925,41,10,0.8603347670023049,-0.8238999036198603,0.04619267279190817
20260925,42,10,0.9341826847910017,-0.6980625564041298,0.2286755916738959
20260925,43,10,0.9971743725300923,-0.6505507070526841,0.3713828400066229
20260925,44,10,1.055065533935107,-0.662251928555246,0.4581419214684063
20260925,45,10,1.1025296736253354,-0.7121818168345171,0.4843460055158758
20260925,46,10,1.1334976420911884,-0.7769519414200572,0.4595305492035901
20260925,47,10,1.1490674034800228,-0.833937487753253,0.40763135250268134
20260925,48,10,1.1550255947125905,-0.868846131489116,0.3604061189412221
20260925,49,10,1.155974173419451,-0.8805805448685069,0.3488958695025936
20260925,50,10,1.1525598415592357,-0.8812189768033748,0.39674637311969485
20260925,51,10,1.1443525533353158,-0.8916561871035888,0.5156878791641283
20260925,52,10,1.1321863133115602,-0.9358776007023859,0.7027821657599692
20260925,53,10,1.1156899902538309,-1.0362747889617023,0.9393487420497613
20260925,54,10,1.0890573863009145,-1.2091272635911916,1.1904318606615005
20260925,55,10,1.0419530050013377,-1.4572414049625908,1.4070695235415243
20260925,56,10,0.9668172017538351,-1.7623624961851385,1.5372196843218078
20260925,57,10,0.8674944960716373,-2.086262031274515,1.545659447643457
20260925,58,10,0.7628116315834201,-2.38647224213536,1.4316514719351234
20260925,59,10,0.6766073610570693,-2.637154249584313,1.2228014702438819
20260925,60,10,0.6204723381310755,-2.8303763647365257,0.9458456028575702
20260925,0,11,0.07201974708254114,-1.7594012097928915,0.2540158016913405
20260925,1,11,0.06939515611686385,-1.7560411947400016,0.27110247396105236
20260925,2,11,0.0656471918743133,-1.7400742431317766,0.30839464861601773
20260925,3,11,0.06186372804093362,-1.7166902776456274,0.36699352677562336
20260925,4,11,0.058318204736204075,-1.692260575668391,0.4456407545904198
20260925,5,11,0.053835884274278385,-1.673974626014811,0.5405302085635278
20260925,6,11,0.044233735303750944,-1.6712152218386205,0.6396703164449473
20260925,7,11,0.031211776581711134,-1.6860724279098942,0.718702006189089
20260925,8,11,0.043910121453347904,-1.6894547707540242,0.8331076412444703
20260925,9,11,0.053912669574312844,-1.7141336874724329,0.9432605095617024
20260925,10,11,0.05971775599948211,-1.7558596807620237,1.024516672531858
20260925,11,11,0.06452051528546568,-1.8056957641287006,1.0716704656985707
20260925,12,11,0.06857575778890217,-1.8545876708111257,1.0773644498784367
20260925,13,11,0.07236092470479398,-1.8931708119155346,1.040445467914994
20260925,14,11,0.07715205839090432,-1.9141725682909472,0.9664474271418939
20260925,15,11,0.08351944561485676,-1.9116689156701885,0.8613357191199356
20260925,16,11,0.09067529756303164,-1.8808592091617382,0.7322838445073865
20260925,17,11,0.0970563556625815,-1.8212458980152764,0.5921113294076599
20260925,18,11,0.1010584120706694,-1.7397495592958179,0.4590660332791272
20260925,19,11,0.10234004410637897,-1.6502607631212465,0.35100651525651105
20260925,20,11,0.10285390194527148,-1.5678078006179095,0.2772057687219664
20260925,21,11,0.10429178717600189,-1.5045451637020002,0.23869288725411125
20260925,22,11,0.10698372233483569,-1.470861024736203,0.2326843976707771
20260925,23,11,0.11022001646946163,-1.4756981511696472,0.2536450377413133
20260925,24,11,0.11222893145866943,-1.5246900982873457,0.2926410093564785
20260925,25,11,0.11205003316381645,-1.6147673529209903,0.3358927042136851
20260925,26,11,0.1119466757471806,-1.7337382010608704,0.3682980167378567
20260925,27,11,0.11420478874028894,-1.869208298534368,0.3796518826940679
20260925,28,11,0.11911286065261309,-2.0095006176445334,0.36392331077413476
20260925,29,11,0.12594581838905208,-2.140345070000924,0.3179317170701662
20260925,30,11,0.13507514157869657,-2.2475110675351586,0.24229926979751082
20260925,31,11,0.14953649904246463,-2.3229961913400943,0.14073038962717216
20260925,32,11,0.17265543654443158,-2.360247574769674,0.01799297761003693
20260925,33,11,0.2046730048408986,-2.345655846674351,-0.11722950924890504
20260925,34,11,0.24173736288177786,-2.263852540111502,-0.24786141723226357
20260925,35,11,0.278778352501772,-2.112931122839029,-0.3517407535479057
20260925,36,11,0.3201466103913805,-1.9115452986214259,-0.4164367133323259
20260925,37,11,0.3831850201622096,-1.6784543952208804,-0.4429473325649067
20260925,38,11,0.47762800428224406,-1.4222101121166653,-0.42437048935421007
20260925,39,11,0.5901255902138832,-1.167758906190623,-0.3467995462776057
20260925,40,11,0.6927850168829062,-0.9620048343203608,-0.21426249274984654
20260925,41,11,0.7682920878127516,-0.8421881878516335,-0.055916687879273834
20260925,42,11,0.8284721484794219,-0.8087795120681677,0.09340411251494402
20260925,43,11,0.8965778840237031,-0.8385867413508845,0.2124327674259177
20260925,44,11,0.9684166762245502,-0.9146903872032499,0.2898377134468887
20260925,45,11,1.0217862153643567,-1.0197411160664567,0.32082444733217386
20260925,46,11,1.047707590753294,-1.1261365432230757,0.3152386037506189
20260925,47,11,1.0540076309746678,-1.2076236019296918,0.29690439735020924
20260925,48,11,1.0545615685997147,-1.250453618666998,0.2946621421292014
20260925,49,11,1.0575888583462327,-1.2563236079323508,0.33376240007356855
20260925,50,11,1.0587333891555417,-1.2407326239199659,0.429871392770666
20260925,51,11,1.0478044527771881,-1.2280450522852784,0.584839020003165
20260925,52,11,1.0177206533978833,-1.2444689161763507,0.7841200576021018
20260925,53,11,0.9721020194830735,-1.3092381912149103,1.0008740212007483
20260925,54,11,0.9269109095856782,-1.42925403246777,1.2075011774022806
20260925,55,11,0.8877030361309778,-1.6037253102425637,1.3731433751365385
20260925,56,11,0.8344055844267889,-1.8220350448818567,1.4505304533048466
20260925,57,11,0.7517908124429145,-2.0532880219102867,1.4011879316027087
20260925,58,11,0.6498851322477199,-2.2570913956204413,1.2279836962366715
20260925,59,11,0.5568904912628331,-2.4090245370004544,0.9733316578451798
20260925,60,11,0.4991846396460491,-2.5122726897307333,0.6822684867443357
20260925,0,12,0.07738667548683094,-1.7559646059348661,0.31751101157703543
20260925,1,12,0.07309771024671785,-1.7707343308725827,0.33448552712961277
20260925,2,12,0.06723129646078328,-1.7687855793743565,0.3710353051333526
20260925,3,12,0.06259836339419472,-1.7571005663509338,0.4253800772601808
20260925,4,12,0.059369677474823884,-1.7422517479762973,0.4957478531099092
20260925,5,12,0.05685454027831843,-1.7300039176865953,0.5786558226966869
20260925,6,12,0.051896783997637544,-1.72460303335357,0.6657343470851349
20260925,7,12,0.04528139350748278,-1.7285753755946993,0.7434225090994393
20260925,8,12,0.04942356591381496,-1.745600473575854,0.8255065556266985
20260925,9,12,0.0556108714051684,-1.774362695908177,0.8989374902531531
20260925,10,12,0.061024845513551876,-1.8105254054929414,0.947339899256782
20260925,11,12,0.06625152892382671,-1.8481013287983168,0.9629840750064922
20260925,12,12,0.0699186964711604,-1.8773165420730242,0.937964274142339
20260925,13,12,0.07241145878270534,-1.8900229965263031,0.8749776754850599
20260925,14,12,0.07626991286094609,-1.8828944096439102,0.7842687298500446
20260925,15,12,0.08258515494212905,-1.852484157572988,0.6732553704201969
20260925,16,12,0.09118248634599316,-1.7956851007973211,0.549872491501985
20260925,17,12,0.10135419873378372,-1.712944422948884,0.42601544390892665
20260925,18,12,0.10832987155917594,-1.6123408772248287,0.3216459071009664
20260925,19,12,0.10510035162328837,-1.5169684766877278,0.2627599781090396
20260925,20,12,0.10126504060851588,-1.441107952474736,0.24405271808555706
20260925,21,12,0.10145228505473683,-1.3890248224800152,0.25569590472440906
20260925,22,12,0.1055202477358372,-1.366958910916226,0.2930946389180121
20260925,23,12,0.11340436801791257,-1.3811121803705975,0.3504695813284644
20260925,24,12,0.11928944074974368,-1.4428808344973825,0.4203985145771292
20260925,25,12,0.1131129019514745,-1.5528291247488442,0.48249603185588924
20260925,26,12,0.10648664869827727,-1.6796995870105933,0.5179184547027745
20260925,27,12,0.10569480529279515,-1.8092541106030953,0.524121364172135
20260925,28,12,0.1096972655665539,-1.9345550321806524,0.49915167538668725
20260925,29,12,0.11613787832616891,-2.0435422327872086,0.44045638340892734
20260925,30,12,0.12302776545634342,-2.120449174662771,0.3495163510991057
20260925,31,12,0.13460236621570226,-2.161117499830264,0.23431101480922
20260925,32,12,0.1574121655817591,-2.166817279398656,0.10010883995367423
20260925,33,12,0.19021555679027724,-2.123195874072519,-0.046671813064642825
20260925,34,12,0.22487315655124238,-2.0159652571472217,-0.18687561857981583
20260925,35,12,0.24913049401145634,-1.8518324859308948,-0.2914584829710982
20260925,36,12,0.26819390998544657,-1.6632533160986345,-0.3494211371615714
20260925,37,12,0.3233637086322357,-1.463865281017826,-0.3858235467649874
20260925,38,12,0.422701455410359,-1.2509984268047796,-0.3901574167460028
20260925,39,12,0.5397202535120607,-1.0604885391294578,-0.33711862497407336
20260925,40,12,0.6381126193869996,-0.9462569264238297,-0.22920015330541071
20260925,41,12,0.6941039561459861,-0.9383388211439783,-0.0973834090072901
20260925,42,12,0.7283421917259651,-1.0165934842752131,0.0219210317448658
20260925,43,12,0.8023352600932789,-1.1340687956787163,0.11384926535537127
20260925,44,12,0.8996555685058064,-1.2821695808164466,0.17382109908587717
20260925,45,12,0.9714448318267402,-1.4442974098272832,0.19693557860244537
20260925,46,12,1.0065469514518857,-1.5842481450171193,0.1935991606854912
20260925,47,12,1.0172341271630074,-1.6745213919344064,0.1871167679054644
20260925,48,12,1.0186079925385911,-1.7062053616260895,0.2033177518125323
20260925,49,12,1.0187674153395365,-1.6862171771274324,0.26299175326472435
20260925,50,12,1.0127481220241183,-1.632605727825101,0.3763080008843239
20260925,51,12,0.9886082816319518,-1.571091138078097,0.538160483222077
20260925,52,12,0.9359059324523396,-1.5297874205958386,0.7256344117061749
20260925,53,12,0.8613082755396707,-1.5296484023076011,0.9068411463457823
20260925,54,12,0.8034840054525065,-1.576218541347604,1.0674241909031923
20260925,55,12,0.7799155881331543,-1.668310473002935,1.1964344815712498
20260925,56,12,0.7391829043473879,-1.7990623970989206,1.23490421983373
20260925,57,12,0.6573262491958496,-1.9404562361206021,1.1457650263885493
20260925,58,12,0.5455838077561908,-2.0558407661976315,0.9431036713243173
20260925,59,12,0.4390389565835037,-2.124652171442251,0.6839353335892492
20260925,60,12,0.38199622875234346,-2.1608827180468784,0.4253665215517793
20260925,0,13,0.08961733209485681,-1.7764049189232374,0.4032443094497736
20260925,1,13,0.07886889937485289,-1.8000053930446112,0.4137569623057652
20260925,2,13,0.0693069389592665,-1.8029371641505618,0.4411719866096393
20260925,3,13,0.06392955250537201,-1.7965235375743325,0.4832112233886233
20260925,4,13,0.06142754544170581,-1.7871616239282997,0.5384352980025773
20260925,5,13,0.06383643789807208,-1.7829232363175678,0.6044912258876005
20260925,6,13,0.07394522851088445,-1.7906283433438412,0.6820238559573567
20260925,7,13,0.05925660304973904,-1.7833080715946361,0.7389021080824231
20260925,8,13,0.056082292155695046,-1.7941445149981845,0.7876374071631471
20260925,9,13,0.0585025937246028,-1.8173421068887234,0.8238757538355789
20260925,10,13,0.06291834722826993,-1.8456004743965695,0.8375759828161498
20260925,11,13,0.06829747938463436,-1.871700460360287,0.821704296460491
20260925,12,13,0.07135879510964803,-1.8830955890687073,0.7706985386542269
20260925,13,13,0.07227120076078748,-1.8732893613755535,0.6913380412362884
20260925,14,13,0.07533415694648014,-1.8443140916037157,0.5946087533886131
20260925,15,13,0.08166554005456604,-1.7938077825450474,0.48692016029325647
20260925,16,13,0.09225913840687316,-1.7193962345702802,0.37512479236904367
20260925,17,13,0.11111862609111803,-1.6193738282759016,0.26383702174430285
20260925,18,13,0.13410064989007528,-1.4953290345062413,0.17366259306992737
20260925,19,13,0.11339703657229834,-1.4079548173618077,0.19406937446949202
20260925,20,13,0.10045821278506341,-1.3495283794519564,0.24137377722457004
20260925,21,13,0.09874677164301106,-1.310934497068701,0.30163157579514066
20260925,22,13,0.10466618029503962,-1.297023730880178,0.3783780347734841
20260925,23,13,0.12322668862460516,-1.3061743070618088,0.47105670141753325
20260925,24,13,0.1507263022924864,-1.3569793671976311,0.5810775059624946
20260925,25,13,0.12091054543292318,-1.4976195907753924,0.6415998779101482
20260925,26,13,0.10130697144820787,-1.625984525857231,0.6574069504145263
20260925,27,13,0.0968126349842336,-1.738860620582252,0.6473643788865139
20260925,28,13,0.10078090996379226,-1.8400451253784946,0.6098822552298078
20260925,29,13,0.1103968458105694,-1.9236435914494743,0.5410829666920101
20260925,30,13,0.1190894057146475,-1.9718350300893472,0.4359950281231505
20260925,31,13,0.12376888398520276,-1.9712205918388153,0.30481771674834757
20260925,32,13,0.14386323874975485,-1.9411544575853314,0.16402618640502012
20260925,33,13,0.17645666852316091,-1.8679879761707503,0.01391559367587511
20260925,34,13,0.21050746930774014,-1.7432751880833373,-0.12784661854585216
20260925,35,13,0.22321369351344258,-1.5863385376815973,-0.22483747334594104
20260925,36,13,0.20559231251031052,-1.4463099821726217,-0.25395303881207165
20260925,37,13,0.2703583442841579,-1.283973991702154,-0.3019423598972646
20260925,38,13,0.37968147031660787,-1.1175251781938722,-0.31736531382823996
20260925,39,13,0.5009146219782435,-1.0046670187872992,-0.2742937230372225
20260925,40,13,0.6008351283270447,-0.9940645454870077,-0.18203301769475277
20260925,41,13,0.6451646628297634,-1.10185476632089,-0.07265788724721114
20260925,42,13,0.6333402682395481,-1.2931480542338454,0.016318507517875384
20260925,43,13,0.7250777622586526,-1.495447597295281,0.07683938092471901
20260925,44,13,0.8485742869281598,-1.7245144190196642,0.1073605575703657
20260925,45,13,0.9372326910330016,-1.944741804589508,0.10355806576324583
20260925,46,13,0.984814486727492,-2.109407104215794,0.07915352746206283
20260925,47,13,1.0051180312538222,-2.193574985238977,0.05843440312006849
20260925,48,13,1.0126122924633278,-2.1950891170460225,0.06588329482805287
20260925,49,13,1.0057468684736106,-2.1251369488743186,0.11884779802049289
20260925,50,13,0.9884185272887159,-2.00866218727184,0.22423178055321308
20260925,51,13,0.9491461465855577,-1.8746275793833258,0.3730450924736563
20260925,52,13,0.8784445881384424,-1.7545835350699486,0.5393698210335554
20260925,53,13,0.783038868052828,-1.6743467189922512,0.6891546728202042
20260925,54,13,0.7129393323371206,-1.644081232707521,0.8123006414429778
20260925,55,13,0.7180976249408089,-1.6595609619584517,0.9237758374026994
20260925,56,13,0.6766510314575762,-1.7121147475296499,0.9348629722974232
20260925,57,13,0.5893140186888798,-1.7789357758711015,0.8334561166285591
20260925,58,13,0.4742803030099021,-1.832070159407007,0.6454691161762013
20260925,59,13,0.3625308404424845,-1.8538150952641081,0.4249160137942207
20260925,60,13,0.30472054794987724,-1.852103167778018,0.22167075599906103
20260925,0,14,0.08555568001606673,-1.795007637686779,0.5029590940343218
20260925,1,14,0.07795623481281695,-1.8225258197618295,0.4975794098567401
20260925,2,14,0.07007070847645527,-1.8267002119129572,0.5070994657898842
20260925,3,14,0.06526240157611658,-1.8206985521280297,0.5311896228293216
20260925,4,14,0.0630457574880609,-1.8119897616544822,0.5671179023964282
20260925,5,14,0.06513670624867672,-1.809463685386371,0.6113825628570599
20260925,6,14,0.07086304548036812,-1.8163358530580092,0.6597866387129177
20260925,7,14,0.06295800697806526,-1.8103232508621374,0.6952959833720895
20260925,8,14,0.05959301636904196,-1.816760090093605,0.7179063567927724
20260925,9,14,0.06063461669361953,-1.8339222729670286,0.7238796536099074
20260925,10,14,0.06380668058823862,-1.8541503353650732,0.7071985003383836
20260925,11,14,0.06806049761937237,-1.8695793307532471,0.6643723661555111
20260925,12,14,0.07077053454690582,-1.8685532367981261,0.5966184898097784
20260925,13,14,0.07156488134508329,-1.845247110561268,0.5126811755762319
20260925,14,14,0.07400371747742107,-1.8027108060192674,0.4202971483868124
20260925,15,14,0.07965608388636355,-1.740551428134228,0.32549660094002436
20260925,16,14,0.08953037031478449,-1.6574005898184503,0.2354228336923374
20260925,17,14,0.10607393564040744,-1.552564216265571,0.15697235834009937
20260925,18,14,0.12266775628108721,-1.4329360778326385,0.11891399370732714
20260925,19,14,0.1081443241156384,-1.3505575815170963,0.1838501650545573
20260925,20,14,0.0965114690395963,-1.301044777434892,0.2739921773086302
20260925,21,14,0.0942046053541498,-1.2732978545248343,0.3714963765747944
20260925,22,14,0.0992371673172847,-1.268775250405025,0.47898778252269614
20260925,23,14,0.11468598078547822,-1.2864068492266079,0.5982792579905539
20260925,24,14,0.13310601930857932,-1.3432327103965744,0.7215809809449086
20260925,25,14,0.10994283339723636,-1.464533574166359,0.7662209051933695
20260925,26,14,0.09105622203755982,-1.5730790136401962,0.7581429703766793
20260925,27,14,0.08540419335409483,-1.66019637554159,0.7274083825308189
20260925,28,14,0.0889259183573453,-1.7298699877951436,0.6756404619312295
20260925,29,14,0.1001599958432814,-1.779590923297137,0.5994233844452899
20260925,30,14,0.11187789745062365,-1.7958296129407074,0.4879809668289716
20260925,31,14,0.11600529559856297,-1.7665317062890387,0.3480913695235963
20260925,32,14,0.13275173931201545,-1.7051444341613227,0.20627859473175497
20260925,33,14,0.16293994819305424,-1.6062210248670015,0.0626710144569211
20260925,34,14,0.19758275035090733,-1.4719951671438785,-0.06959518851071264
20260925,35,14,0.21768898238962375,-1.3318101888746323,-0.16137398066494865
20260925,36,14,0.21737082962112683,-1.2261836121955985,-0.1962571445981315
20260925,37,14,0.2675378719862909,-1.114357483712894,-0.21794251430657147
20260925,38,14,0.36006385122604667,-1.0231444133796987,-0.20911138207147323
20260925,39,14,0.4701032843641355,-1.0095140434336607,-0.1558657249557096
20260925,40,14,0.5684555171726602,-1.110532780263419,-0.07082350223229286
20260925,41,14,0.6255192556424324,-1.322132150993423,0.015227213073476957
20260925,42,14,0.6409970549239121,-1.5960117488522332,0.0719225128986009
20260925,43,14,0.7096784677032191,-1.8913903454426986,0.09384301816193993
20260925,44,14,0.8148881108380673,-2.1959376816882212,0.07873010282792131
20260925,45,14,0.9030586304281475,-2.4586493419165523,0.027571351966784785
20260925,46,14,0.9586245894491964,-2.6305186792306703,-0.0416147031026867
20260925,47,14,0.9870568308809906,-2.6904011155316105,-0.10207031649271275
20260925,48,14,0.9951593370053313,-2.641322358701651,-0.1286109766604816
20260925,49,14,0.9874083979130054,-2.5040894418740853,-0.10421023817313332
20260925,50,14,0.9605113810048077,-2.3088086023649144,-0.024046050453602228
20260925,51,14,0.9102734618526301,-2.092483235154465,0.10171399273095996
20260925,52,14,0.8360710376694345,-1.8923910902475256,0.24885850260376102
20260925,53,14,0.7558761523478683,-1.7380933838483301,0.3889880519566227
20260925,54,14,0.7074414293969172,-1.6403983316680117,0.5066651243647873
20260925,55,14,0.6823795746479283,-1.592401631450116,0.5835707880472245
20260925,56,14,0.6220131130198784,-1.5841921967636903,0.5818135491990274
20260925,57,14,0.536288168935727,-1.5986943073971247,0.5020502574240293
20260925,58,14,0.43946524311841756,-1.6151811684127502,0.36710168878743354
20260925,59,14,0.3527129697777983,-1.6180488307130014,0.21312467627444576
20260925,60,14,0.31055282866364176,-1.5999493965072982,0.06421482839354203
20260925,0,15,0.07670833844591522,-1.797979213681663,0.5813986917211997
20260925,1,15,0.07401133652170898,-1.8237829671307684,0.5632697698274423
20260925,2,15,0.07008883598990813,-1.8267952437649835,0.5559740617712275
20260925,3,15,0.06675072858605387,-1.8176389896440612,0.5613455640479326
20260925,4,15,0.06459436475404347,-1.8051799903365817,0.5770414494031005
20260925,5,15,0.0639128118740524,-1.7962805608553518,0.598438451489083
20260925,6,15,0.063727448854986,-1.793541121756097,0.619361465520554
20260925,7,15,0.06227025876580499,-1.7957602691978962,0.6327638554401591
20260925,8,15,0.06129970913318663,-1.8049106941992998,0.6328875838831283
20260925,9,15,0.06171521504481152,-1.8194084204319356,0.6152887411597382
20260925,10,15,0.06332975946982335,-1.834074729889175,0.5772151505203794
20260925,11,15,0.06573394324797559,-1.8420946120170563,0.5187408484451327
20260925,12,15,0.06782603652277185,-1.8351316584167767,0.44468357187817265
20260925,13,15,0.06926119231662244,-1.808033972031076,0.36386829746135657
20260925,14,15,0.07159451309032426,-1.7613958971603638,0.2835125850288888
20260925,15,15,0.07611381103704373,-1.696240169844356,0.21009950168865205
20260925,16,15,0.08301504683951913,-1.6133855810214297,0.15311118941516222
20260925,17,15,0.09127062498943968,-1.5166875333122183,0.12619704704423124
20260925,18,15,0.09632432853483523,-1.4184385324764,0.14873856924931622
20260925,19,15,0.09351919825644417,-1.340821744356013,0.22720887224102798
20260925,20,15,0.08889963153334744,-1.2926568692206812,0.33499438657329694
20260925,21,15,0.08720466744139457,-1.2714466359415773,0.4533315858152003
20260925,22,15,0.08911392030931094,-1.2758677274828718,0.5747754485979251
20260925,23,15,0.09364760237373672,-1.3064336225745405,0.691690412184481
20260925,24,15,0.09489175071963828,-1.3664440247338476,0.7836603716306278
20260925,25,15,0.08626397904769897,-1.4475655370866263,0.8176628431770945
20260925,26,15,0.07618112354340253,-1.5229918569006131,0.798970178815074
20260925,27,15,0.0714093370261677,-1.579993170552822,0.7504865654302613
20260925,28,15,0.07303791789278077,-1.6163000396537643,0.6828623125208071
20260925,29,15,0.08092894689467668,-1.629254258913056,0.5970760617592386
20260925,30,15,0.09169142678939436,-1.6126438534460792,0.48724588867998286
20260925,31,15,0.10273946690888636,-1.5628516488529938,0.3588923578613611
20260925,32,15,0.12016294729857258,-1.4807095366010201,0.22752559111519116
20260925,33,15,0.14753967151494862,-1.3669735992143808,0.10101168119354308
20260925,34,15,0.18111432561281166,-1.2332754758422908,-0.008550743516584303
20260925,35,15,0.21172324074462226,-1.1094292467174758,-0.08233411948307465
20260925,36,15,0.2378269175574251,-1.0240866709120136,-0.11060143126386193
20260925,37,15,0.27869760216850464,-0.9785864428407414,-0.10126831359724986
20260925,38,15,0.34753162019937156,-0.985048179894766,-0.05928979825544348
20260925,39,15,0.43639305365024494,-1.0804364463699603,0.011210276488925197
20260925,40,15,0.5245288453233025,-1.288028622060598,0.0917574396360291
20260925,41,15,0.5928066109522417,-1.590586427681413,0.15318987646261503
20260925,42,15,0.6419036791320244,-1.94037445380166,0.17261916674387084
20260925,43,15,0.6996545187062461,-2.2978655546668314,0.14413902453803842
20260925,44,15,0.7776081770394468,-2.635008333098031,0.06908503994542005
20260925,45,15,0.8543045444038604,-2.9031319470886996,-0.04507711193562918
20260925,46,15,0.9111007270456577,-3.054551452535085,-0.17629269593569735
20260925,47,15,0.9441557865338228,-3.0700244973581468,-0.29418921825672717
20260925,48,15,0.9549001511255785,-2.95785569896091,-0.37079699139289574
20260925,49,15,0.9437867436429805,-2.7455259072580604,-0.38760025301030593
20260925,50,15,0.9106356650908941,-2.473192921674528,-0.3399487877690011
20260925,51,15,0.8555701886337937,-2.185707820427242,-0.23844764853317033
20260925,52,15,0.7853830536372274,-1.9250740803780642,-0.10686052413756705
20260925,53,15,0.7189204524095482,-1.7198893901056318,0.026192398167004822
20260925,54,15,0.668791792308868,-1.5767334618072077,0.13759097315914715
20260925,55,15,0.6172262227385379,-1.4891846771004627,0.20819486787742245
20260925,56,15,0.5516203251118117,-1.4468713548291268,0.2249202083645198
20260925,57,15,0.4813646436599448,-1.4323189098865974,0.1903248688501737
20260925,58,15,0.4140774186123768,-1.4264582638883896,0.11895641034332927
20260925,59,15,0.3590056546513182,-1.4134159268645694,0.03059132210330913
20260925,60,15,0.32846028945660743,-1.3809929983617042,-0.06050410020341063
20260925,0,16,0.07461365679168824,-1.7908071871039166,0.6328573554896346
20260925,1,16,0.07318358908387149,-1.8036961730825047,0.6019527296271683
20260925,2,16,0.07113942351135276,-1.7971515654630266,0.5802071778164452
20260925,3,16,0.06908824717778918,-1.7804921614893825,0.5693954204921977
20260925,4,16,0.06745552689047468,-1.7624711159141775,0.5676138353212504
20260925,5,16,0.06629923305885647,-1.7495251036244766,0.5703832566132729
20260925,6,16,0.06531986500359774,-1.7450718286482385,0.5719272171216765
20260925,7,16,0.06420027265819075,-1.7496044903180277,0.5663950952381778
20260925,8,16,0.06306211877821884,-1.761337092908116,0.5489390846039041
20260925,9,16,0.06222552965693306,-1.776496404048777,0.5165718753721494
20260925,10,16,0.06199699623792462,-1.790023505216208,0.46862886461642916
20260925,11,16,0.06255967680770609,-1.7963215422365968,0.4069777288727588
20260925,12,16,0.0637495720745001,-1.7895870813653099,0.3366398232157636
20260925,13,16,0.06541959547371923,-1.7654730154841165,0.2652783464417273
20260925,14,16,0.06792235330040408,-1.7226935648706565,0.20084830941224507
20260925,15,16,0.07153434022985652,-1.6620127834423266,0.15187837154394562
20260925,16,16,0.07587797757658729,-1.5862003444838477,0.1288051937531951
20260925,17,16,0.07991789626371361,-1.5017350666865488,0.1421714520478718
20260925,18,16,0.08214458965619473,-1.419645868717444,0.19818605641227854
20260925,19,16,0.08183382645100455,-1.3528970574060755,0.2921623608867459
20260925,20,16,0.08027562670472979,-1.3098733206708184,0.4087694688294362
20260925,21,16,0.0790115336412884,-1.2927400965345903,0.532238142778108
20260925,22,16,0.0784810309582525,-1.3004792836943915,0.649654027051218
20260925,23,16,0.07788513890985588,-1.3304318795222243,0.7477836855094113
20260925,24,16,0.07522345110923769,-1.3775065998131717,0.8100347007517843
20260925,25,16,0.06946327563024081,-1.4311092330297859,0.8227491349848395
20260925,26,16,0.06283076073829823,-1.477360104466108,0.7891284379738425
20260925,27,16,0.05825461860900548,-1.5069376159035652,0.7244461889312099
20260925,28,16,0.057841841250722344,-1.5158423501760148,0.6435216140269964
20260925,29,16,0.06321546613067247,-1.501389699710543,0.5540243262130571
20260925,30,16,0.07363104350180302,-1.4601513997704845,0.45330580004880483
20260925,31,16,0.08739613467867953,-1.390763636282304,0.3423275981563247
20260925,32,16,0.10570320878976948,-1.2948725063140283,0.23109442279372922
20260925,33,16,0.13048162030265717,-1.178306034211667,0.13094226751407023
20260925,34,16,0.1604072326827756,-1.0581258930356578,0.054589912761608225
20260925,35,16,0.19158888674922497,-0.9626500543101852,0.014705195055258857
20260925,36,16,0.22368394208948153,-0.9167249984323349,0.016215156424206678
20260925,37,16,0.2639343094600686,-0.9323290877789364,0.05465824519074067
20260925,38,16,0.32017942637148106,-1.0225596975480826,0.12166868298289965
20260925,39,16,0.3904096048341134,-1.208297738010199,0.20299419023912235
20260925,40,16,0.46278984532981904,-1.4952875251957631,0.27368802073390297
20260925,41,16,0.5267964984067629,-1.8565603496876837,0.30572376827952624
20260925,42,16,0.5831691745057992,-2.246165514628509,0.281388906738121
20260925,43,16,0.6426939060549614,-2.6233785402369785,0.19704235290158506
20260925,44,16,0.7111407546923478,-2.9528105788007517,0.05718157058978193
20260925,45,16,0.7783974355820695,-3.188786074262314,-0.125032027645897
20260925,46,16,0.8306333666478054,-3.2899426219851273,-0.32250101955350485
20260925,47,16,0.8620809218184725,-3.2433098216724034,-0.5005653885550797
20260925,48,16,0.8720513872563926,-3.064739354638296,-0.6282218452226204
20260925,49,16,0.8603448667702025,-2.789517477893286,-0.6853904479040147
20260925,50,16,0.8269476505930584,-2.4640414039704805,-0.6669489283763096
20260925,51,16,0.7731558142546857,-2.136870722675769,-0.5836097686313383
20260925,52,16,0.7060084835882854,-1.8499702026748084,-0.45988376510869206
20260925,53,16,0.6390625907799323,-1.6283600548779298,-0.32642868888023635
20260925,54,16,0.5796728322572741,-1.4756329334497713,-0.2081292697331577
20260925,55,16,0.5231350160072024,-1.3827935142641576,-0.12014314933955197
20260925,56,16,0.46799236433550756,-1.3347276185032584,-0.0700554838484998
20260925,57,16,0.4180567394247093,-1.3121050033269221,-0.056599580861623894
20260925,58,16,0.3738526501732845,-1.2970554429372516,-0.07006899842745853
20260925,59,16,0.3373660921264746,-1.2754741344098677,-0.09640806115426834
20260925,60,16,0.312866514252209,-1.2373834373326316,-0.12186073264160324
20260925,0,17,0.07560638015266892,-1.7645125491908014,0.6511249850679648
20260925,1,17,0.0747264812814967,-1.7566355692308506,0.6093096831835293
20260925,2,17,0.07357644816537204,-1.7339180496036608,0.5767980826462578
20260925,3,17,0.07257388842899538,-1.7062401174321686,0.5548940910680359
20260925,4,17,0.07202386889290399,-1.6823263089892377,0.5414431023909286
20260925,5,17,0.0716800566344438,-1.668080523801859,0.5319954813474348
20260925,6,17,0.07076599140163932,-1.666025936566147,0.5213815932200105
20260925,7,17,0.06870053851398036,-1.6753687903564425,0.5049739328012687
20260925,8,17,0.06577631336702212,-1.6926613378598558,0.4794194141069631
20260925,9,17,0.06274821782808247,-1.7127846383357428,0.4431842225524163
20260925,10,17,0.06029567715251416,-1.7301699304251408,0.3967627250608702
20260925,11,17,0.05895003378108863,-1.7399145278157673,0.34230136231410724
20260925,12,17,0.05908445119731552,-1.7381406815602518,0.2833088047340235
20260925,13,17,0.060787890108362816,-1.7216515303649338,0.22525497383546722
20260925,14,17,0.06364246992243412,-1.6878421638729662,0.1769177615930388
20260925,15,17,0.06686093241844608,-1.6363356839561205,0.14954956541933712
20260925,16,17,0.06957121689091998,-1.5707968318333239,0.15354051604713725
20260925,17,17,0.07124674152625861,-1.4991119052817548,0.19393253340036892
20260925,18,17,0.072103406542908,-1.4310386953369116,0.26787821035175546
20260925,19,17,0.0725515441835507,-1.3751534163755115,0.3673874418906903
20260925,20,17,0.07241627835860677,-1.3379689824374423,0.481778188381385
20260925,21,17,0.07141805369931327,-1.3229645219354493,0.5969433757113887
20260925,22,17,0.06960457794075262,-1.3292174308875584,0.6975027953932311
20260925,23,17,0.06709940177859068,-1.3517739147516423,0.7701259707981323
20260925,24,17,0.0638492342761874,-1.3830538924722975,0.8051800485395687
20260925,25,17,0.05955315457072538,-1.414416044966189,0.7974433978777573
20260925,26,17,0.0542657967879222,-1.43753655895012,0.7486875149646648
20260925,27,17,0.04902457486266343,-1.4462818137256266,0.6698289246505593
20260925,28,17,0.04655271688369492,-1.4369311636013982,0.5794120586298048
20260925,29,17,0.05171491629311342,-1.4038845730613727,0.4940180717928938
20260925,30,17,0.062363600813664856,-1.3449043259810316,0.4043987806757353
20260925,31,17,0.07604648373054179,-1.2625365846839232,0.3105367669052922
20260925,32,17,0.09320100887759197,-1.1621547050180887,0.22320982242880888
20260925,33,17,0.11478818025460076,-1.054165532548076,0.154576471269307
20260925,34,17,0.13945511433050845,-0.9594657121029306,0.11600006105074151
20260925,35,17,0.1647461498869377,-0.9046421266176465,0.11474305469612818
20260925,36,17,0.19209876195753064,-0.9073999051588952,0.14996281384904986
20260925,37,17,0.22777174671360614,-0.9760939700776908,0.21509237490717992
20260925,38,17,0.27609480096665096,-1.123805427285673,0.2993725394533949
20260925,39,17,0.33286956920919714,-1.3641315279151236,0.38214003117306156
20260925,40,17,0.38753945954536434,-1.6875351385586879,0.43327388406876205
20260925,41,17,0.4346811755013994,-2.0561896788265717,0.4277841386360362
20260925,42,17,0.48199950612433073,-2.4297440322657593,0.3572047655310034
20260925,43,17,0.5410114301486246,-2.7804485264464676,0.2224101648179601
20260925,44,17,0.6095804743482766,-3.0714774281975035,0.026501917386102955
20260925,45,17,0.6716477210900477,-3.2495121202975206,-0.21419712613541628
20260925,46,17,0.7131223853289949,-3.276893505542384,-0.4645310840728009
20260925,47,17,0.7321885271814869,-3.1562097515894587,-0.6843221198900816
20260925,48,17,0.7360337563903986,-2.922286827767047,-0.8443052707972987
20260925,49,17,0.7293494277613448,-2.6184418078458416,-0.928931624569904
20260925,50,17,0.7069672149148994,-2.2848268196747252,-0.9314454345820019
20260925,51,17,0.6620927128919006,-1.963280779362024,-0.8573329788543964
20260925,52,17,0.5977033833170675,-1.6931303281654395,-0.7296098725427161
20260925,53,17,0.5282812620242815,-1.496639502102533,-0.5828981146973677
20260925,54,17,0.4690781947257535,-1.3719814764885871,-0.4477106123713238
20260925,55,17,0.4237140702044395,-1.3026937219391281,-0.3393041334862148
20260925,56,17,0.3868842475316855,-1.2700330705081027,-0.2606895222262139
20260925,57,17,0.3534910226396339,-1.2564541344032578,-0.20835210432782064
20260925,58,17,0.319953961290088,-1.2471116883735904,-0.17312489266048892
20260925,59,17,0.2881070428700374,-1.2301614877822753,-0.1435208219498296
20260925,60,17,0.2650172298180505,-1.1965241507937128,-0.10963968411827785
20260925,0,18,0.0774392927486277,-1.7112598883914378,0.6298620343331149
20260925,1,18,0.07702363791234712,-1.6776350903267425,0.5825392710206954
20260925,2,18,0.07654557771989075,-1.6354821188126976,0.5461062136724169
20260925,3,18,0.07662502754174405,-1.5954518688058645,0.5210305201032377
20260925,4,18,0.07779395753857003,-1.566155990738086,0.504223431494849
20260925,5,18,0.07954266446684821,-1.553075685927101,0.49075841745217785
20260925,6,18,0.07963938536914197,-1.5580197959996451,0.4763906241763044
20260925,7,18,0.07595117637242471,-1.5781296447292448,0.4588285750786982
20260925,8,18,0.06988090525567829,-1.607114337584219,0.43584466347326345
20260925,9,18,0.06373821588212115,-1.6377756578209848,0.40590040432012786
20260925,10,18,0.05853296356822046,-1.6634565639194296,0.36992187627630296
20260925,11,18,0.05458902327617019,-1.67907345642517,0.33079318269909264
20260925,12,18,0.053027003551468076,-1.6834871899486143,0.2891066447414847
20260925,13,18,0.055285580463503625,-1.6776784764334778,0.24333379746923361
20260925,14,18,0.059431988466935426,-1.6561652832029532,0.20574744179986204
20260925,15,18,0.06296691419664051,-1.6157285616331867,0.19309493133578048
20260925,16,18,0.06450504570297884,-1.5605783738146541,0.21519946371830512
20260925,17,18,0.06380114456146345,-1.500140758381401,0.271848165803487
20260925,18,18,0.06303233912372644,-1.444310499023115,0.35134035657748913
20260925,19,18,0.06456876663422692,-1.398034101942983,0.4435747568489142
20260925,20,18,0.06615399835232476,-1.3657744328579302,0.5449847856441525
20260925,21,18,0.06559920045677362,-1.3518049056858812,0.6421890289900052
20260925,22,18,0.06296073167669629,-1.3551111054654588,0.7181160785589333
20260925,23,18,0.05926610469913491,-1.3697668937327356,0.7615281535151255
20260925,24,18,0.0562145810202383,-1.3873043402277703,0.7709957721927249
20260925,25,18,0.05407024945520146,-1.4006820197153742,0.7480720339960176
20260925,26,18,0.050510298218070626,-1.4056886323855644,0.6898178937091245
20260925,27,18,0.04510711232411647,-1.399305617532273,0.6035074398838737
20260925,28,18,0.040284382797799265,-1.3800640221947882,0.507623730318981
20260925,29,18,0.047513257753632646,-1.3320816685894874,0.4302568568089946
20260925,30,18,0.05927476286331341,-1.2597527510928161,0.35018910139666404
20260925,31,18,0.07121290048056796,-1.1741968899272692,0.27198452839408793
20260925,32,18,0.08526316324002207,-1.0817206963297208,0.20970870955585916
20260925,33,18,0.10305593241368113,-0.9926705072454781,0.174005913691588
20260925,34,18,0.12212496897458286,-0.9307992245294895,0.17230088415639563
20260925,35,18,0.13884785409785255,-0.9219236323824502,0.20484812224605028
20260925,36,18,0.15594907309094855,-0.9728961770007923,0.264538209080352
20260925,37,18,0.18390228917808502,-1.078751911834278,0.34609315582994965
20260925,38,18,0.22677369293510294,-1.2538608253786947,0.43994126117348953
20260925,39,18,0.2745289153670608,-1.5116183119764912,0.5167484882990034
20260925,40,18,0.3116845597675895,-1.826950534603512,0.538345001144451
20260925,41,18,0.33277741820686196,-2.1465121556901656,0.4850677765326111
20260925,42,18,0.3573528910403984,-2.4432942474700106,0.36927148189468845
20260925,43,18,0.413096034976731,-2.7317330846053363,0.20231707810905408
20260925,44,18,0.4885180838874888,-2.9726546782295116,-0.02757048417566632
20260925,45,18,0.5489402937968907,-3.0839234963327007,-0.3048598015319951
20260925,46,18,0.5731749992406607,-3.026513860236462,-0.5787063250632276
20260925,47,18,0.5644210751920675,-2.8273442786845506,-0.7989019762822501
20260925,48,18,0.5525206685583058,-2.560412892913046,-0.9518759414855674
20260925,49,18,0.5618092512023392,-2.279504722791143,-1.0498133049692049
20260925,50,18,0.5667894526611541,-1.9897070884468484,-1.0727859159370976
20260925,51,18,0.5387011066564648,-1.7172909526758717,-1.0030705313462798
20260925,52,18,0.4767648249534961,-1.5033098330941688,-0.8601529403694184
20260925,53,18,0.4030085181505116,-1.367745460017514,-0.689335640958558
20260925,54,18,0.3500471393884465,-1.2977512253988717,-0.5392520549617087
20260925,55,18,0.32868798143222033,-1.2664703422630803,-0.4275604551738758
20260925,56,18,0.3161066081187016,-1.259398600018371,-0.3389351236729232
20260925,57,18,0.2953901308063543,-1.2654143841750822,-0.2620753524258485
20260925,58,18,0.2630349811106153,-1.2716903180690515,-0.19017221923214178
20260925,59,18,0.22567241603952629,-1.267629537682076,-0.11765257957118389
20260925,60,18,0.20037958370914974,-1.2434062438316624,-0.043997555757442186
20260925,0,19,0.07771543956777519,-1.6276572248861667,0.5679176157681702
20260925,1,19,0.07827694447780763,-1.5677727974543954,0.5241184022992865
20260925,2,19,0.07885724443103038,-1.506827461290682,0.493483975472212
20260925,3,19,0.08012172897533107,-1.4555737947002914,0.4754073633288064
20260925,4,19,0.08331482277597209,-1.4219590880845516,0.4655221963741768
20260925,5,19,0.08862119606145595,-1.4111346948696377,0.4577242070911681
20260925,6,19,0.09211788705815763,-1.4265428815813224,0.44835053766508104
20260925,7,19,0.0853874058440759,-1.4651066744376107,0.44036301899063024
20260925,8,19,0.07481997195265062,-1.5135856674312802,0.4289881049730413
20260925,9,19,0.06518719351855277,-1.5606174562230277,0.411150371878065
20260925,10,19,0.05669067295800914,-1.5976470313670337,0.3897782701186967
20260925,11,19,0.047303213521111234,-1.6158368685796467,0.37497999167718266
20260925,12,19,0.039799709787815024,-1.6169957592222308,0.36560315772815594
20260925,13,19,0.04711807356401437,-1.6299659185427824,0.31556209639003124
20260925,14,19,0.05577772275849521,-1.6254781998319394,0.27496519518635015
20260925,15,19,0.060484596679887204,-1.5958055339579293,0.2690520345030738
20260925,16,19,0.06080441108180025,-1.548925903879894,0.30063702384644075
20260925,17,19,0.055342470926928206,-1.4961165889389685,0.3668158254603113
20260925,18,19,0.04898542105048596,-1.4510827081603994,0.4441835315385045
20260925,19,19,0.0558263696061356,-1.4142205350747277,0.5129423205886934
20260925,20,19,0.06172627557442701,-1.3863680616042233,0.5936779051197154
20260925,21,19,0.06198146462451293,-1.3739437034225739,0.6672760824017822
20260925,22,19,0.05835247832658019,-1.3755593471626335,0.714261628762753
20260925,23,19,0.051694507491305094,-1.3858200547402466,0.7232710520325629
20260925,24,19,0.046090048620730205,-1.3957232556210437,0.7009511213652092
20260925,25,19,0.04959426287446228,-1.394899161540528,0.6744218908569664
20260925,26,19,0.05008180398808726,-1.385939278947947,0.61483159925818
20260925,27,19,0.04740826475141284,-1.3665429925039656,0.5312446275032205
20260925,28,19,0.046248000847532625,-1.3335332705542249,0.44378895535246987
20260925,29,19,0.05376310948677405,-1.2758142379227118,0.36479393174132696
20260925,30,19,0.0677323736592497,-1.192979193408126,0.29077605466855694
20260925,31,19,0.07335941645963488,-1.1207754528996359,0.22935152411372614
20260925,32,19,0.08181076920837874,-1.0500918229757257,0.19403875488265507
20260925,33,19,0.09572945143939571,-0.9864958484177915,0.19052043595209756
20260925,34,19,0.11038003573292304,-0.9568928355575423,0.221533661427866
20260925,35,19,0.1204477931237476,-0.985676100750269,0.27936341696164585
20260925,36,19,0.12749343495990212,-1.0727344017487512,0.3497012935190197
20260925,37,19,0.14698091618042688,-1.1987122320525523,0.434283420476413
20260925,38,19,0.18576045135335825,-1.3787796010302726,0.530853159398078
20260925,39,19,0.2273913924544735,-1.6269380540027332,0.5964299212736234
20260925,40,19,0.2506859383237277,-1.9019324167395029,0.5828822902625995
20260925,41,19,0.2426978073753542,-2.1286666819188245,0.47281387586862683
20260925,42,19,0.23070522468461013,-2.290319473081236,0.3106172678471476
20260925,43,19,0.29069892811399733,-2.5191860337656884,0.1421157178822015
20260925,44,19,0.3791732525227104,-2.719293427455961,-0.09753996169683876
20260925,45,19,0.43927688528814424,-2.765679801430097,-0.3878756403999051
20260925,46,19,0.44609901609155944,-2.6338170895025277,-0.6529062196365281
20260925,47,19,0.39967397433917135,-2.3705705114233844,-0.8224035621380043
20260925,48,19,0.3547635301573272,-2.092414000444624,-0.9087759495294446
20260925,49,19,0.3982161621604212,-1.8823512496220465,-1.0289334312737348
20260925,50,19,0.44082164573757915,-1.6624417624695138,-1.0831924899134802
20260925,51,19,0.43008472073337956,-1.4617790903009813,-1.0146484768401294
20260925,52,19,0.36970701722897437,-1.3288328632875697,-0.8505327315009451
20260925,53,19,0.2847608849779656,-1.276444835345771,-0.6454670278175615
20260925,54,19,0.22803524801057307,-1.2739146435971325,-0.47814242913668137
20260925,55,19,0.24264434648930536,-1.276844592092743,-0.3960244147271629
20260925,56,19,0.2582995403382089,-1.2969738838227718,-0.3202463668552923
20260925,57,19,0.24796850769626902,-1.326396339040725,-0.23518225284000777
20260925,58,19,0.21378403515394828,-1.347846952180245,-0.1443317310625742
20260925,59,19,0.16616969499463422,-1.3524278085610273,-0.04899213761761867
20260925,60,19,0.13474922551741844,-1.3350795815689085,0.040556205376432036
20260925,0,20,0.07584608196197816,-1.520923062796843,0.47523087520386437
20260925,1,20,0.07837653699336293,-1.4379873407661712,0.44439994555583084
20260925,2,20,0.0802747467909566,-1.3614393717107958,0.42965453653723906
20260925,3,20,0.08231971045312308,-1.3026810491755811,0.42952505711270444
20260925,4,20,0.08648418452248081,-1.2680781080924186,0.4381482642060851
20260925,5,20,0.09434876701405534,-1.260726106112703,0.4479924975243741
20260925,6,20,0.10351573618200788,-1.2854055568606437,0.45369553754574904
20260925,7,20,0.09183201745444337,-1.3502408923091294,0.4648911122928636
20260925,8,20,0.07814241405504217,-1.4232812605496012,0.46766633998253365
20260925,9,20,0.06670474483498565,-1.4896829499206417,0.46038792005284
20260925,10,20,0.05603974893305734,-1.5401337782977649,0.44887607351253467
20260925,11,20,0.040260863822975126,-1.560041920133927,0.45240539158648624
20260925,12,20,0.018342428921882974,-1.5333627138551944,0.49723373013634176
20260925,13,20,0.039947417151035614,-1.584268222309146,0.4111207488816522
20260925,14,20,0.054402620739847744,-1.5949867577055592,0.3662337239644247
20260925,15,20,0.06004082195779357,-1.5721963332557616,0.3639735409466102
20260925,16,20,0.05953563013276542,-1.5309687347230392,0.3955347019696047
20260925,17,20,0.04874034889631798,-1.4823143734225617,0.4582679841794628
20260925,18,20,0.028718475125353485,-1.4434193534780004,0.528163358070195
20260925,19,20,0.04914413625726637,-1.4177326595668371,0.5671672875784867
20260925,20,20,0.060038607215821785,-1.396153587936009,0.627096964512676
20260925,21,20,0.06074446321071878,-1.3877454648432046,0.6742325392192947
20260925,22,20,0.05638181285015336,-1.3903620220424247,0.6921037434631478
20260925,23,20,0.04584987161902577,-1.3993335792758905,0.6685481249758894
20260925,24,20,0.02889942693973368,-1.4092499623103765,0.5994128633293023
20260925,25,20,0.045370481536445705,-1.3998855390046068,0.5861708471986202
20260925,26,20,0.05105643441873088,-1.38381066423954,0.5246003735781333
20260925,27,20,0.05152904158172727,-1.3566338238171438,0.44277937757140073
20260925,28,20,0.053855290412415366,-1.314854482237003,0.36020986428760166
20260925,29,20,0.06540939170239102,-1.248742646476815,0.28370290537974374
20260925,30,20,0.09149435841735465,-1.147566048177457,0.21556317383797124
20260925,31,20,0.07870830333908814,-1.1123497133070193,0.18330459675718763
20260925,32,20,0.0808861086808805,-1.0679001643005805,0.1778576478276831
20260925,33,20,0.09163082648096237,-1.029526114191748,0.2038299726961933
20260925,34,20,0.10371704267242766,-1.025197856431755,0.26184143886473277
20260925,35,20,0.11308017907241244,-1.0720342392511475,0.3403163504650623
20260925,36,20,0.11930289728038515,-1.170432285519454,0.4210245936019036
20260925,37,20,0.1291581183068162,-1.3076426208636345,0.4955321460229272
20260925,38,20,0.1607662602171805,-1.4827622888915548,0.5808192507464671
20260925,39,20,0.19577404612608393,-1.704124555896646,0.6260352175170234
20260925,40,20,0.21321516049687902,-1.925789966429044,0.5819140147244374
20260925,41,20,0.19264713799139868,-2.0651613563524065,0.4300200374623776
20260925,42,20,0.1440857785054067,-2.0759563532529017,0.2217830453734565
20260925,43,20,0.22053056934973025,-2.2793643849333654,0.06898586766364193
20260925,44,20,0.3087922469466073,-2.4114580609218104,-0.17534051886922047
20260925,45,20,0.36184904146528224,-2.3840922821771082,-0.4603214176216203
20260925,46,20,0.36293420701164364,-2.210787594802518,-0.699461326049573
20260925,47,20,0.30451990712731225,-1.9466389389094898,-0.8124543093438544
20260925,48,20,0.2249526179539325,-1.6922614346219484,-0.7954420308185581
20260925,49,20,0.3036104877521045,-1.5341342829353657,-0.9529697023031004
20260925,50,20,0.3581243003666167,-1.3624636208369398,-1.0066474372073584
20260925,51,20,0.35315914896214234,-1.236885759993626,-0.9232061425951582
20260925,52,20,0.3001931914378365,-1.191658904531168,-0.748508703212539
20260925,53,20,0.21552061908362766,-1.2227519328136598,-0.5311192350246988
20260925,54,20,0.1413141685514853,-1.2880909130366005,-0.33956457280717334
20260925,55,20,0.1917295652017059,-1.315170481893884,-0.3019971899746059
20260925,56,20,0.22048397923648996,-1.3687125285003308,-0.23662224289626857
20260925,57,20,0.2145429721015517,-1.4220222602790322,-0.15459081214793408
20260925,58,20,0.18272015185178625,-1.450771129369382,-0.06757019856485566
20260925,59,20,0.1325398688789802,-1.447719096505457,0.02325669702152003
20260925,60,20,0.09074305758293524,-1.4231091632282304,0.10905727961684065
20260925,0,21,0.07897810429981324,-1.4047315930994244,0.3648893765192903
20260925,1,21,0.0801531473301683,-1.3021594059573605,0.35589289278502817
20260925,2,21,0.08161869695791392,-1.2163259359171317,0.3673571005548921
20260925,3,21,0.08329657703851939,-1.157426773540938,0.3956773864107265
20260925,4,21,0.0863431927695786,-1.130146727322158,0.4336158631224454
20260925,5,21,0.09109569680882733,-1.1365540779099443,0.4735617224380804
20260925,6,21,0.09416481119230886,-1.1804177143551977,0.5094813613106972
20260925,7,21,0.08803733831981399,-1.2602647563624974,0.536814312596939
20260925,8,21,0.0779422134252735,-1.350535155885685,0.5495519832575892
20260925,9,21,0.06810869889598936,-1.4322551687129579,0.5479636172156531
20260925,10,21,0.05882209797376665,-1.4952241419534884,0.537064664935302
20260925,11,21,0.048279481925686527,-1.531974507403636,0.525504887612945
20260925,12,21,0.040232813034991606,-1.545514540836534,0.5157157840075677
20260925,13,21,0.04814923204716666,-1.5631968453921519,0.4872585797376671
20260925,14,21,0.057351771140261576,-1.5633342237416956,0.46638982009324864
20260925,15,21,0.062032823956638145,-1.5403084368440658,0.46743502023811256
20260925,16,21,0.062081592903658035,-1.502951493969843,0.49044921664745933
20260925,17,21,0.05646571741127969,-1.4621222949058013,0.5297504867029437
20260925,18,21,0.05004942814024969,-1.4294464497653063,0.5711053976123213
20260925,19,21,0.056766539292998165,-1.4072357510385143,0.6106645609846646
20260925,20,21,0.06219258737734639,-1.3947191351181931,0.647680494513114
20260925,21,21,0.061900997115587726,-1.3941167304580113,0.6663959954082123
20260925,22,21,0.057872210437602434,-1.4019918285112842,0.6581949117566297
20260925,23,21,0.051075315538300824,-1.4121890005222655,0.6212939424669508
20260925,24,21,0.045401740537838825,-1.418498775952898,0.5648216749572488
20260925,25,21,0.049550374043819144,-1.4167630197983436,0.5033234824915158
20260925,26,21,0.05298681560439372,-1.4033346009386727,0.4265956410266162
20260925,27,21,0.05488091275040887,-1.3764124488013103,0.34393997752517463
20260925,28,21,0.058328533849473056,-1.3357064455424332,0.265608133050078
20260925,29,21,0.06611922152664008,-1.2803832896100726,0.1980060454729599
20260925,30,21,0.07551986027440996,-1.2166367273542587,0.1517596384722857
20260925,31,21,0.07630766097016578,-1.1694790457212185,0.14203934106979998
20260925,32,21,0.08025560595026848,-1.1337359101428193,0.16198997157440795
20260925,33,21,0.08914975356056794,-1.1145423228883509,0.21195216955799256
20260925,34,21,0.09937349585322754,-1.1276780123610057,0.28896095598011184
20260925,35,21,0.10814570815598319,-1.183161926923366,0.3792593802277635
20260925,36,21,0.11516145658708833,-1.2794442627203821,0.46423210836117224
20260925,37,21,0.1255495131469361,-1.4070253159869883,0.5347513188443747
20260925,38,21,0.14822788961971584,-1.563828891813234,0.5932265900818373
20260925,39,21,0.17506386929266754,-1.742574803253826,0.6066832023248542
20260925,40,21,0.19319399047784597,-1.9077514578158388,0.5409451024790262
20260925,41,21,0.19277141331563288,-2.0127076775536414,0.3911488582500213
20260925,42,21,0.18710859577112116,-2.053113270004716,0.19785308316796643
20260925,43,21,0.222244987324249,-2.098101292757921,-0.008728520582625708
20260925,44,21,0.2745323157934437,-2.09052415858591,-0.25848690731025314
20260925,45,21,0.31173953152810796,-1.983968633889451,-0.5180232602807726
20260925,46,21,0.31817500308750785,-1.7955087923084034,-0.7246123516401926
20260925,47,21,0.29449810925169,-1.5782071836601208,-0.8334294717724252
20260925,48,21,0.2715842531148111,-1.3860062152595232,-0.8664441681949345
20260925,49,21,0.29270025724361654,-1.2243240192707008,-0.8974147574141491
20260925,50,21,0.31242241277038235,-1.1041680579182134,-0.8664351159377
20260925,51,21,0.3024519861231365,-1.058588241809644,-0.7512597257480266
20260925,52,21,0.2652514844670868,-1.0921363329572558,-0.5849006149631768
20260925,53,21,0.21568233754401692,-1.1793247923715622,-0.4116885716468414
20260925,54,21,0.1830490118118483,-1.2785839401686034,-0.27449778722398377
20260925,55,21,0.19185561207364135,-1.3714649308877451,-0.18705143199482135
20260925,56,21,0.20061152381666897,-1.4652050141460449,-0.11203332811478522
20260925,57,21,0.1925864845625378,-1.5375524778364744,-0.043195196603708075
20260925,58,21,0.16938639855266469,-1.568955707491339,0.020713600437420404
20260925,59,21,0.13825537443439564,-1.5567279303907755,0.08374009498337506
20260925,60,21,0.1176935694169239,-1.5175614880032284,0.14853429023564835
20260925,0,22,0.08303892640379351,-1.2851347413983125,0.24796006467419807
20260925,1,22,0.08313055993063473,-1.1728012093244415,0.2713831523682845
20260925,2,22,0.08336468767143537,-1.0879247420766103,0.31873878901092956
20260925,3,22,0.08364879568450947,-1.0389719799447288,0.3835785480069427
20260925,4,22,0.08450473990923509,-1.028502371784943,0.4566772365944281
20260925,5,22,0.08576330046643649,-1.055859308818713,0.528855826282672
20260925,6,22,0.08561913727064639,-1.118778822518971,0.5913976878710152
20260925,7,22,0.08208602576014024,-1.2080768149445897,0.6361324911494434
20260925,8,22,0.07603057268636755,-1.3052640308348895,0.6589235278140957
20260925,9,22,0.06943355492372527,-1.3931948297439207,0.6616171974285026
20260925,10,22,0.0633512484682161,-1.4616019333482935,0.6496640858414321
20260925,11,22,0.058319894226121535,-1.506168544485287,0.6297464402234701
20260925,12,22,0.056138046748183776,-1.5286912319118888,0.6077400243762291
20260925,13,22,0.05853551133748245,-1.5341183535646223,0.5873511322481759
20260925,14,22,0.06280718880216868,-1.5223085120326223,0.5735927506572934
20260925,15,22,0.06595861890104018,-1.4948601661525267,0.5716737976918537
20260925,16,22,0.06687492614993575,-1.4590234727248943,0.5827566532354304
20260925,17,22,0.06577404413771498,-1.424251060280204,0.6031327465957632
20260925,18,22,0.06480400668391581,-1.3981583142064269,0.6264002034349346
20260925,19,22,0.06589617795551651,-1.3841891133347903,0.6468556554588822
20260925,20,22,0.06663294526623373,-1.3837909951162843,0.6567835078891845
20260925,21,22,0.06498303789229641,-1.395681353391864,0.6475524063731253
20260925,22,22,0.061290309156926175,-1.4146648131526542,0.6152735352845449
20260925,23,22,0.0569994401201865,-1.4339627432432376,0.5619556135949496
20260925,24,22,0.05417541543122683,-1.4480495992587923,0.49331471162849744
20260925,25,22,0.05398939511377014,-1.4533252324993362,0.4144613088617758
20260925,26,22,0.0552292911970591,-1.446523838496876,0.33034078905846564
20260925,27,22,0.05727192037233999,-1.4260585449148389,0.24862034716949744
20260925,28,22,0.06049124343761285,-1.3928179444647462,0.17748717501873118
20260925,29,22,0.06511555225013443,-1.3498170621795729,0.12497806313672763
20260925,30,22,0.0699993589897463,-1.3033495824962813,0.0999747309185888
20260925,31,22,0.07420144182692077,-1.2628228439175606,0.10772060002435417
20260925,32,22,0.07965247615297674,-1.2356037736694103,0.1461724663642628
20260925,33,22,0.08721530339665731,-1.228853507575468,0.21203581272011818
20260925,34,22,0.09564474962220167,-1.2506309444157435,0.2979372207076972
20260925,35,22,0.10356417812413636,-1.3049729297431147,0.38928954494116186
20260925,36,22,0.11133412578193333,-1.3887456377156755,0.469407809277813
20260925,37,22,0.12194590646036992,-1.4947732816882628,0.5274741729969132
20260925,38,22,0.13807761340126057,-1.615995408167839,0.5547913649515225
20260925,39,22,0.1576310497308761,-1.7392225481596804,0.5340086383779433
20260925,40,22,0.17554301825209165,-1.8408130231786723,0.44895506513912053
20260925,41,22,0.18826810975019945,-1.8964437938381746,0.3005865660543154
20260925,42,22,0.20010750909619865,-1.898005391592086,0.10926177401902645
20260925,43,22,0.22075252722450578,-1.850368705861444,-0.10642129800227204
20260925,44,22,0.24854783761770818,-1.747389068777788,-0.3346281371749343
20260925,45,22,0.27194900459580906,-1.5877845503207866,-0.5466643482536366
20260925,46,22,0.281937011854153,-1.39511407371711,-0.7036090988610224
20260925,47,22,0.27949227304106194,-1.2074247124860555,-0.7828900006304415
20260925,48,22,0.2751895892108144,-1.0535791613560852,-0.7914189741908316
20260925,49,22,0.2762036246071403,-0.9475679596908524,-0.745269376427782
20260925,50,22,0.27456613559060195,-0.9064525058143439,-0.6469966313375994
20260925,51,22,0.26144402746347106,-0.9417836239743547,-0.5073356362561834
20260925,52,22,0.23790706845979182,-1.0419710988516364,-0.35347618644688095
20260925,53,22,0.21246633197038953,-1.1778591399469713,-0.21330144446616775
20260925,54,22,0.19516296597436086,-1.3212746389815058,-0.10196118315560725
20260925,55,22,0.1883307530491275,-1.457730354485334,-0.01964745814792109
20260925,56,22,0.1835289761394786,-1.5751565324056056,0.039034819076491506
20260925,57,22,0.1741411847612059,-1.6557974619153462,0.07964989473137668
20260925,58,22,0.15947932360438874,-1.6876872769126618,0.11041317985740268
20260925,59,22,0.1434231668174557,-1.6728982550684144,0.14112954168809003
20260925,60,22,0.13281838910109425,-1.6253304574352672,0.1802504268857279
20260925,0,23,0.0884696491343807,-1.1742474473929145,0.1394736781942993
20260925,1,23,0.0874100653833095,-1.0633020966870754,0.20384659806376776
20260925,2,23,0.08581731478054834,-0.9907424928604294,0.2938848584553154
20260925,3,23,0.0839931982460108,-0.9615722150002705,0.39873229880570815
20260925,4,23,0.08247481412651507,-0.9740725293269384,0.5063457906955969
20260925,5,23,0.08133238640535305,-1.022740858925756,0.6060048026535921
20260925,6,23,0.07994075152043432,-1.0997666307951033,0.6885495604881239
20260925,7,23,0.07759498395250848,-1.1936713617939245,0.746868866932178
20260925,8,23,0.07427504113784823,-1.289776334669305,0.778060800311611
20260925,9,23,0.0706011616411884,-1.3743835987863602,0.7844984095291797
20260925,10,23,0.06734313624426458,-1.4383869412432595,0.7723264108612622
20260925,11,23,0.06515180604007492,-1.477986862936576,0.7490968622281574
20260925,12,23,0.0646194302427764,-1.4936400873636173,0.7220387708379639
20260925,13,23,0.0659380970240209,-1.488230829991729,0.6969056565273544
20260925,14,23,0.06833559636082634,-1.465771261697386,0.6777837050065136
20260925,15,23,0.07060823824225285,-1.4323265831866945,0.6672189120971143
20260925,16,23,0.07198755394506534,-1.3963639860742205,0.6653199054086606
20260925,17,23,0.07249434979532937,-1.3667268809722652,0.6691572795047007
20260925,18,23,0.07268799817575214,-1.3500774369951818,0.6734678321394303
20260925,19,23,0.07273563173704312,-1.3499181096246655,0.6716482626086053
20260925,20,23,0.07185210933639209,-1.3665595184543886,0.6565553295215583
20260925,21,23,0.06927916721136934,-1.3963607857044802,0.6227677160083182
20260925,22,23,0.06528835726479455,-1.4322000665127026,0.5692352384356244
20260925,23,23,0.06109345768147054,-1.466293072610839,0.49938471701731885
20260925,24,23,0.05802683657602233,-1.4929098066314705,0.41865595402212097
20260925,25,23,0.05678429142923893,-1.5087018236393543,0.332478367283259
20260925,26,23,0.057336743666078084,-1.5116443179629087,0.24662260563084495
20260925,27,23,0.059292826743573133,-1.500821177170387,0.16824894659393475
20260925,28,23,0.06224447049893124,-1.477219652282819,0.10562095535311836
20260925,29,23,0.06583713315947662,-1.4443509076289303,0.06670651451060994
20260925,30,23,0.06972772278694721,-1.408212054851222,0.0573874810304717
20260925,31,23,0.07398213066372841,-1.3764311539066747,0.0792230997768115
20260925,32,23,0.07914826347769348,-1.3565452476902597,0.1293069063021151
20260925,33,23,0.08535821500751274,-1.3549526135227221,0.20159943908488137
20260925,34,23,0.0919932674373427,-1.375999671891367,0.28583066652037614
20260925,35,23,0.0985095959656047,-1.4200890726570912,0.36736861333256843
20260925,36,23,0.1053592179865058,-1.482906754748575,0.4312567734519668
20260925,37,23,0.11395741955285615,-1.5569314742128495,0.4661528335525176
20260925,38,23,0.12550465126864635,-1.6325089783349411,0.46333305783067563
20260925,39,23,0.13965673375541415,-1.6965325600047145,0.41419287017740086
20260925,40,23,0.15448649254819233,-1.732441707178192,0.31346716033755967
20260925,41,23,0.16827393468716165,-1.7254375421564767,0.16614203776008835
20260925,42,23,0.18189368144472018,-1.668919241669741,-0.011907675141817429
20260925,43,23,0.1978768021047772,-1.5636853988858086,-0.20167285498698678
20260925,44,23,0.2159687252203774,-1.4147335838822526,-0.38331868955484016
20260925,45,23,0.23148014162009134,-1.2364774245358592,-0.5314177223507563
20260925,46,23,0.23968198170933566,-1.0566094915173025,-0.620408450014196
20260925,47,23,0.2409085177333207,-0.9057610628706904,-0.6390791620273224
20260925,48,23,0.2392645427098176,-0.8049576241300659,-0.5936485109765923
20260925,49,23,0.23688060956474816,-0.7665444916197658,-0.49752362584923027
20260925,50,23,0.23150987004614784,-0.7989251805059153,-0.36583850152760594
20260925,51,23,0.22031036102613194,-0.9003321052704115,-0.21881761796259555
20260925,52,23,0.20445527068757705,-1.051987004152065,-0.07995900117965941
20260925,53,23,0.18854632158232698,-1.2258734032483134,0.03336250912907179
20260925,54,23,0.17641880328252074,-1.3982737918961965,0.11468972667948224
20260925,55,23,0.168350747478602,-1.5530419050366793,0.16483563230187195
20260925,56,23,0.16178346799174123,-1.676073118557452,0.18768967355605043
20260925,57,23,0.1540492290172665,-1.7540277878271766,0.19030196099507196
20260925,58,23,0.1443900565653967,-1.780011996819546,0.1833708943141044
20260925,59,23,0.13454293026910139,-1.7583736612757952,0.1788352836787571
20260925,60,23,0.12736287159111667,-1.7017086274525242,0.18611625209100774
20260925,0,24,0.09632941609143059,-1.082968921475285,0.05279863359540443
20260925,1,24,0.09366546596503704,-0.9849555192848285,0.16400658989437866
20260925,2,24,0.08931707231419615,-0.9358351204563145,0.2995537401330075
20260925,3,24,0.08460622105310514,-0.9342121385177696,0.44224048616259953
20260925,4,24,0.08047525208595897,-0.9721972296582377,0.5776486497635785
20260925,5,24,0.07731265411504264,-1.0393163758883859,0.6954144407712864
20260925,6,24,0.07524677310055194,-1.1240772647616075,0.7888684391670706
20260925,7,24,0.07402059387888676,-1.2153508845426415,0.8542400588004458
20260925,8,24,0.07283260216543501,-1.302534090808729,0.8896591304659904
20260925,9,24,0.07135033817364198,-1.3750175244231575,0.8970469819667362
20260925,10,24,0.0699655376596637,-1.4250134023371432,0.8827722440603192
20260925,11,24,0.06915339766721888,-1.4494351355767503,0.8550379469081224
20260925,12,24,0.06928687894487652,-1.4493625012828657,0.8218135228166108
20260925,13,24,0.07057175524480162,-1.4289252607765335,0.7896097503340661
20260925,14,24,0.07263625415197125,-1.3944656306504315,0.7625693226891566
20260925,15,24,0.07473946040261185,-1.3544528608919524,0.7425423151672584
20260925,16,24,0.07628235654845761,-1.3186803625948493,0.7289337409204325
20260925,17,24,0.07718790852670933,-1.2960625604974736,0.7186296239376321
20260925,18,24,0.07781899094653598,-1.2924943832801197,0.7065641287656851
20260925,19,24,0.0781315154381893,-1.3104333566125916,0.686403225199692
20260925,20,24,0.07715296290527919,-1.3487186844639187,0.6517163401697325
20260925,21,24,0.07408469341904086,-1.401268721409471,0.5988144204054189
20260925,22,24,0.06928938662863451,-1.4582085071474784,0.5288634364644378
20260925,23,24,0.06424064492985088,-1.5100520231162278,0.44691994002622243
20260925,24,24,0.060575429191398904,-1.5511945189002712,0.3587479140931769
20260925,25,24,0.05903586321515426,-1.5793569891216368,0.2692760814925745
20260925,26,24,0.05947502532110686,-1.5933355065661592,0.18392060312704522
20260925,27,24,0.06140502695563083,-1.5925778667664223,0.10965321939160472
20260925,28,24,0.06420800191887223,-1.5779555324046797,0.05456785731590613
20260925,29,24,0.06730037392818757,-1.5527400676517717,0.025896259046423675
20260925,30,24,0.07046576478670166,-1.5228624126360455,0.027186018838043252
20260925,31,24,0.07407934762836313,-1.4956856248481698,0.056981790169579855
20260925,32,24,0.07851297660088649,-1.4778721484003354,0.11039418993007782
20260925,33,24,0.08353609336407766,-1.47415280360431,0.17964044593252315
20260925,34,24,0.088497015692055,-1.4865002169623291,0.25304502521032585
20260925,35,24,0.0930415199345648,-1.5132567424375176,0.31626098835452615
20260925,36,24,0.09773519271834738,-1.5492776832777595,0.3564112405716652
20260925,37,24,0.10384641504711313,-1.587102215602207,0.36503191955508635
20260925,38,24,0.1122469021568881,-1.617348708768073,0.33683844000008617
20260925,39,24,0.12262796500430825,-1.6284722232942543,0.26845554663669924
20260925,40,24,0.13349865688928061,-1.6082708392110674,0.16093750726146386
20260925,41,24,0.14339741201065628,-1.5483649473612493,0.02383316939910294
20260925,42,24,0.1532544625667319,-1.4479756947588691,-0.125931545516208
20260925,43,24,0.1655898349515191,-1.3113319175220153,-0.2710693195870709
20260925,44,24,0.17985869147243652,-1.1471050378961423,-0.39384493864169073
20260925,45,24,0.19107796655412712,-0.9758795551087485,-0.4720958365501087
20260925,46,24,0.1947109278450557,-0.8289628979707558,-0.4878886553001908
20260925,47,24,0.19196350793427056,-0.7315232858016503,-0.44075946097312996
20260925,48,24,0.18886731597849057,-0.6905141155842993,-0.34584828680064783
20260925,49,24,0.18873215402643592,-0.706575805673625,-0.21919405320696966
20260925,50,24,0.18767284974357634,-0.7869698466680579,-0.07494404080489896
20260925,51,24,0.18097072333311404,-0.9296294076590594,0.06625348474597469
20260925,52,24,0.1691947867597974,-1.1118048533738518,0.18268402555185706
20260925,53,24,0.15671172203794628,-1.303214272738244,0.26294141861015563
20260925,54,24,0.1475972594401396,-1.4815609607340818,0.3071609942785115
20260925,55,24,0.1426135804070553,-1.6342968067562622,0.3196229152007533
20260925,56,24,0.13905797688009175,-1.7499350649402698,0.30420562394885975
20260925,57,24,0.1339539379216859,-1.8163982229568405,0.2680967117209324
20260925,58,24,0.1260672264405306,-1.828196706999439,0.22367985759899783
20260925,59,24,0.11675686668481507,-1.7922632661454962,0.1851896845462828
20260925,60,24,0.10978945849841151,-1.726029344913302,0.1629490148022757
20260925,0,25,0.10715066741917685,-1.0217292932020081,0.0010313847527535502
20260925,1,25,0.10217970850869383,-0.9476841539422984,0.1608677652242026
20260925,2,25,0.09373880309299863,-0.9312892418623895,0.339076072863185
20260925,3,25,0.08531298009702422,-0.9609430912483223,0.5107513904801891
20260925,4,25,0.07814288787036013,-1.022872334882277,0.6614297217186645
20260925,5,25,0.07252590087588281,-1.1035912129465255,0.7832612325899881
20260925,6,25,0.06951769286129666,-1.1889516976755878,0.8751094465523719
20260925,7,25,0.07007201284887335,-1.2689178160530976,0.9408308863360295
20260925,8,25,0.07126405374580397,-1.3394357837905304,0.9761505756229416
20260925,9,25,0.07148674916309954,-1.392141991772204,0.9800655990047265
20260925,10,25,0.07092358114806303,-1.4202284538929177,0.9592879409995818
20260925,11,25,0.0696778889046439,-1.4221546089328918,0.922578344051471
20260925,12,25,0.06910382827228172,-1.401265576306217,0.8811688479011422
20260925,13,25,0.07160281139237151,-1.3631267652589751,0.8450011671393034
20260925,14,25,0.07505280106296665,-1.3154467524092006,0.814045255100066
20260925,15,25,0.07772797691034396,-1.2692513695089225,0.7884423018784927
20260925,16,25,0.07919142501909204,-1.2359270768353612,0.767492794287953
20260925,17,25,0.07943527906821078,-1.224388722533094,0.7478507916571792
20260925,18,25,0.07990628656860653,-1.2377615059783749,0.7253696603199365
20260925,19,25,0.08185107971925111,-1.2756766821308083,0.6948687631077666
20260925,20,25,0.08212669409292293,-1.3380056620847858,0.6484366618028204
20260925,21,25,0.0788901775430649,-1.4160340455023368,0.5831302028026071
20260925,22,25,0.07265362730567668,-1.4953492134745723,0.5025884273209154
20260925,23,25,0.06545594589078424,-1.563418192116584,0.41426272402453473
20260925,24,25,0.060619606557045895,-1.6164418069471915,0.3238854124536269
20260925,25,25,0.05986203749228761,-1.6568648643332777,0.2331367355344096
20260925,26,25,0.06121364107927807,-1.6819676230790528,0.14788313110835047
20260925,27,25,0.06348605744826935,-1.6896265767412597,0.07647175043815407
20260925,28,25,0.06617014923913887,-1.6808110157815634,0.026599483688849068
20260925,29,25,0.06848786557513616,-1.6584774021632698,0.004642222372439553
20260925,30,25,0.07040845820946776,-1.6291223172709577,0.011450987643111366
20260925,31,25,0.07347700286620096,-1.6017222611231172,0.04133445784259793
20260925,32,25,0.07768041489398417,-1.5813596271349624,0.08921218673729518
20260925,33,25,0.08203456461830415,-1.5705563074804907,0.1472804231545667
20260925,34,25,0.08578645137421499,-1.56974818313798,0.20351167458099984
20260925,35,25,0.08876492458237085,-1.5764682236879302,0.24470035958423572
20260925,36,25,0.0915232177202799,-1.5855514366021766,0.26039354247609625
20260925,37,25,0.09534085157602137,-1.5902695981378088,0.2452455908889531
20260925,38,25,0.10155876633312107,-1.5828013262614675,0.19812225528976146
20260925,39,25,0.1094886454401746,-1.5532773691244548,0.11959430156584606
20260925,40,25,0.11737682670945332,-1.4932099830338574,0.015276613242522443
20260925,41,25,0.12366442872322096,-1.399872399771828,-0.10173288768506446
20260925,42,25,0.12925468453256334,-1.2774645212781868,-0.2142957971150037
20260925,43,25,0.13734825369562048,-1.1320796117099352,-0.3082870487804706
20260925,44,25,0.14894809526504255,-0.9719302528056638,-0.3710603529856362
20260925,45,25,0.15729580359494935,-0.8228340190372763,-0.38356122650125846
20260925,46,25,0.1560643877670089,-0.7214634137613352,-0.3349076078266464
20260925,47,25,0.14721024131956367,-0.6863108163537799,-0.23624685375968635
20260925,48,25,0.14139933804775626,-0.700513456552268,-0.11039296587415152
20260925,49,25,0.14581171137465,-0.7466459685225774,0.03179546584711768
20260925,50,25,0.15165354074270432,-0.8466277567904372,0.18083432424500223
20260925,51,25,0.14973085792424773,-1.0069633480741649,0.3104727708175213
20260925,52,25,0.1403860884193362,-1.1991508801814348,0.39804337981121274
20260925,53,25,0.12872311968616262,-1.3884955758556536,0.43864808731676364
20260925,54,25,0.12116903677234646,-1.5543509722595015,0.4436221421276077
20260925,55,25,0.12076163531914684,-1.6927871494321398,0.42418507789552173
20260925,56,25,0.1213004553731416,-1.7936310467714516,0.37634117923011234
20260925,57,25,0.11822144803694293,-1.8422975490848392,0.30557132849343727
20260925,58,25,0.10965718822598851,-1.8331714650660085,0.22785929354595721
20260925,59,25,0.09622200192198682,-1.775204053298562,0.16236887084963147
20260925,60,25,0.08596770198011663,-1.6982822210518678,0.1216882705452218
20260925,0,26,0.12420161915149165,-0.9949682847424568,-0.009361773542139518
20260925,1,26,0.11251773276770609,-0.9602333084942709,0.20126336875803807
20260925,2,26,0.0977797467500928,-0.9828242520979009,0.4116125606253137
20260925,3,26,0.0856925576237958,-1.0399015299026315,0.5961845565467931
20260925,4,26,0.07568434936033751,-1.1181474738307606,0.7457356036819955
20260925,5,26,0.06620099663332454,-1.2059952793598554,0.8531724826862974
20260925,6,26,0.05885946554031732,-1.2873156828015104,0.9210900092152552
20260925,7,26,0.06471040128724372,-1.3458814821623386,0.9894207652538883
20260925,8,26,0.06961010062752995,-1.3940124880964246,1.0236072334079616
20260925,9,26,0.07120723925027073,-1.4215446111858578,1.0193047871384526
20260925,10,26,0.07054634667438747,-1.4226971377548463,0.987461027334701
20260925,11,26,0.0654960168200518,-1.3997942929434912,0.9339543831998824
20260925,12,26,0.058037631035004054,-1.3620673775829093,0.8748423811832344
20260925,13,26,0.06768896930513321,-1.3035061061404647,0.8511627768756864
20260925,14,26,0.07589531155374803,-1.2397398878430546,0.8264419311080748
20260925,15,26,0.07986303064099094,-1.188416874980395,0.8021705940427722
20260925,16,26,0.08116614481977538,-1.160993722826277,0.7808946350225285
20260925,17,26,0.07888665076609358,-1.1674060267853064,0.7578977845316488
20260925,18,26,0.07462842017954255,-1.206654604616862,0.7290346487698398
20260925,19,26,0.08398293007474252,-1.2566224540938364,0.7021212185046478
20260925,20,26,0.08704733999723901,-1.342254913409426,0.6528806824423634
20260925,21,26,0.08362689641819775,-1.4454999328552753,0.5818587696942751
20260925,22,26,0.07535688080092817,-1.5445323368242905,0.49609144016741336
20260925,23,26,0.06327775471428869,-1.6200614190097218,0.40699589992362206
20260925,24,26,0.053333115587670496,-1.6692122227639978,0.32320845717438484
20260925,25,26,0.05769659361912541,-1.7266038043041856,0.22871219313247068
20260925,26,26,0.06218266674258003,-1.764642676804983,0.13997262304611546
20260925,27,26,0.0652720607125377,-1.777424509160527,0.06898406132445678
20260925,28,26,0.06770070500112042,-1.7689587306000691,0.02156106583709866
20260925,29,26,0.06814361178035522,-1.7414692845764141,0.00396027686349093
20260925,30,26,0.06640613653629274,-1.702554075137154,0.014531176499433224
20260925,31,26,0.07139787039955442,-1.6761910702378218,0.03290992601238185
20260925,32,26,0.07696606574690129,-1.6529436011884433,0.0666917247463914
20260925,33,26,0.08121642203892616,-1.6336093213133407,0.10782825305011974
20260925,34,26,0.08437667445545663,-1.6196851252013071,0.1434491640515529
20260925,35,26,0.08753832042573644,-1.6098637382825742,0.1624417722105783
20260925,36,26,0.09136036517141245,-1.5991980709901525,0.15738531757732588
20260925,37,26,0.09107977075349392,-1.576441315498482,0.12287689562144333
20260925,38,26,0.09484433739606447,-1.541437442626767,0.06323202826051783
20260925,39,26,0.1010741105492566,-1.485052498482381,-0.017834642688617272
20260925,40,26,0.10777854876775281,-1.4014002289353213,-0.11167583406237194
20260925,41,26,0.11587666193110056,-1.2895722397536584,-0.20606749294363144
20260925,42,26,0.12538748750554687,-1.1526325025866129,-0.2866082774242627
20260925,43,26,0.12324578577998481,-1.019948251749102,-0.3236780810059222
20260925,44,26,0.12877109903161088,-0.8818519639884896,-0.3269541137787722
20260925,45,26,0.1341978059842459,-0.7632647363018026,-0.2822385201998988
20260925,46,26,0.1300823519455693,-0.7060244624160438,-0.18530650338330765
20260925,47,26,0.11743990363360084,-0.7238909693433973,-0.05694735146896217
20260925,48,26,0.10851536956252013,-0.7827920789375464,0.08008004655856671
20260925,49,26,0.11745382362171214,-0.8397610782369681,0.23279099253786328
20260925,50,26,0.1282230918958941,-0.9456594251776849,0.38664284743873106
20260925,51,26,0.12942551854924866,-1.1095585461608493,0.5023236916173913
20260925,52,26,0.12196236744549455,-1.2963523234900842,0.558731638033996
20260925,53,26,0.10902465863128251,-1.4696879739632283,0.5537979048166333
20260925,54,26,0.0968516214532248,-1.6068294596352979,0.5076693263982375
20260925,55,26,0.10623022788178933,-1.72971978418456,0.4780965416784806
20260925,56,26,0.11121380485716317,-1.812235598410681,0.405509090903159
20260925,57,26,0.10910568775748049,-1.8384721962538761,0.304980460221345
20260925,58,26,0.09879730880175286,-1.806384827088197,0.20135097929469786
20260925,59,26,0.0757241910160498,-1.7193555315614195,0.1213034410512738
20260925,60,26,0.05166324450758796,-1.6195764602179346,0.08712599582533777
20260925,0,27,0.13050881752960775,-1.038272259798783,0.06033756487013614
20260925,1,27,0.11517018890674728,-1.0418911298996694,0.2939672337901488
20260925,2,27,0.09836494789496668,-1.0909429517635292,0.508926020916238
20260925,3,27,0.08532688762145522,-1.1622678956260897,0.6863560995247147
20260925,4,27,0.07469399200728152,-1.2435488433921071,0.8208282413366612
20260925,5,27,0.06416338458555676,-1.3240435733850662,0.9064682859263243
20260925,6,27,0.05438076392572612,-1.3906268412812859,0.9459577410852782
20260925,7,27,0.06292090290103311,-1.4333433797288664,1.0063460423647137
20260925,8,27,0.06892329172137597,-1.4592572630948228,1.026690262360216
20260925,9,27,0.07096049910451976,-1.45907780661776,1.008081314580599
20260925,10,27,0.07043662854549998,-1.4315645821478344,0.96516000878292
20260925,11,27,0.06396073961622592,-1.3846092951189202,0.90311652394096
20260925,12,27,0.05189602130207864,-1.3355710826672864,0.8358294313179723
20260925,13,27,0.06649661317063885,-1.254556009249579,0.8217630097177588
20260925,14,27,0.07704297570794459,-1.1768944931060465,0.8039267303369935
20260925,15,27,0.08187916642141557,-1.1239159946138468,0.7874372590852035
20260925,16,27,0.083744626708676,-1.1047117583140973,0.7747543418109057
20260925,17,27,0.08155221890479372,-1.1281672529500346,0.7595025184120706
20260925,18,27,0.07401137085894839,-1.1944231142392365,0.7333666046850201
20260925,19,27,0.09053405486889042,-1.2562409459611057,0.7173963593150701
20260925,20,27,0.09224184447749245,-1.367786893359983,0.6691479836561544
20260925,21,27,0.08806893047245475,-1.4923313431632934,0.5978089684131568
20260925,22,27,0.07877439332484316,-1.605474140759211,0.5105424278698357
20260925,23,27,0.0638914532728351,-1.6832976256063301,0.42048272215919136
20260925,24,27,0.04930218198436452,-1.7202749255131884,0.3409180287374617
20260925,25,27,0.057699587094855016,-1.7905524023200177,0.2438621038373001
20260925,26,27,0.06373883676952737,-1.832534101160491,0.15389725970785303
20260925,27,27,0.0670135988002277,-1.8424343169730386,0.08292061247069699
20260925,28,27,0.06900348368327879,-1.8276945175820023,0.035292495190398065
20260925,29,27,0.06826325459102191,-1.7911843050822625,0.01629111653741605
20260925,30,27,0.06404911645917231,-1.740442389697154,0.02407513295483063
20260925,31,27,0.07106865895262125,-1.713669321485889,0.02746260421883065
20260925,32,27,0.07730603149174334,-1.685648843433441,0.044699229131399426
20260925,33,27,0.08130623497835422,-1.6585408519383913,0.06660650038984088
20260925,34,27,0.08400088906877,-1.634937242986934,0.08085031452827188
20260925,35,27,0.08722226074483345,-1.6140972956111181,0.07809562385556176
20260925,36,27,0.09298365077129546,-1.5918362739363257,0.05311096184500336
20260925,37,27,0.08952751712737729,-1.5531947757614222,0.0076040339302765325
20260925,38,27,0.09130514741789984,-1.5033636645726112,-0.057040591782447234
20260925,39,27,0.09600732285783502,-1.434059766637622,-0.13400800367551854
20260925,40,27,0.10202622373204377,-1.3413149031608451,-0.21265273206191487
20260925,41,27,0.11264403433759305,-1.2223674461612228,-0.28433341905553855
20260925,42,27,0.12889186003443737,-1.076004036847489,-0.33677865124505757
20260925,43,27,0.11796504643217705,-0.9697791732469954,-0.317617455724702
20260925,44,27,0.11761213307700036,-0.8641806950073936,-0.26771040555871595
20260925,45,27,0.1204629830325257,-0.77888179562475,-0.17681418545530536
20260925,46,27,0.11686363743214145,-0.7517682956721755,-0.046921217181524526
20260925,47,27,0.10740132045127258,-0.7899961179625157,0.09858146399124562
20260925,48,27,0.10112708914207695,-0.8642573177201117,0.24390242912246896
20260925,49,27,0.10785298280596037,-0.9451415981826693,0.4006326111406949
20260925,50,27,0.1166111693471761,-1.0649847641303387,0.546441339829952
20260925,51,27,0.11828785495107103,-1.225455971620124,0.6408753703971171
20260925,52,27,0.11339244924366164,-1.3956166845019373,0.6690714884925096
20260925,53,27,0.10350175167157886,-1.545559552098819,0.6324545208337
20260925,54,27,0.0893803494303056,-1.6527204424388255,0.5424276832904666
20260925,55,27,0.10441126188141987,-1.756701839198923,0.49856815102477875
20260925,56,27,0.10865112495858074,-1.8095409005382166,0.3948171676661677
20260925,57,27,0.10606070958795955,-1.809012448791493,0.2695940479976272
20260925,58,27,0.09586203887082179,-1.7597704344928524,0.15100802606397518
20260925,59,27,0.07050050284377792,-1.6665273060564787,0.06956758106720082
20260925,60,27,0.0384656062257197,-1.5650960572849084,0.05537074734229265
20260925,0,28,0.11210750499416898,-1.1601929872080352,0.20807271194675309
20260925,1,28,0.1054742857025161,-1.1821174787977151,0.41987579405563596
20260925,2,28,0.09452478507137307,-1.2394393566407862,0.6127948494914907
20260925,3,28,0.08392837187074699,-1.3130034456020825,0.7670925303161649
20260925,4,28,0.07525342897353214,-1.3879017018916926,0.8777476894024485
20260925,5,28,0.06869047874089491,-1.4532015192394936,0.9464130311629082
20260925,6,28,0.06520778184302908,-1.5012806880332907,0.9813762207587678
20260925,7,28,0.06679022641809124,-1.528569757620961,0.9957208677060256
20260925,8,28,0.06923610010965504,-1.5297704220445143,0.9828704535113704
20260925,9,28,0.07072547323524747,-1.5016049992817413,0.945796889703592
20260925,10,28,0.07110853034200615,-1.4469308071719797,0.8950566877828094
20260925,11,28,0.06963097711680806,-1.374612181707451,0.8407422330865956
20260925,12,28,0.06841349606670473,-1.2955574283389095,0.7950963517204425
20260925,13,28,0.07316065575018921,-1.2109956113378535,0.7677007046455665
20260925,14,28,0.07927718382632036,-1.1354614729500843,0.7540427477242966
20260925,15,28,0.08389167343684474,-1.0875784716154886,0.7513594646463967
20260925,16,28,0.08694251751428841,-1.0783937714283718,0.755433552381239
20260925,17,28,0.08906991346265422,-1.1114228666927026,0.7594058262008311
20260925,18,28,0.09281312808950504,-1.1812505345536617,0.7571444976735857
20260925,19,28,0.09635106036322325,-1.2867102433341504,0.739164103793859
20260925,20,28,0.09524231766560672,-1.4188916163452534,0.6960494811808384
20260925,21,28,0.09098218813974754,-1.5554325646285476,0.628884594558723
20260925,22,28,0.08284055208117234,-1.6746833363236608,0.5429206962885508
20260925,23,28,0.07215765243310628,-1.759580689570015,0.44943963312832597
20260925,24,28,0.06446759977095053,-1.8136806343496896,0.3578845441340407
20260925,25,28,0.06449662181856532,-1.8562522908522259,0.2669579250806974
20260925,26,28,0.06694097485217446,-1.8782955956776155,0.1818212651988994
20260925,27,28,0.06903956302590841,-1.8738038064069042,0.11167708032101623
20260925,28,28,0.07053870468970103,-1.8469772261479043,0.061753185430816815
20260925,29,28,0.0710959790388385,-1.8044072917259846,0.0339769604604101
20260925,30,28,0.07154973578716313,-1.7562928651158525,0.024244782722249447
20260925,31,28,0.07473191961223381,-1.7140488254531794,0.023013856047377074
20260925,32,28,0.07892252027680755,-1.6774047853623886,0.027156709515522376
20260925,33,28,0.08232148945356044,-1.6459272139412597,0.03072787993396281
20260925,34,28,0.08459021673211213,-1.6191351484968077,0.025442275063393943
20260925,35,28,0.08604703712949938,-1.5941843864043759,0.0048899271854729726
20260925,36,28,0.08711491329571075,-1.5660912770827087,-0.03341338942320371
20260925,37,28,0.08759407746740121,-1.528907532533664,-0.08712694257079318
20260925,38,28,0.08929463466504325,-1.4781170665665835,-0.15172231976257228
20260925,39,28,0.09251238456457042,-1.4096087194453712,-0.2190705804285866
20260925,40,28,0.09688589117895581,-1.3219611542783771,-0.2780953582785376
20260925,41,28,0.10271093963757184,-1.216978888205549,-0.3172622497089225
20260925,42,28,0.10804610243349681,-1.1035555432267417,-0.32212159583259936
20260925,43,28,0.1083680326144026,-1.0030660168899068,-0.2792521367694285
20260925,44,28,0.1099435008560807,-0.9181705027734771,-0.1954538902396903
20260925,45,28,0.11198624551545787,-0.8613850458154305,-0.07277259425241094
20260925,46,28,0.11071569910394098,-0.8524137779917212,0.07818607949716708
20260925,47,28,0.10672373718197485,-0.893975240995371,0.23704635454686945
20260925,48,28,0.10467881185321404,-0.97095244640715,0.3910922829404751
20260925,49,28,0.10747184078628057,-1.0727255236008273,0.5363947560468223
20260925,50,28,0.11161306606128434,-1.2015648097338878,0.6545975520162806
20260925,51,28,0.11253259583796865,-1.3493517742418655,0.7187573791468196
20260925,52,28,0.11044690004979604,-1.494224285961001,0.7214123615138405
20260925,53,28,0.10805202592408296,-1.6176510594901197,0.6729846800556127
20260925,54,28,0.10913796655817462,-1.711935957324092,0.5918446748766563
20260925,55,28,0.11308775867132524,-1.7722419521788229,0.48265014698631253
20260925,56,28,0.11110778427101417,-1.7837925568259911,0.3423718667426757
20260925,57,28,0.10646280466565121,-1.7539584965871342,0.20140225423772098
20260925,58,28,0.0982419677357458,-1.6928810845442175,0.08038086856384896
20260925,59,28,0.08417108122881835,-1.6153884640655631,-0.0010876468301460052
20260925,60,28,0.071827319472681,-1.5459542515935292,-0.03889118780001127
20260925,0,29,0.10044864463268084,-1.2920323112330916,0.3597481079990919
20260925,1,29,0.09625219925288644,-1.336148133737999,0.5451133879878853
20260925,2,29,0.08921169359609267,-1.4014758924127941,0.7051263027129033
20260925,3,29,0.08145905609559152,-1.4735171484750076,0.8254268204435149
20260925,4,29,0.07488606172823999,-1.5394637033922827,0.9032353469888019
20260925,5,29,0.07044485155484526,-1.5903991684698633,0.9427183020395307
20260925,6,29,0.0682792092611148,-1.62029898518731,0.9499629624494836
20260925,7,29,0.06803064521253308,-1.6246360781510218,0.9308317758412112
20260925,8,29,0.06878211895446233,-1.6001475441649,0.89084349114588
20260925,9,29,0.06983633971064274,-1.5470608638906551,0.8379932754825483
20260925,10,29,0.07084357406466246,-1.470386945132268,0.7822352660322243
20260925,11,29,0.07173482670042021,-1.379434288172436,0.733318205755336
20260925,12,29,0.07322661625740037,-1.2852398448416649,0.6988995170348208
20260925,13,29,0.07636842269462314,-1.197663466811128,0.6828507148318095
20260925,14,29,0.08077423944782666,-1.1283116824398334,0.6852786591090279
20260925,15,29,0.08524086361037206,-1.0907995970377176,0.702910227230725
20260925,16,29,0.08899430327694677,-1.0952238545889823,0.7288375349602674
20260925,17,29,0.09213101656396344,-1.144047038773722,0.7537972001412063
20260925,18,29,0.09488487621849967,-1.2333307082501153,0.7680142705759501
20260925,19,29,0.09617703565873409,-1.354966235928286,0.7617405423929243
20260925,20,29,0.09532616695796939,-1.4935338307511918,0.728756239576848
20260925,21,29,0.09168758351613182,-1.6294131728052323,0.6680963916734137
20260925,22,29,0.08539722179933895,-1.7431522250484905,0.5853772601708795
20260925,23,29,0.07813121814069153,-1.8230137486794513,0.49111415111030043
20260925,24,29,0.07268626135713496,-1.8701569122381705,0.395166945052929
20260925,25,29,0.0704993126187608,-1.8913924618955926,0.3029392046246603
20260925,26,29,0.07041290281045665,-1.8884808400438928,0.21906096110275966
20260925,27,29,0.0710671365168718,-1.8628337104232786,0.14905153210656494
20260925,28,29,0.07193159778143858,-1.8199187146463567,0.09656149970842215
20260925,29,29,0.07294512313312318,-1.767711596347763,0.06189430170979443
20260925,30,29,0.07450798367033297,-1.7147632014374286,0.04165012756400327
20260925,31,29,0.07718522187941189,-1.667788750042695,0.029993731151969127
20260925,32,29,0.08065074094592396,-1.6298583637932884,0.021031108154828476
20260925,33,29,0.08403829848639953,-1.601424021837293,0.008664927414632234
20260925,34,29,0.08680777919803617,-1.5806940760207722,-0.013090207582197477
20260925,35,29,0.08823345883649518,-1.5632299430605117,-0.04760023440205596
20260925,36,29,0.08789988095121652,-1.5432263892036961,-0.09440691230769219
20260925,37,29,0.08740126107485731,-1.515351253090939,-0.15068133080106394
20260925,38,29,0.08795614698905665,-1.474926321627548,-0.21058226444467448
20260925,39,29,0.08965013777690516,-1.4189867525968138,-0.2651340413589245
20260925,40,29,0.0921690549346227,-1.3476163882939896,-0.30350456363679684
20260925,41,29,0.09515338872841816,-1.2646672669127184,-0.3147805417424456
20260925,42,29,0.0979930579610762,-1.1781830680422791,-0.28964561038105247
20260925,43,29,0.10036363965303338,-1.0989879767038615,-0.22349375402424085
20260925,44,29,0.10297852559884656,-1.03678297368246,-0.11801151535206322
20260925,45,29,0.10531671357361377,-1.0026382194822725,0.020814807917260286
20260925,46,29,0.10607186867827248,-1.0069486779218675,0.17962498643367114
20260925,47,29,0.10547235450705948,-1.0514759053104694,0.34014424895972745
20260925,48,29,0.1053011895500322,-1.1292237527651658,0.48751479256968966
20260925,49,29,0.10661016763712755,-1.231836077758224,0.6103732120404419
20260925,50,29,0.10827431578411452,-1.351369156726721,0.6938584604120552
20260925,51,29,0.1087884857600852,-1.4751326768515938,0.7240805118321793
20260925,52,29,0.10849392617053384,-1.5872296797737517,0.6995244968732346
20260925,53,29,0.10924558495552729,-1.6755657058846527,0.6302866415674699
20260925,54,29,0.11373985616339724,-1.7348650672080026,0.5304182908202062
20260925,55,29,0.12038678710578898,-1.7594607229768786,0.4027873491063757
20260925,56,29,0.11359760067821766,-1.7322021892438018,0.24583544300554921
20260925,57,29,0.10672045685554438,-1.6764306597893028,0.10639625268743731
20260925,58,29,0.09970130872703026,-1.6055543370201242,-0.0019449537243621112
20260925,59,29,0.09122149591196023,-1.5340932136971956,-0.06949460264348875
20260925,60,29,0.08416432916466215,-1.4765672433803465,-0.09691654427003221
20260925,0,30,0.09359140542340855,-1.4237897670648307,0.5051836595187797
20260925,1,30,0.09017097802102446,-1.485478748596515,0.6561104104074815
20260925,2,30,0.08474404010584036,-1.5571077148884105,0.7752901764522719
20260925,3,30,0.0783023362174758,-1.6258084876989194,0.8530418298802511
20260925,4,30,0.07243636452401801,-1.6809118369786313,0.8895923679348856
20260925,5,30,0.06831212160558887,-1.7158291177459715,0.8913554430135485
20260925,6,30,0.06624672599570418,-1.7265658430016146,0.8658469652317085
20260925,7,30,0.06593357672940653,-1.7102439394461857,0.8200579601546225
20260925,8,30,0.06669181655433773,-1.6654877387811866,0.7614046409282125
20260925,9,30,0.0678164543488265,-1.5944338640740234,0.6990345711067154
20260925,10,30,0.06894188489907013,-1.5040362356930115,0.6431905161605131
20260925,11,30,0.07023170133807052,-1.4048625145285967,0.6027710076246695
20260925,12,30,0.07230013059371312,-1.3082303035591214,0.5832160906463868
20260925,13,30,0.07574983529560261,-1.2245481348637794,0.5862805754260777
20260925,14,30,0.08047037243262246,-1.164616370358152,0.6108438867054943
20260925,15,30,0.085477712305162,-1.1402176168831597,0.6524342951039029
20260925,16,30,0.08973511064810921,-1.159803068319539,0.7022391188510998
20260925,17,30,0.09285389351109968,-1.2239102143386569,0.7485145848893879
20260925,18,30,0.09478963496709827,-1.325338218031598,0.7794658835015166
20260925,19,30,0.0953369511906252,-1.4511814449177336,0.785470709355844
20260925,20,30,0.09414842060801636,-1.584447476685572,0.7609551535999136
20260925,21,30,0.09089036504022417,-1.7065417272297885,0.7058487877980962
20260925,22,30,0.08589448931373043,-1.8015237081233213,0.6263454433011972
20260925,23,30,0.08049259647251795,-1.8613971237519595,0.5329289621572151
20260925,24,30,0.07627025842344921,-1.8870735077289575,0.43588005919793527
20260925,25,30,0.07385435294824896,-1.8831913780744611,0.3426603785847329
20260925,26,30,0.07279238828985861,-1.8542789580240453,0.25896623463418333
20260925,27,30,0.07243563191621513,-1.8060484103621046,0.18939118984032866
20260925,28,30,0.07248797289995668,-1.7464989731749443,0.13626809043879304
20260925,29,30,0.07308182949238014,-1.68469356891129,0.09869119317384628
20260925,30,30,0.074697949548503,-1.6286875302587391,0.07271067220902575
20260925,31,30,0.07766065421799785,-1.583870091024716,0.05286647319198681
20260925,32,30,0.08157151387283017,-1.5528534579255768,0.03362508124390545
20260925,33,30,0.08592044120670743,-1.5358419237403074,0.009288924981678048
20260925,34,30,0.09121627490298,-1.5301831404411177,-0.02578090332410296
20260925,35,30,0.09530533250475812,-1.5305029596318829,-0.07227855117780493
20260925,36,30,0.09169509211130376,-1.529723575573133,-0.12170165557006549
20260925,37,30,0.08807535905808077,-1.5212444051636276,-0.1749637352607108
20260925,38,30,0.08693434856430395,-1.5003845970598488,-0.22759388604412883
20260925,39,30,0.0870983232162171,-1.464968488251134,-0.2694986959851785
20260925,40,30,0.08773723212732494,-1.4161297225287066,-0.29021173680934076
20260925,41,30,0.08857450424990573,-1.3583396876661649,-0.2812977263125469
20260925,42,30,0.08996221389453822,-1.2982079700268854,-0.23809042136135544
20260925,43,30,0.0923920203005331,-1.2433211821990728,-0.1593294900356387
20260925,44,30,0.09570926253459901,-1.2024474002871148,-0.04679505862112184
20260925,45,30,0.09892064164153055,-1.1852536911634548,0.09242408257996104
20260925,46,30,0.10101985445139997,-1.1989780072857135,0.2441230293268155
20260925,47,30,0.1019989317236022,-1.2444579934959803,0.39051577161853585
20260925,48,30,0.10267898808918997,-1.3163228662618476,0.5159031016892632
20260925,49,30,0.10362160254473368,-1.4060051350074956,0.6077656640767995
20260925,50,30,0.10456417415423143,-1.5029583751527928,0.6553056925102375
20260925,51,30,0.10506137058907576,-1.5946097269362343,0.652018741437111
20260925,52,30,0.10547490131717993,-1.6686442973390443,0.6002638641209239
20260925,53,30,0.10690569601884457,-1.7163047761789174,0.5098099480192895
20260925,54,30,0.11025250468977527,-1.7328753690180765,0.3920181157383704
20260925,55,30,0.11313155389085126,-1.7145370787803478,0.2552238918639329
20260925,56,30,0.10978846969650986,-1.6614880174983822,0.11546338946278681
20260925,57,30,0.10423133271394511,-1.5893123019182303,-0.0007061735017237503
20260925,58,30,0.09772678161164328,-1.5136242282931354,-0.07966996829029438
20260925,59,30,0.09049699546008169,-1.4491979606222127,-0.11566239331362857
20260925,60,30,0.08446657124585316,-1.406782893590114,-0.11275166385095814
20260925,0,31,0.09140960495212996,-1.5466671080462653,0.6364221190638464
20260925,1,31,0.08807140933549817,-1.6205685644194672,0.7467466562798808
20260925,2,31,0.08233550692618985,-1.694831921998554,0.8188241000016316
20260925,3,31,0.07522032584616033,-1.7568132551998874,0.8481419752807773
20260925,4,31,0.06835686587394918,-1.7979648468122584,0.8397026070967548
20260925,5,31,0.06315646734959184,-1.815080946216788,0.8034809204789014
20260925,6,31,0.060733806633572925,-1.8087773472606776,0.7496477730899046
20260925,7,31,0.061323303457420424,-1.779198753220406,0.6849952176794193
20260925,8,31,0.06330403751928786,-1.723616389540675,0.6150494120207385
20260925,9,31,0.06500020590624192,-1.6438610822351798,0.5497098464029345
20260925,10,31,0.06591240565045685,-1.5492199494488836,0.500369493210031
20260925,11,31,0.06659528921461917,-1.4522995762496702,0.4746311267783619
20260925,12,31,0.06830873332092832,-1.3640028154484374,0.47446393734172987
20260925,13,31,0.07224240280337703,-1.292077363533995,0.4984992391528073
20260925,14,31,0.07827130733379455,-1.2451539875913733,0.5449392021836681
20260925,15,31,0.08476089005384116,-1.2345377960129165,0.6093991603501796
20260925,16,31,0.09017946797453076,-1.2673641531292525,0.6814613132785244
20260925,17,31,0.0938694864620092,-1.341538229744361,0.7468590984057013
20260925,18,31,0.09551131332457442,-1.4466820946597598,0.7916635639380121
20260925,19,31,0.09508986937436835,-1.5664948121581554,0.8057606356173382
20260925,20,31,0.09301622892015136,-1.6826685687848737,0.785289153788613
20260925,21,31,0.08943308880848591,-1.7786713756191943,0.7322483543473934
20260925,22,31,0.084615807627521,-1.8424567091288777,0.6540293628639142
20260925,23,31,0.07953692093603237,-1.8696173116799615,0.56173004618678
20260925,24,31,0.07578819131570864,-1.8639030020286804,0.4662844549651751
20260925,25,31,0.07420065598398382,-1.8318354707432096,0.37517285566555747
20260925,26,31,0.0735208216519047,-1.777815702953955,0.2940074706294093
20260925,27,31,0.07268873641550787,-1.7092680357578283,0.22769529315652745
20260925,28,31,0.07156589949772736,-1.636811739597575,0.17817062479718415
20260925,29,31,0.07061941581325587,-1.570783825631257,0.14347588723307614
20260925,30,31,0.07149549523245612,-1.5182534154342082,0.1177887351616004
20260925,31,31,0.07549212415583091,-1.4819694568091413,0.09471769240409136
20260925,32,31,0.08094421888544898,-1.4641947931715802,0.07043073147607345
20260925,33,31,0.08659164646378181,-1.465411983511397,0.04029171439449586
20260925,34,31,0.09496248570889117,-1.4808850220245995,-0.0020872758293207505
20260925,35,31,0.10520363108573064,-1.5055031871544382,-0.05821384642740071
20260925,36,31,0.09502436396829927,-1.5350137060764213,-0.10553733934383175
20260925,37,31,0.08810652377493845,-1.5532096489614895,-0.1551001979465488
20260925,38,31,0.0857827923461526,-1.5567431886433847,-0.2022709831608617
20260925,39,31,0.08463539319897785,-1.5447997259208666,-0.23537269252963577
20260925,40,31,0.08312789456719198,-1.519299742554988,-0.244485944780457
20260925,41,31,0.08103604360971517,-1.4853791895918862,-0.2240310501456127
20260925,42,31,0.08028969818551637,-1.4489790833758096,-0.17469532351541409
20260925,43,31,0.08304825284209638,-1.4149548847781779,-0.09777039170280573
20260925,44,31,0.0880906628549196,-1.3906080163168921,0.007192249962737089
20260925,45,31,0.09289704022977943,-1.38494595790468,0.1332523949498343
20260925,46,31,0.09609742915800237,-1.4034948163777492,0.2648743481061457
20260925,47,31,0.09771233436150188,-1.4457380898241878,0.3842253023847757
20260925,48,31,0.09861152112306928,-1.5059368081371243,0.47691846347156486
20260925,49,31,0.09950954166324642,-1.5754700718680335,0.5329863051149761
20260925,50,31,0.1003183444515116,-1.6440739140174743,0.5453096847514517
20260925,51,31,0.10060653247777053,-1.7005502483468822,0.5113097139971773
20260925,52,31,0.10055987356182897,-1.7351620321384784,0.4363761836087537
20260925,53,31,0.10102485258320035,-1.7420782461488633,0.3322378085941861
20260925,54,31,0.10260517749075591,-1.7193551497030095,0.21201485197610248
20260925,55,31,0.10396258574840439,-1.6678174360475038,0.08844288032975126
20260925,56,31,0.10274575967352088,-1.5940639724281689,-0.02159075795178457
20260925,57,31,0.09867926889598569,-1.5120427213330907,-0.10027118374554264
20260925,58,31,0.09193355685600973,-1.4383090610493183,-0.13614663696421148
20260925,59,31,0.0834527970363543,-1.3872809601010843,-0.12735136978394004
20260925,60,31,0.07660669097976651,-1.3645291562310147,-0.08457372471500679
20260925,0,32,0.09471922198376923,-1.6548377242989727,0.749762818672689
20260925,1,32,0.09026318525614586,-1.7363639735888028,0.8141906625611655
20260925,2,32,0.08216132305944578,-1.8084856129108178,0.83412925573775
20260925,3,32,0.0728075503811187,-1.859938794102915,0.8139917043249112
20260925,4,32,0.06370354583659217,-1.8847010149604992,0.7641239262077115
20260925,5,32,0.055702478436795225,-1.8818626681743087,0.6971118568315038
20260925,6,32,0.05147670288182092,-1.8600474193565242,0.6254137483317813
20260925,7,32,0.05474966020585039,-1.8297833103041308,0.5504063459014519
20260925,8,32,0.05962459499816476,-1.7754300834377295,0.47325293662659773
20260925,9,32,0.06236472195196319,-1.6962812023133778,0.4097428066928359
20260925,10,32,0.06295427870296016,-1.6058561806052905,0.3730984009122943
20260925,11,32,0.06276728872778277,-1.5190562394094933,0.3674688039199453
20260925,12,32,0.06368914044091421,-1.4461075802715708,0.3895348767465498
20260925,13,32,0.06734325662383327,-1.3923473863834563,0.4341911184748706
20260925,14,32,0.07487788567467116,-1.36187221513496,0.49814513344626776
20260925,15,32,0.08363149917652232,-1.365263494661781,0.5800900186336242
20260925,16,32,0.09137379698240662,-1.4082853466087053,0.6691609037956441
20260925,17,32,0.0976779208999684,-1.4862452686627272,0.7494071979238719
20260925,18,32,0.1008278492487967,-1.587437102824111,0.804379949873976
20260925,19,32,0.09792397882730529,-1.6918288637833963,0.8191680916109436
20260925,20,32,0.09302426603691115,-1.779475606624635,0.7950203176697633
20260925,21,32,0.0877954060432171,-1.8385343773288108,0.7388418275300227
20260925,22,32,0.08166976108944922,-1.8613977331435039,0.6591120580015731
20260925,23,32,0.07386620350678656,-1.8458070209798207,0.567091978461721
20260925,24,32,0.06757157811718502,-1.8021760762467565,0.4764839512917118
20260925,25,32,0.06998786594934164,-1.7464011716896475,0.3932268932824752
20260925,26,32,0.07254825795484719,-1.6714219910337527,0.318927811554043
20260925,27,32,0.07197598248152064,-1.5875736018325304,0.2606123501366377
20260925,28,32,0.06896942690111946,-1.5108341171467599,0.2203690705937239
20260925,29,32,0.06341650604147886,-1.4546043890746445,0.19593019643739887
20260925,30,32,0.060176599997497075,-1.4200756106670236,0.1781440468038777
20260925,31,32,0.06846024665381234,-1.3918100817749595,0.15614437858555041
20260925,32,32,0.0781655198078134,-1.386691960677287,0.13274947068624732
20260925,33,32,0.08473464665647595,-1.410954694506782,0.10392495812721766
20260925,34,32,0.09044888943031057,-1.4553907997964801,0.06427093198122932
20260925,35,32,0.09420214985774014,-1.5114809002190484,0.013597493036385938
20260925,36,32,0.08978654523940618,-1.5689809827088046,-0.040084533213640555
20260925,37,32,0.0859532650148932,-1.6134131378713048,-0.09364439823333709
20260925,38,32,0.08413609009593963,-1.6408792821144815,-0.14075707550755595
20260925,39,32,0.0821822799672443,-1.6503150611490673,-0.17166812195928466
20260925,40,32,0.07816709264390401,-1.643361825585876,-0.17758791169731172
20260925,41,32,0.07101373242550388,-1.6255253851564304,-0.154849100216639
20260925,42,32,0.06577941393522556,-1.6051245993733252,-0.11093608581608932
20260925,43,32,0.07153588485858163,-1.587091034605077,-0.0498858265610457
20260925,44,32,0.08086790135588028,-1.575967017474453,0.03683128838372764
20260925,45,32,0.08808012854219004,-1.578654312543327,0.14021989312208133
20260925,46,32,0.09246630939538808,-1.5985479780094576,0.24293783532920188
20260925,47,32,0.09465762502775586,-1.6340890955311194,0.3283544680334931
20260925,48,32,0.09565357531781435,-1.6796531084308772,0.3842396840211733
20260925,49,32,0.09603165322800997,-1.7269939515283756,0.4029322828361884
20260925,50,32,0.09631059206841198,-1.766888937773353,0.3823424409172635
20260925,51,32,0.09579999283613083,-1.7896574109985608,0.3234571783853979
20260925,52,32,0.09408096880849791,-1.7878368963167843,0.23428092038749448
20260925,53,32,0.09158837190890418,-1.758864886750753,0.12916465581539513
20260925,54,32,0.09051774122347304,-1.7059116715836027,0.024063158085029766
20260925,55,32,0.09302106970574953,-1.6334149373933435,-0.07072703123881022
20260925,56,32,0.09423314014812298,-1.5468289667025223,-0.14279585167407716
20260925,57,32,0.09124948655747192,-1.461557734156818,-0.1758725894156079
20260925,58,32,0.0832388313940204,-1.396812722864254,-0.16080154482602266
20260925,59,32,0.07034350425239583,-1.3687092508947503,-0.09972069317908253
20260925,60,32,0.05989125518557355,-1.3718631360416065,-0.01591807392861161
20260925,0,33,0.10393723634968292,-1.7440792500192093,0.8421771703534012
20260925,1,33,0.09464930410754463,-1.8272211687108622,0.851882904219883
20260925,2,33,0.08253582218871734,-1.892499698763632,0.8187904069252296
20260925,3,33,0.07105030335120163,-1.9332210895853879,0.7565041751870224
20260925,4,33,0.06017748046396175,-1.9446688894056472,0.6767511796872608
20260925,5,33,0.047955977356172214,-1.9211645536107251,0.5933381358014596
20260925,6,33,0.0360492805217044,-1.8711035179941924,0.5251587014869921
20260925,7,33,0.047822502374087285,-1.866287137721538,0.43774294333342934
20260925,8,33,0.05720953031147454,-1.8242528730087515,0.3505156670747781
20260925,9,33,0.060851073363548246,-1.7525361344452466,0.2926581355510439
20260925,10,33,0.06125263411046462,-1.6726010534174547,0.2727909930077504
20260925,11,33,0.061349513547334804,-1.6000832641107992,0.2868160543750611
20260925,12,33,0.06368967788902585,-1.5429999643629684,0.32618489668685935
20260925,13,33,0.06434878088607197,-1.5111431347646163,0.39606433678803665
20260925,14,33,0.07204326834480819,-1.5006180415265178,0.4742934167303783
20260925,15,33,0.08253812114469018,-1.5196368365354038,0.5669400367719942
20260925,16,33,0.09274460218130108,-1.5715194079680186,0.6647772913552413
20260925,17,33,0.10401579128390405,-1.6497400121144663,0.7527201092358777
20260925,18,33,0.115254816150359,-1.7433757102144332,0.8164401721169964
20260925,19,33,0.10376024342571513,-1.818835801463779,0.818843610151391
20260925,20,33,0.0935444784366983,-1.8657445851356331,0.7827835894487516
20260925,21,33,0.08602930462856313,-1.8807204168797111,0.7198958471986465
20260925,22,33,0.07805868942703048,-1.8594556328705103,0.6379335228313937
20260925,23,33,0.06304488526443577,-1.7989088924104792,0.5459203890044968
20260925,24,33,0.03998251651302593,-1.7163476124800834,0.4625952006451649
20260925,25,33,0.0605988620618371,-1.6504905879482017,0.39499702756266586
20260925,26,33,0.0709144546966743,-1.5538351255885736,0.33194364720181363
20260925,27,33,0.07119709557121243,-1.4600813176999776,0.2872518456909947
20260925,28,33,0.06623768478370094,-1.3908993862690104,0.26137764748594217
20260925,29,33,0.051489498915089006,-1.375021229416391,0.251275765556065
20260925,30,33,0.028371933481038274,-1.4299385965091012,0.24573491039348433
20260925,31,33,0.05590618645901514,-1.3484739416791907,0.22875772228366634
20260925,32,33,0.0743154046450495,-1.340097570124773,0.21585195924722403
20260925,33,33,0.08177635450602264,-1.3890447665365864,0.19404877311243185
20260925,34,33,0.08513112608146522,-1.4648734197287963,0.15859872881551204
20260925,35,33,0.08537887283576946,-1.5507936597669625,0.11010839348820207
20260925,36,33,0.08285285025623182,-1.6318312786409714,0.05371042507762621
20260925,37,33,0.08307536087022012,-1.6978788278851336,-0.004458706935077536
20260925,38,33,0.08243151784025116,-1.7446862273326118,-0.05584998466953919
20260925,39,33,0.08018565393774638,-1.7695688827280227,-0.09173742322417672
20260925,40,33,0.0741725871528468,-1.7726071149422264,-0.10445291939610196
20260925,41,33,0.059665789504232083,-1.7550892933940154,-0.0898949127855773
20260925,42,33,0.04026421775097348,-1.7273134906794745,-0.058953799830514325
20260925,43,33,0.059673845460963444,-1.7342687377386836,-0.0230081309060042
20260925,44,33,0.0760706916648468,-1.739874280930941,0.04100214949351874
20260925,45,33,0.08516373230874832,-1.7497799764224435,0.1151559380454727
20260925,46,33,0.09040716315033107,-1.7692795813077455,0.18333823586615122
20260925,47,33,0.09391066353245257,-1.7978226275709102,0.23308806711775493
20260925,48,33,0.09674502073963702,-1.8307550964126844,0.25525247617631597
20260925,49,33,0.094663937036885,-1.8556260143612617,0.23732810058987175
20260925,50,33,0.0933239937680955,-1.8691867799409658,0.18916195408199926
20260925,51,33,0.0916573985170949,-1.8634234252967001,0.11513075299398154
20260925,52,33,0.08821449580232571,-1.8325979885057329,0.02537212552980484
20260925,53,33,0.08235709687051086,-1.7770242878964582,-0.06387869939359356
20260925,54,33,0.07634903469261403,-1.7045950434720045,-0.1369562700156017
20260925,55,33,0.08270650441679635,-1.6219384644271146,-0.201211951852334
20260925,56,33,0.08669347361202635,-1.52903006031177,-0.23488650224496335
20260925,57,33,0.08460274620709451,-1.4453863943927932,-0.22104316165809995
20260925,58,33,0.07541687989756611,-1.3929467320768218,-0.1560848385820643
20260925,59,33,0.055200085528401464,-1.3974236184664692,-0.044181665413836335
20260925,60,33,0.03121997914503127,-1.4559711600238514,0.07976514325574575
20260925,0,34,0.0999266248123239,-1.7997301035524271,0.8704488883341139
20260925,1,34,0.09203155013834281,-1.8805934068386123,0.840720121750737
20260925,2,34,0.08041626497736495,-1.9415614530016936,0.772280129603663
20260925,3,34,0.06940146915320211,-1.9776789852484153,0.6837420238762978
20260925,4,34,0.05961426472802797,-1.9870015679729012,0.5883559699655629
20260925,5,34,0.04964231372277075,-1.9670849634675036,0.4993933013220352
20260925,6,34,0.04158690110548941,-1.9284676917898569,0.42784612940030664
20260925,7,34,0.04991965241897086,-1.9137296427909771,0.33448875635694847
20260925,8,34,0.05764017190213374,-1.873815156999161,0.2514406886536983
20260925,9,34,0.060739034465184125,-1.8122027942792382,0.2073872736361585
20260925,10,34,0.06103661292823664,-1.7469120485567173,0.20647390053992637
20260925,11,34,0.060983554128562587,-1.6917316725555336,0.24093526097363138
20260925,12,34,0.06258028128359366,-1.6542855247662211,0.30029301415024573
20260925,13,34,0.06406917358525735,-1.6397072130011892,0.3831792935087233
20260925,14,34,0.07133185779928963,-1.648336765793251,0.4719742562881158
20260925,15,34,0.08147717834891977,-1.6828348732294143,0.569236281467529
20260925,16,34,0.09169312154941028,-1.7410853902440773,0.6653135266047655
20260925,17,34,0.10227200467361533,-1.8143339036248909,0.7451101028135962
20260925,18,34,0.11031594308330066,-1.8869303398660866,0.7933549563527347
20260925,19,34,0.1018959090734831,-1.9261898670712867,0.7868060725747914
20260925,20,34,0.09189617031691096,-1.9308692956175297,0.7418991480718645
20260925,21,34,0.08391022099251605,-1.9027629690226109,0.6736752080758635
20260925,22,34,0.0763356812809238,-1.8429604560083388,0.5929407497155763
20260925,23,34,0.06466008376933496,-1.7570235899698357,0.5104143851206571
20260925,24,34,0.050226960549694236,-1.6657771895654943,0.440192347793037
20260925,25,34,0.0630011570598894,-1.5582316959542506,0.3804367784040249
20260925,26,34,0.07113953485118796,-1.4401674215860845,0.33442845608132354
20260925,27,34,0.07144977157956056,-1.3436157031065445,0.30930301789012754
20260925,28,34,0.0668482678358496,-1.2863174112745206,0.301732881986709
20260925,29,34,0.054569476647886264,-1.2922175330041028,0.302903378993327
20260925,30,34,0.03979947110398259,-1.3496861889463545,0.29957875335926554
20260925,31,34,0.05795660567130068,-1.310015079409824,0.3086708180661191
20260925,32,34,0.07308757542204704,-1.3294968810730687,0.3141933860497161
20260925,33,34,0.07973694128127018,-1.406781300169158,0.3017110773593951
20260925,34,34,0.08234965837635251,-1.5100914946585189,0.26965118102743324
20260925,35,34,0.08257941286458619,-1.6190172762411201,0.22031015633602177
20260925,36,34,0.08188037341246578,-1.718340206148798,0.159851384846096
20260925,37,34,0.08185756312135042,-1.7994020049286805,0.09621600675275599
20260925,38,34,0.08140651742920366,-1.857374555300888,0.03697030807694959
20260925,39,34,0.07931534071400158,-1.889665946670781,-0.0098714030631985
20260925,40,34,0.07387928482125235,-1.896373531798981,-0.037859891513604436
20260925,41,34,0.06217067401208336,-1.8788084050769314,-0.044549359699056386
20260925,42,34,0.04941853062440782,-1.851691568581459,-0.035883681358821105
20260925,43,34,0.06288275591552056,-1.8633115168695287,-0.01431703469648174
20260925,44,34,0.07640058576971652,-1.8757220151169007,0.022792327675103835
20260925,45,34,0.08414625642983384,-1.8876840062307534,0.06272609653816312
20260925,46,34,0.0887988668465731,-1.904699462487199,0.09359827147538846
20260925,47,34,0.09229032795338017,-1.9266797706320131,0.10622092943743386
20260925,48,34,0.09482868137637364,-1.948292092461256,0.09369795402400513
20260925,49,34,0.09288356159743556,-1.9570146235161197,0.05164177778898682
20260925,50,34,0.09085535493226621,-1.951320319705415,-0.012208087285644209
20260925,51,34,0.08863249954620896,-1.9257477173345996,-0.0897497659002988
20260925,52,34,0.08508531147756951,-1.8768079836383977,-0.16865798193804332
20260925,53,34,0.08019268214175788,-1.8072525238576727,-0.23429816351617358
20260925,54,34,0.07672968188444527,-1.7251446228013478,-0.2784922440001817
20260925,55,34,0.07993190166449515,-1.6347417906523172,-0.30573889231966084
20260925,56,34,0.08267935649661351,-1.541067044705991,-0.2963285813615565
20260925,57,34,0.08093416503049505,-1.4617672172515475,-0.2378342619201661
20260925,58,34,0.07320033917406464,-1.4161674141109155,-0.13349708224431078
20260925,59,34,0.05693057069830878,-1.42308752000438,0.0018572201264454302
20260925,60,34,0.04008891941487514,-1.4685675875865225,0.13130521759226635
20260925,0,35,0.08773677418660052,-1.8244485483143833,0.8394576069568549
20260925,1,35,0.08320244364871905,-1.8999816764087232,0.7883462989403829
20260925,2,35,0.07526074976833472,-1.9596543181472332,0.7048587127936052
20260925,3,35,0.06701908777921435,-1.997266007258879,0.6062129416405414
20260925,4,35,0.06026341606916481,-2.012624925768919,0.5053818908721491
20260925,5,35,0.055454116531626844,-2.007974496139502,0.4106115372625613
20260925,6,35,0.05364160036459852,-1.9891440436627335,0.3248326323890307
20260925,7,35,0.05607714432772484,-1.9618486702883877,0.245348535865972
20260925,8,35,0.0594248188589569,-1.921801613739702,0.18588688555196914
20260925,9,35,0.06135555998172419,-1.872491831646521,0.16279998398847395
20260925,10,35,0.06190196615913244,-1.8243978144672137,0.18005047169542582
20260925,11,35,0.0619611067987393,-1.7875211345677364,0.23188250608948818
20260925,12,35,0.06289766673753465,-1.7685355228487767,0.3072041663658196
20260925,13,35,0.06605127312063172,-1.7706273847496927,0.39549045368276436
20260925,14,35,0.07232148962134213,-1.794771576361806,0.4895643194663931
20260925,15,35,0.08028074067393065,-1.8389267476683664,0.5839580399877976
20260925,16,35,0.08807266504849028,-1.8958631331473215,0.6672104675916742
20260925,17,35,0.09445972458808775,-1.9531636602424678,0.7254357513565228
20260925,18,35,0.0971795278686595,-1.9937494462378205,0.7470738863721851
20260925,19,35,0.09403350336570744,-2.000801075063997,0.7273268781250907
20260925,20,35,0.0878410359151977,-1.9703738445956585,0.6748252326497726
20260925,21,35,0.08145923281749853,-1.9064733200636104,0.6036525468884499
20260925,22,35,0.07592730485183,-1.8155967175503247,0.5268183242473898
20260925,23,35,0.07131640040680333,-1.706179073695851,0.4550410241320633
20260925,24,35,0.06878508884319176,-1.5872198805249944,0.3959693128371168
20260925,25,35,0.07078940074514868,-1.4615518051215353,0.3530183251142683
20260925,26,35,0.07312314313699367,-1.3428661718242383,0.3307659415051179
20260925,27,35,0.07300404606475558,-1.2531062328665397,0.33023137022558957
20260925,28,35,0.07036716018944018,-1.2068910734091112,0.3457084985718401
20260925,29,35,0.06584310569303584,-1.2090600101203273,0.3675359629572802
20260925,30,35,0.0634711369736196,-1.2423754990797773,0.3887021095787118
20260925,31,35,0.06824286748161243,-1.2853324418235836,0.41073521225645526
20260925,32,35,0.07485292403397525,-1.358862633603442,0.4243599519485598
20260925,33,35,0.07924886601649024,-1.4662326594158057,0.4174065030021754
20260925,34,35,0.08139095040092335,-1.590618056066814,0.38635157111542484
20260925,35,35,0.08198467236310414,-1.7140508129522203,0.3338972555680643
20260925,36,35,0.08190768093061518,-1.8226865300034738,0.266886962232901
20260925,37,35,0.08175306258544975,-1.9083199726067617,0.1937534818064115
20260925,38,35,0.08118766918819406,-1.966871220592365,0.1226240790758383
20260925,39,35,0.07951665184646937,-1.997546700649326,0.06112155687388489
20260925,40,35,0.07629078603941276,-2.003560663160681,0.015127221342752123
20260925,41,35,0.07189638368529719,-1.9925212242123522,-0.012948080486712211
20260925,42,35,0.06975589333661268,-1.9784158009007695,-0.02476031605369995
20260925,43,35,0.07387881304770849,-1.9743692141378348,-0.024111821045506677
20260925,44,35,0.07979001508167513,-1.9771386560801585,-0.01639370790583706
20260925,45,35,0.08399384232944858,-1.9846111092987015,-0.009829240191023672
20260925,46,35,0.08675335604064721,-1.997539167507623,-0.012869944918319706
20260925,47,35,0.08877870489648154,-2.0137669605550492,-0.03210441246721958
20260925,48,35,0.08982234013259591,-2.0270299474782747,-0.07100634107416183
20260925,49,35,0.08927268845518403,-2.029143132931999,-0.12818298166346814
20260925,50,35,0.08794510596835166,-2.014793910283325,-0.19760929691543272
20260925,51,35,0.08617686668032491,-1.9801396220238305,-0.26996377677491623
20260925,52,35,0.08377338273153372,-1.923896475229369,-0.33327461098578515
20260925,53,35,0.08116889022095188,-1.849415852554008,-0.3763508073354857
20260925,54,35,0.07982915449502348,-1.763104978495824,-0.3930544887366027
20260925,55,35,0.08056181833629676,-1.670903207038601,-0.37919224514855665
20260925,56,35,0.0813780370913916,-1.5810877423016434,-0.3256544805531222
20260925,57,35,0.07998756149670985,-1.50720871057875,-0.22809571118872984
20260925,58,35,0.07535415509034593,-1.4628236144151585,-0.09432541097678734
20260925,59,35,0.0677147152614735,-1.4552178447318096,0.05747099635302197
20260925,60,35,0.061627487794684924,-1.474926972645772,0.2063956317980592
20260925,0,36,0.07660142652144183,-1.8334079836978474,0.7786733322908078
20260925,1,36,0.0734861004509927,-1.9018119193401648,0.7176584242723247
20260925,2,36,0.06852726467667038,-1.9594327993004854,0.6324593147409513
20260925,3,36,0.06312361366948774,-1.9993823678671345,0.5361191693872387
20260925,4,36,0.05875989454406037,-2.0203276203516825,0.43975040593941195
20260925,5,36,0.056316516449822974,-2.0243634148601406,0.34997831155487635
20260925,6,36,0.056010784652728005,-2.0143545536306946,0.2709881493847967
20260925,7,36,0.05743261001799462,-1.992725297003255,0.20828835421862713
20260925,8,36,0.05952764902918721,-1.9621778828062915,0.17098694354849225
20260925,9,36,0.06149341329395476,-1.9282089875355326,0.1668638112911724
20260925,10,36,0.0630705316353075,-1.8983541968375106,0.19782155555571906
20260925,11,36,0.06438575395488724,-1.8797678487064835,0.25936660188475696
20260925,12,36,0.0661017353452252,-1.87754232386623,0.341630790036507
20260925,13,36,0.0690863572563359,-1.8938190104611394,0.4333672783885249
20260925,14,36,0.07360212786343702,-1.9274299732448024,0.5249133725726276
20260925,15,36,0.07892751074772804,-1.9730727362185334,0.6066755195648385
20260925,16,36,0.08388211220552312,-2.020847626939982,0.6676339156548472
20260925,17,36,0.08742090839333638,-2.0576303128471016,0.6979033569545829
20260925,18,36,0.08864913100074114,-2.069813673795523,0.6924920221098771
20260925,19,36,0.0871737916976331,-2.0475451757368104,0.6537256605337309
20260925,20,36,0.08374163406796636,-1.9887036054185183,0.5911374586953984
20260925,21,36,0.07964547409148093,-1.8980522214670397,0.5177269790019896
20260925,22,36,0.07617612611751123,-1.783933555713231,0.4458285663580041
20260925,23,36,0.07430560371159513,-1.6550017932443435,0.38490162543009526
20260925,24,36,0.07421835093690249,-1.5196143953681096,0.3417716595499706
20260925,25,36,0.0752305490558357,-1.3886686519110738,0.3214845828081519
20260925,26,36,0.07600235404559574,-1.277949554262118,0.3263927441618361
20260925,27,36,0.07562910061438197,-1.203648324767046,0.3536592490063059
20260925,28,36,0.07421111981614817,-1.1750242073645154,0.3953103009291031
20260925,29,36,0.07261929077323495,-1.1916921393693543,0.44144405439547235
20260925,30,36,0.07231344385274908,-1.2452878209657647,0.48416368521941383
20260925,31,36,0.07418570529288691,-1.32797077474854,0.5180541048696575
20260925,32,36,0.0772326699655371,-1.4372776551565758,0.5356771856028792
20260925,33,36,0.07999381358549204,-1.5665839679288562,0.5290740760035222
20260925,34,36,0.08180514366961504,-1.7023105256389337,0.4949324994409769
20260925,35,36,0.08265452353798815,-1.8292872579109851,0.43584011219364505
20260925,36,36,0.08282609579394767,-1.9353832199338756,0.3588235246894377
20260925,37,36,0.08251642491720032,-2.0134015530781366,0.2728970113627607
20260925,38,36,0.08160135180197291,-2.060856295931094,0.18713537826375168
20260925,39,36,0.07996451214876758,-2.079837038922162,0.10969534896216619
20260925,40,36,0.07796923051167945,-2.077075061510722,0.04646415425218812
20260925,41,36,0.07656893960010397,-2.0625241615547107,-0.00034758850689856763
20260925,42,36,0.07689870722176592,-2.0463399433801492,-0.03240131543848267
20260925,43,36,0.07901729109086526,-2.035189917107033,-0.05410799302216946
20260925,44,36,0.08137526836546306,-2.0313478152485263,-0.07131997428320087
20260925,45,36,0.08291795872924503,-2.035543932623109,-0.09061143965652023
20260925,46,36,0.0838277148385536,-2.047023167684654,-0.11815161691548286
20260925,47,36,0.08448100741797604,-2.0621751615184656,-0.15819360699647994
20260925,48,36,0.08484040944824814,-2.0746233301369235,-0.21172264761940857
20260925,49,36,0.08473210723331506,-2.076977092150321,-0.27568686345978693
20260925,50,36,0.08426376098276316,-2.0631391100447045,-0.34350486259199264
20260925,51,36,0.0834812021107669,-2.029183967694388,-0.40576830669301
20260925,52,36,0.08235948717025249,-1.9743692241321078,-0.45156395159463425
20260925,53,36,0.08121872293724072,-1.9019415841551877,-0.47136697223397067
20260925,54,36,0.0806487236139488,-1.8179678335592662,-0.45884373451222826
20260925,55,36,0.08082153887082384,-1.729766724106894,-0.40955212613579906
20260925,56,36,0.0810407072001007,-1.6462794295045735,-0.3202851903766778
20260925,57,36,0.08033635333128343,-1.578149326201272,-0.19291536427711398
20260925,58,36,0.07823745914854849,-1.5348279746922455,-0.03738732167268255
20260925,59,36,0.07513167790880056,-1.5207436157784235,0.13034662931647548
20260925,60,36,0.07258489383493189,-1.5330116801025924,0.29458543040015384
20260925,0,37,0.06524273753491838,-1.838627518794933,0.7005981848226618
20260925,1,37,0.06370244402932619,-1.8998168354250626,0.6437515164176546
20260925,2,37,0.061226694181969445,-1.9543770608383,0.5682641176234059
20260925,3,37,0.05760232433599491,-1.994500112752839,0.48448916726603025
20260925,4,37,0.05388275659109216,-2.01707804798497,0.404014102126817
20260925,5,37,0.05144281559948106,-2.024159473883983,0.33375210762641894
20260925,6,37,0.0511901489530058,-2.0199816569744558,0.2759629306088106
20260925,7,37,0.05318655429987692,-2.008101699532124,0.23314962402881045
20260925,8,37,0.05657516464781712,-1.991205296736918,0.21203882155451487
20260925,9,37,0.060373624307241726,-1.9734638041815344,0.2197131929680754
20260925,10,37,0.06391767548994971,-1.9606759336343966,0.25850769923554234
20260925,11,37,0.06682826656452041,-1.9583505445944849,0.3244119495885137
20260925,12,37,0.06920553745371719,-1.9699560097940365,0.4073800685273203
20260925,13,37,0.07159152430920425,-1.9958711919990526,0.4943819666931282
20260925,14,37,0.07443228367271218,-2.032964003966044,0.5730330371369107
20260925,15,37,0.07751850474113407,-2.0742008961051317,0.6327633607990992
20260925,16,37,0.08007975938731904,-2.1089438609542843,0.6648465801220136
20260925,17,37,0.08156189153870785,-2.125513537503219,0.6642012975529454
20260925,18,37,0.08207814352706408,-2.114625317342435,0.6316032696530715
20260925,19,37,0.08190750779941033,-2.0707668002133124,0.5734736957756037
20260925,20,37,0.08104391213982452,-1.992759510456718,0.5002748733450486
20260925,21,37,0.07979379477519391,-1.8850356660481704,0.42447367019677423
20260925,22,37,0.0791078186957491,-1.75593230345369,0.35749730607428326
20260925,23,37,0.07970833886176759,-1.6145321186246193,0.30830062510858175
20260925,24,37,0.0809585799890154,-1.4725884748971803,0.2844999694389048
20260925,25,37,0.08145507403725774,-1.3473819011617496,0.2909645529894156
20260925,26,37,0.08074003197710854,-1.2557375314190604,0.32605965433831924
20260925,27,37,0.07926770139869734,-1.2077828007064713,0.38221783321866354
20260925,28,37,0.07771128761118742,-1.2062890052262736,0.44907744539829075
20260925,29,37,0.07669158707599019,-1.2482468401886009,0.5161347720546148
20260925,30,37,0.07659699990921318,-1.3274164343519947,0.5741140421526607
20260925,31,37,0.07754187393167784,-1.4359213970465396,0.6151873973590981
20260925,32,37,0.0793533864194015,-1.5646117192587037,0.6328329513340566
20260925,33,37,0.08153467534963431,-1.7026747455635096,0.6220082293110891
20260925,34,37,0.08350385342921121,-1.8372864673435971,0.5807396048296214
20260925,35,37,0.08483237073686235,-1.9553366337577227,0.5116545876628221
20260925,36,37,0.08520607005837148,-2.0462215290200145,0.42165554029948915
20260925,37,37,0.08442348344880583,-2.103993813651902,0.32056360682787216
20260925,38,37,0.08251913591688753,-2.1286004202162845,0.21918639159548098
20260925,39,37,0.07980487006134758,-2.125654600126014,0.12689400058446254
20260925,40,37,0.07697516854175525,-2.1049136218992337,0.04968148002762703
20260925,41,37,0.07509682421092535,-2.0777141644375194,-0.010882036742583114
20260925,42,37,0.07510176004824455,-2.053808790676214,-0.0573490406478175
20260925,43,37,0.07677641014822525,-2.0390186820202505,-0.0946346862632497
20260925,44,37,0.07862762887431601,-2.0354036168403837,-0.12809283733032495
20260925,45,37,0.07953333255768107,-2.04282441679982,-0.1628645788453284
20260925,46,37,0.07950118570804073,-2.05894605774761,-0.20334530820914898
20260925,47,37,0.07911506957861933,-2.0791523325464905,-0.2521539690403356
20260925,48,37,0.0789591165595716,-2.0973321358988746,-0.30935670365205026
20260925,49,37,0.0792675968748773,-2.1067203396761105,-0.3718849841821954
20260925,50,37,0.07984210078185379,-2.100807675257388,-0.43307914296740857
20260925,51,37,0.08021487324460123,-2.074806225244061,-0.4830195213816583
20260925,52,37,0.08010900323068285,-2.0276315401772536,-0.5108849721512958
20260925,53,37,0.07975541292404315,-1.9626246245872092,-0.5082475223263108
20260925,54,37,0.07965575124398411,-1.8861350541301087,-0.47030747422547836
20260925,55,37,0.08005637527960417,-1.8058020103636225,-0.39487579690421354
20260925,56,37,0.0806787954877134,-1.7300759712976463,-0.2821605109214058
20260925,57,37,0.0810449734134893,-1.6677642726075321,-0.1369492712216319
20260925,58,37,0.08098445964569301,-1.626061924631482,0.03017956388080724
20260925,59,37,0.08069575268637122,-1.60848014399451,0.20504860034789818
20260925,60,37,0.0803167570836505,-1.6145476148336497,0.3728244515013913
20260925,0,38,0.05348200617266138,-1.852008942398772,0.6201949186484063
20260925,1,38,0.05419379193565859,-1.9054340007289339,0.578475406207786
20260925,2,38,0.054360339658415906,-1.955699406805801,0.5207139617766989
20260925,3,38,0.051461916134912175,-1.9935203974577547,0.45692108360067385
20260925,4,38,0.04652526292755379,-2.013637321548,0.40170267718669705
20260925,5,38,0.041860472925567827,-2.0183006700472883,0.36256875516047604
20260925,6,38,0.04035207581844477,-2.0154932584488203,0.3349439976994392
20260925,7,38,0.04395286900015013,-2.012182242615445,0.31039845402402744
20260925,8,38,0.05079749970010297,-2.0080312662919955,0.29762758975801834
20260925,9,38,0.05818792736220762,-2.0038365976827617,0.31038239785371186
20260925,10,38,0.06455217477114156,-2.00418325517846,0.35280484489283354
20260925,11,38,0.06889680240767096,-2.0135604024227174,0.4194995321001198
20260925,12,38,0.07130165148593098,-2.034114549874928,0.49724587024450617
20260925,13,38,0.07306303768394715,-2.065142877089027,0.570556023465911
20260925,14,38,0.07476570217360781,-2.102050636645718,0.6273118505097334
20260925,15,38,0.07622070277829027,-2.1367236357798314,0.6585148237393099
20260925,16,38,0.0768138966734969,-2.158698436761016,0.6586751358218215
20260925,17,38,0.07632652774827542,-2.158388187512678,0.6274631156093173
20260925,18,38,0.07603588346440639,-2.131306831983496,0.5701661321922898
20260925,19,38,0.07738526793398309,-2.0757609707767775,0.49476544570158554
20260925,20,38,0.07955266066270465,-1.989171635739989,0.4113790208406968
20260925,21,38,0.08198898661713404,-1.8741993092777942,0.3323002036877155
20260925,22,38,0.08558813692676685,-1.7379504902088159,0.26841536048238146
20260925,23,38,0.09059031611090777,-1.5895216112777997,0.22962998011908337
20260925,24,38,0.0939440371698647,-1.4480108575573367,0.22751120808400652
20260925,25,38,0.092263251372013,-1.3423367658576826,0.26615113728101525
20260925,26,38,0.08781299684053533,-1.2852647991241324,0.3339804336331038
20260925,27,38,0.08355839517223741,-1.2749152188834514,0.41675490223022466
20260925,28,38,0.08056684872273212,-1.3069467930479544,0.5030031321651856
20260925,29,38,0.07904277446792236,-1.376075437895004,0.5829043799128146
20260925,30,38,0.07870978772357792,-1.4761521244365856,0.6472279731185134
20260925,31,38,0.07928886955505707,-1.5984914670020698,0.6878390047613446
20260925,32,38,0.08089523412987303,-1.7317413686371899,0.6998249019225196
20260925,33,38,0.0834003081246121,-1.8644109823728012,0.6804850067500159
20260925,34,38,0.0862543106552424,-1.9848531608634556,0.6290486351536737
20260925,35,38,0.08864515521720683,-2.0816288537528598,0.548026270092332
20260925,36,38,0.08944911842731969,-2.145214066695529,0.44377424058991777
20260925,37,38,0.08781899493127038,-2.171096679873869,0.3272217805649347
20260925,38,38,0.08400505145677979,-2.1629268110953532,0.2120515492827765
20260925,39,38,0.07875076859294361,-2.1307477121772744,0.10943990404468186
20260925,40,38,0.07276270036382759,-2.0870793240371164,0.025480215268154114
20260925,41,38,0.0671945981432884,-2.0443702214046366,-0.038887383787880495
20260925,42,38,0.06478279243944239,-2.0134399913945216,-0.0880389383063994
20260925,43,38,0.06747757257571976,-1.9998114160858784,-0.13009876605761644
20260925,44,38,0.07174036979782702,-2.002476157575015,-0.17012350786971886
20260925,45,38,0.07412911857374375,-2.0191854927356934,-0.21048044407017608
20260925,46,38,0.07431262171658318,-2.0459862843061978,-0.25361911315169927
20260925,47,38,0.07365612649457678,-2.0771746995428617,-0.3015819270537115
20260925,48,38,0.07346299615056234,-2.106433341260842,-0.3546927928275714
20260925,49,38,0.0739830156101905,-2.126824396926391,-0.4096933913228903
20260925,50,38,0.07536472424586206,-2.1325265820834822,-0.4609569371676259
20260925,51,38,0.07680147389001007,-2.11820842978462,-0.4983007407698665
20260925,52,38,0.07737540716118478,-2.0817423009770155,-0.5098235944752783
20260925,53,38,0.07715057594863327,-2.026591507489981,-0.48791194432640034
20260925,54,38,0.07709775983986397,-1.9599935479370443,-0.4311752034038191
20260925,55,38,0.0781221280404662,-1.889545670840347,-0.3410756147230332
20260925,56,38,0.07986756707534856,-1.8223861632252045,-0.21849293403026895
20260925,57,38,0.08179670534147626,-1.7659497665065413,-0.06850434728756619
20260925,58,38,0.08404846646489772,-1.7260026315719967,0.09854611054496225
20260925,59,38,0.08687425002475369,-1.705287009679879,0.2702609774004636
20260925,60,38,0.08878066289539739,-1.7049645480452873,0.43123057960600825
20260925,0,39,0.03641698202460804,-1.885354389365755,0.5451312707788476
20260925,1,39,0.0435338616937724,-1.9261510294600046,0.5285869670267698
20260925,2,39,0.04880133699047379,-1.9700445634478814,0.4925726328469544
20260925,3,39,0.04631220347842028,-2.0036318219398748,0.45178969067963776
20260925,4,39,0.03916791596000052,-2.0188702599016097,0.42461711854773293
20260925,5,39,0.030456494940830473,-2.017071676462251,0.4202826031009451
20260925,6,39,0.02538063909586544,-2.0093123993552555,0.42794674734557675
20260925,7,39,0.03222036157564189,-2.0119727133462306,0.4129513230199897
20260925,8,39,0.04410400747816362,-2.015094076695655,0.40368239385053284
20260925,9,39,0.05587212482918087,-2.01724431501372,0.42155803542424813
20260925,10,39,0.06516874147785297,-2.0237107038748356,0.46781216609105974
20260925,11,39,0.06961269842335317,-2.0380660911008066,0.5331857839687899
20260925,12,39,0.06994827621553136,-2.0611095118067393,0.5996697870472228
20260925,13,39,0.0725595589090472,-2.0949387945973603,0.6518013653045321
20260925,14,39,0.07466157416807502,-2.131507630640388,0.6816026307036896
20260925,15,39,0.07520127441905612,-2.160970289717223,0.6818226101898979
20260925,16,39,0.07413496414222887,-2.173878797344782,0.6506453361705857
20260925,17,39,0.07091793844642287,-2.1618139838004615,0.5925668227448192
20260925,18,39,0.06810518227997298,-2.1250940433756944,0.5169810229549638
20260925,19,39,0.07220563259109178,-2.069731216855429,0.42797203139247186
20260925,20,39,0.07830617814622041,-1.9853483371396354,0.3351671610910335
20260925,21,39,0.08487319914090732,-1.8732521281964811,0.25256677137822214
20260925,22,39,0.09372083150532602,-1.739751809662325,0.19041137917791023
20260925,23,39,0.10610303493616038,-1.5919704729738287,0.15885427235008853
20260925,24,39,0.11530963258757833,-1.4557769118687864,0.17701136389275168
20260925,25,39,0.10717379355133012,-1.3883213221017594,0.2541887473999771
20260925,26,39,0.09575795287486454,-1.3788182776561058,0.35339515096209484
20260925,27,39,0.08749960646908632,-1.4093889593274649,0.455294049737196
20260925,28,39,0.08233855143821481,-1.4731774789660907,0.5506269491445995
20260925,29,39,0.07990352170228567,-1.5636849083529123,0.6321688995276786
20260925,30,39,0.07939317661137132,-1.674837412355385,0.6925026409355248
20260925,31,39,0.07979344911248959,-1.798466761214716,0.7234167205907379
20260925,32,39,0.0816708892030008,-1.922703149244824,0.7229446021670239
20260925,33,39,0.08503611622703014,-2.0371628795220342,0.6903721275663532
20260925,34,39,0.08920442884473526,-2.1315065584103707,0.6255906741372272
20260925,35,39,0.09298486455007851,-2.1955304550335906,0.5312299503543491
20260925,36,39,0.094509594798388,-2.221133145164769,0.4139525109667618
20260925,37,39,0.09202516076963972,-2.2065138183762594,0.28611739974024
20260925,38,39,0.08589760009942438,-2.160735091687856,0.1643173645338409
20260925,39,39,0.0772602761821556,-2.0990189430109156,0.061135477122099206
20260925,40,39,0.06654411913580695,-2.0365740546095124,-0.017549801072622228
20260925,41,39,0.05360566321095506,-1.9858013843022684,-0.0707802283400926
20260925,42,39,0.04452371939732084,-1.955731409712479,-0.10574441701515043
20260925,43,39,0.0529317387247466,-1.94639156017395,-0.14592212801450366
20260925,44,39,0.0633263222363462,-1.9551532397929419,-0.18681546487263195
20260925,45,39,0.06863101292556655,-1.982654342427622,-0.2249656257523178
20260925,46,39,0.07010885003255092,-2.0235016050947836,-0.26357022434574945
20260925,47,39,0.07142187166135096,-2.070723842529678,-0.3076029959549251
20260925,48,39,0.07382962247415775,-2.1170917755201586,-0.35778676195055625
20260925,49,39,0.07194154405240212,-2.1471134213174614,-0.39773794342951374
20260925,50,39,0.07209463580082859,-2.162246750578381,-0.4336318459289746
20260925,51,39,0.07404024430065582,-2.159256569021962,-0.45865930785462133
20260925,52,39,0.07498265046325199,-2.133352791737087,-0.45737333786151324
20260925,53,39,0.07409304100529408,-2.0872268933754357,-0.4211286817170326
20260925,54,39,0.0729608434716467,-2.029773305837844,-0.352322371584173
20260925,55,39,0.07518828236698895,-1.9698398084945563,-0.26007417303964275
20260925,56,39,0.07866065610002337,-1.9116284619664845,-0.14019342702052293
20260925,57,39,0.08245726274671222,-1.861594460172206,0.0028456043235337014
20260925,58,39,0.08757361902038757,-1.8244425639586963,0.15904709199168524
20260925,59,39,0.09591449932306155,-1.8011814463527125,0.31962765665514425
20260925,60,39,0.10335845750743446,-1.7942704638150677,0.46918520905637706
20260925,0,40,0.016308884336205233,-1.9446848331848623,0.49099179113789104
20260925,1,40,0.03513118867859967,-1.9641332565721814,0.4985188654384989
20260925,2,40,0.045612362403237565,-1.9994284994445697,0.4819181454300369
20260925,3,40,0.04325605159835066,-2.0265017434639696,0.46336007017275793
20260925,4,40,0.03487755419735459,-2.036074410902466,0.45862308503161386
20260925,5,40,0.023441715983613356,-2.029369332200756,0.4765211823535547
20260925,6,40,0.013212746256173007,-2.014870353947337,0.5128187101747104
20260925,7,40,0.02475001480163945,-2.017753361934195,0.5011698570827856
20260925,8,40,0.03996941026957423,-2.0157862811935194,0.5059049051552006
20260925,9,40,0.05434534212765141,-2.013057895251503,0.5373433649238976
20260925,10,40,0.0653914927733366,-2.016884287812561,0.5899091469859282
20260925,11,40,0.06873550312344984,-2.030833834165559,0.6495465574841913
20260925,12,40,0.06435635529464714,-2.052823237220749,0.696504021175546
20260925,13,40,0.07080803168989931,-2.0882721565161555,0.7277850089115812
20260925,14,40,0.07441942361094547,-2.1249779312381665,0.7314466739077047
20260925,15,40,0.07460982788044344,-2.152639590859266,0.7023227356594862
20260925,16,40,0.07263957138565472,-2.1632140720908533,0.6436648619188134
20260925,17,40,0.06709017687100342,-2.1487189708028076,0.5647302039721396
20260925,18,40,0.059489537311298836,-2.1100389936213215,0.4805037409068297
20260925,19,40,0.06825310639473353,-2.064159480696497,0.38000379810806184
20260925,20,40,0.07763798776019139,-1.9896109772940669,0.28067195116422117
20260925,21,40,0.08701481882718605,-1.8907539888208682,0.1984637745299513
20260925,22,40,0.09919695695816504,-1.7746645794336409,0.14258760942153342
20260925,23,40,0.1174181365962084,-1.647098944461738,0.12109995839937149
20260925,24,40,0.13689121410164687,-1.5287883221955403,0.15350916625713484
20260925,25,40,0.11800650187809532,-1.5127621960274698,0.26633141483043965
20260925,26,40,0.1009097489853551,-1.5438267003110475,0.3843703159092942
20260925,27,40,0.09009437925565006,-1.6040088746254852,0.4928202472161477
20260925,28,40,0.08331975092731989,-1.6884295536089182,0.5852198419162804
20260925,29,40,0.08012680800997962,-1.7895470364146102,0.6569203643994208
20260925,30,40,0.07969685884895711,-1.9008015832190364,0.7033388613024819
20260925,31,40,0.07990285725939596,-2.013933443187463,0.715430338120521
20260925,32,40,0.08206024573173724,-2.1178945562603713,0.6952291482792013
20260925,33,40,0.08608192040193254,-2.2035753816143338,0.6433842685274376
20260925,34,40,0.09100196389030313,-2.2612677782078605,0.5606539722526362
20260925,35,40,0.09526444659612816,-2.282034475395467,0.45118469246945136
20260925,36,40,0.09702001311955963,-2.2615984385131407,0.3246824405114771
20260925,37,40,0.09438898079106794,-2.2039295944578337,0.19564062913160263
20260925,38,40,0.08704298959692774,-2.123433942012381,0.08048613265930094
20260925,39,40,0.07611953142701368,-2.0399205286275697,-0.009012802423287395
20260925,40,40,0.062186586213355696,-1.971313744912176,-0.06853226152517365
20260925,41,40,0.0428488401746738,-1.932353860761961,-0.09667701422757391
20260925,42,40,0.02229370615619234,-1.9295598142098918,-0.09802450553269078
20260925,43,40,0.04190846252922017,-1.9057175379256792,-0.14284961669404567
20260925,44,40,0.05769005017988396,-1.911204619497658,-0.17805427885354275
20260925,45,40,0.06487111621638302,-1.9476897463466294,-0.2055040677970823
20260925,46,40,0.0677534766957849,-2.002599152043069,-0.2337262561980073
20260925,47,40,0.0726870509919357,-2.066005350239232,-0.2715831575749804
20260925,48,40,0.08232435304857702,-2.1330029630867844,-0.32288437098169
20260925,49,40,0.07325286658457526,-2.169370169805771,-0.3418119845056033
20260925,50,40,0.07043000643219022,-2.1903992229095652,-0.3614578637054668
20260925,51,40,0.07232533907014159,-2.195615312175175,-0.3760791673431862
20260925,52,40,0.0735509860130524,-2.1778202145344006,-0.36734173678701204
20260925,53,40,0.072030492328809,-2.138497331465114,-0.32550730059763666
20260925,54,40,0.06875038392727116,-2.087167631103937,-0.2529089978556984
20260925,55,40,0.07297347989944422,-2.037042638880616,-0.1684046216233764
20260925,56,40,0.07780996736791088,-1.9874087267014149,-0.0591485618126915
20260925,57,40,0.08283471822551323,-1.9447502838099044,0.0682634553780955
20260925,58,40,0.08991104914791904,-1.9132477286601999,0.2042228484105968
20260925,59,40,0.10366681150291007,-1.892478243506502,0.34380086319015335
20260925,60,40,0.12130094707270318,-1.882933608247489,0.476091264252965
