elapsed_s,flight_s,hold_s,swap_s,battery_Wh,used_Wh,flown_km,x_grid,y_grid,completed_swaps,status_code
0,0,0,0,209,0,0,4,20,0,1
1,1,0,0,208.74049593050296,0.25950406949703736,0.011198383263929525,4.055991916319647,20,0,1
2,2,0,0,208.48099186100592,0.5190081389940747,0.02239676652785905,4.111983832639296,20,0,1
3,3,0,0,208.22148779150888,0.778512208491112,0.03359514979178858,4.167975748958943,20,0,1
4,4,0,0,207.96198372201184,1.0380162779881494,0.0447935330557181,4.2239676652785905,20,0,1
5,5,0,0,207.7024796525148,1.2975203474851869,0.055991916319647624,4.279959581598238,20,0,1
6,6,0,0,207.44297558301776,1.5570244169822243,0.06719029958357715,4.335951497917886,20,0,1
7,7,0,0,207.18347151352071,1.8165284864792617,0.07838868284750668,4.3919434142375335,20,0,1
8,8,0,0,206.92396744402367,2.076032555976299,0.0895870661114362,4.447935330557181,20,0,1
9,9,0,0,206.66446337452663,2.335536625473336,0.10078544937536572,4.503927246876828,20,0,1
10,10,0,0,206.4049593050296,2.5950406949703733,0.11198383263929525,4.559919163196477,20,0,1
11,11,0,0,206.14545523553255,2.8545447644674105,0.12318221590322477,4.615911079516124,20,0,1
12,12,0,0,205.8859511660355,3.1140488339644476,0.1343805991671543,4.671902995835771,20,0,1
13,13,0,0,205.62644709653847,3.373552903461485,0.14557898243108383,4.727894912155419,20,0,1
14,14,0,0,205.36694302704143,3.633056972958522,0.15677736569501335,4.783886828475067,20,0,1
15,15,0,0,205.1074389575444,3.8925610424555592,0.16797574895894288,4.8398787447947145,20,0,1
16,16,0,0,204.84793488804735,4.152065111952597,0.1791741322228724,4.895870661114362,20,0,1
17,17,0,0,204.5884308185503,4.411569181449634,0.19037251548680192,4.951862577434009,20,0,1
18,18,0,0,204.32862311451086,4.67137688548907,0.2015265904469868,5.007632952234934,20,0,1
19,19,0,0,204.06695454142863,4.93304545857131,0.21240911543750668,5.062045577187534,20,0,1
20,20,0,0,203.8052859683464,5.194714031653549,0.22329164042802657,5.116458202140133,20,0,1
21,21,0,0,203.54361739526416,5.456382604735789,0.23417416541854646,5.170870827092733,20,0,1
22,22,0,0,203.28194882218193,5.718051177818029,0.24505669040906636,5.225283452045332,20,0,1
23,23,0,0,203.0202802490997,5.979719750900268,0.25593921539958625,5.279696076997931,20,0,1
24,24,0,0,202.75861167601747,6.241388323982508,0.26682174039010614,5.334108701950531,20,0,1
25,25,0,0,202.49694310293523,6.503056897064748,0.27770426538062604,5.38852132690313,20,0,1
26,26,0,0,202.235274529853,6.764725470146987,0.28858679037114593,5.44293395185573,20,0,1
27,27,0,0,201.97360595677077,7.026394043229227,0.2994693153616658,5.497346576808329,20,0,1
28,28,0,0,201.71193738368854,7.288062616311467,0.3103518403521857,5.551759201760929,20,0,1
29,29,0,0,201.4502688106063,7.5497311893937065,0.3212343653427056,5.6061718267135285,20,0,1
30,30,0,0,201.18860023752407,7.811399762475946,0.3321168903332255,5.660584451666129,20,0,1
31,31,0,0,200.92693166444184,8.073068335558187,0.3429994153237454,5.714997076618728,20,0,1
32,32,0,0,200.6652630913596,8.334736908640426,0.3538819403142653,5.769409701571327,20,0,1
33,33,0,0,200.40359451827737,8.596405481722666,0.3647644653047852,5.823822326523927,20,0,1
34,34,0,0,200.14192594519514,8.858074054804906,0.37564699029530507,5.878234951476527,20,0,1
35,35,0,0,199.8802573721129,9.119742627887145,0.38652951528582496,5.932647576429126,20,0,1
36,36,0,0,199.61858879903068,9.381411200969385,0.39741204027634486,5.987060201381725,20,0,1
37,37,0,0,199.35613246901318,9.643867530986885,0.40817653085509353,6.040882654275469,20,0,1
38,38,0,0,199.09343035357415,9.90656964642591,0.41890419390957284,6.094520969547865,20,0,1
39,39,0,0,198.83072823813512,10.169271761864934,0.42963185696405215,6.148159284820262,20,0,1
40,40,0,0,198.5680261226961,10.431973877303959,0.44035952001853146,6.201797600092658,20,0,1
41,41,0,0,198.30532400725707,10.694675992742983,0.45108718307301077,6.255435915365055,20,0,1
42,42,0,0,198.04262189181804,10.957378108182008,0.4618148461274901,6.309074230637451,20,0,1
43,43,0,0,197.77991977637902,11.220080223621032,0.4725425091819694,6.362712545909848,20,0,1
44,44,0,0,197.51721766094,11.482782339060057,0.4832701722364487,6.416350861182245,20,0,1
45,45,0,0,197.25451554550096,11.745484454499081,0.493997835290928,6.469989176454641,20,0,1
46,46,0,0,196.99181343006194,12.008186569938106,0.5047254983454073,6.523627491727038,20,0,1
47,47,0,0,196.7291113146229,12.27088868537713,0.5154531613998865,6.577265806999434,20,0,1
48,48,0,0,196.4664091991839,12.533590800816155,0.5261808244543658,6.630904122271831,20,0,1
49,49,0,0,196.20370708374486,12.79629291625518,0.536908487508845,6.684542437544227,20,0,1
50,50,0,0,195.94100496830583,13.058995031694204,0.5476361505633243,6.738180752816624,20,0,1
51,51,0,0,195.6783028528668,13.321697147133229,0.5583638136178035,6.79181906808902,20,0,1
52,52,0,0,195.41560073742778,13.584399262572253,0.5690914766722828,6.845457383361417,20,0,1
53,53,0,0,195.15289862198875,13.847101378011278,0.579819139726762,6.899095698633813,20,0,1
54,54,0,0,194.89019650654973,14.109803493450302,0.5905468027812413,6.95273401390621,20,0,1
55,55,0,0,194.62754171096944,14.372458289030602,0.6012787740287657,7.006393870143833,20,0,1
56,56,0,0,194.3652379047561,14.634762095243946,0.6120427007806054,7.0602135039030305,20,0,1
57,57,0,0,194.10293409854276,14.89706590145729,0.6228066275324451,7.114033137662229,20,0,1
58,58,0,0,193.84063029232942,15.159369707670635,0.6335705542842848,7.167852771421428,20,0,1
59,59,0,0,193.57832648611608,15.42167351388398,0.6443344810361245,7.221672405180627,20,0,1
60,60,0,0,193.31602267990274,15.683977320097323,0.6550984077879641,7.275492038939825,20,0,1
61,61,0,0,193.0537188736894,15.946281126310668,0.6658623345398038,7.329311672699024,20,0,1
62,62,0,0,192.79141506747607,16.208584932524012,0.6766262612916435,7.383131306458222,20,0,1
63,63,0,0,192.52911126126273,16.470888738737354,0.6873901880434832,7.436950940217421,20,0,1
64,64,0,0,192.2668074550494,16.733192544950697,0.6981541147953229,7.4907705739766195,20,0,1
65,65,0,0,192.00450364883605,16.99549635116404,0.7089180415471625,7.544590207735818,20,0,1
66,66,0,0,191.7421998426227,17.257800157377382,0.7196819682990022,7.598409841495017,20,0,1
67,67,0,0,191.47989603640937,17.520103963590724,0.7304458950508419,7.652229475254216,20,0,1
68,68,0,0,191.21759223019603,17.782407769804067,0.7412098218026816,7.706049109013414,20,0,1
69,69,0,0,190.9552884239827,18.04471157601741,0.7519737485545213,7.759868742772612,20,0,1
70,70,0,0,190.69298461776935,18.30701538223075,0.7627376753063609,7.813688376531811,20,0,1
71,71,0,0,190.43068081155602,18.569319188444094,0.7735016020582006,7.86750801029101,20,0,1
72,72,0,0,190.16837700534268,18.831622994657437,0.7842655288100403,7.9213276440502085,20,0,1
73,73,0,0,189.90607319912934,19.09392680087078,0.79502945556188,7.975147277809407,20,0,1
74,74,0,0,189.64491542098227,19.35508457901785,0.8059163932990322,8.029581966495169,20,0,1
75,75,0,0,189.38474089978638,19.615259100213745,0.8169088706908736,8.084544353454374,20,0,1
76,76,0,0,189.1245663785905,19.87543362140964,0.8279013480827149,8.139506740413582,20,0,1
77,77,0,0,188.8643918573946,20.135608142605538,0.8388938254745562,8.194469127372788,20,0,1
78,78,0,0,188.6042173361987,20.395782663801434,0.8498863028663974,8.249431514331995,20,0,1
79,79,0,0,188.3440428150028,20.65595718499733,0.8608787802582387,8.304393901291201,20,0,1
80,80,0,0,188.08386829380692,20.916131706193227,0.87187125765008,8.359356288250408,20,0,1
81,81,0,0,187.82369377261102,21.176306227389123,0.8828637350419213,8.414318675209614,20,0,1
82,82,0,0,187.56351925141513,21.43648074858502,0.8938562124337626,8.469281062168822,20,0,1
83,83,0,0,187.30334473021924,21.696655269780916,0.9048486898256038,8.524243449128027,20,0,1
84,84,0,0,187.04317020902334,21.956829790976812,0.9158411672174451,8.579205836087235,20,0,1
85,85,0,0,186.78299568782745,22.21700431217271,0.9268336446092864,8.63416822304644,20,0,1
86,86,0,0,186.52282116663156,22.477178833368605,0.9378261220011277,8.689130610005648,20,0,1
87,87,0,0,186.26264664543567,22.7373533545645,0.948818599392969,8.744092996964856,20,0,1
88,88,0,0,186.00247212423977,22.997527875760397,0.9598110767848103,8.799055383924062,20,0,1
89,89,0,0,185.74229760304388,23.257702396956294,0.9708035541766515,8.854017770883267,20,0,1
90,90,0,0,185.482123081848,23.51787691815219,0.9817960315684928,8.908980157842475,20,0,1
91,91,0,0,185.2219485606521,23.778051439348086,0.9927885089603341,8.963942544801682,20,0,1
92,92,0,0,184.96288382158747,24.037116178412706,1.0039080320492375,9.019540160246198,20,0,1
93,93,0,0,184.70593577461062,24.294064225389548,1.0152698699260436,9.07634934963023,20,0,1
94,94,0,0,184.44898772763378,24.55101227236639,1.0266317078028497,9.13315853901426,20,0,1
95,95,0,0,184.19203968065693,24.80796031934323,1.0379935456796558,9.18996772839829,20,0,1
96,96,0,0,183.9350916336801,25.064908366320072,1.049355383556462,9.246776917782322,20,0,1
97,97,0,0,183.67814358670324,25.321856413296914,1.060717221433268,9.303586107166353,20,0,1
98,98,0,0,183.4211955397264,25.578804460273755,1.0720790593100742,9.360395296550383,20,0,1
99,99,0,0,183.16424749274955,25.835752507250596,1.0834408971868803,9.417204485934414,20,0,1
100,100,0,0,182.9072994457727,26.092700554227438,1.0948027350636864,9.474013675318446,20,0,1
101,101,0,0,182.65035139879586,26.34964860120428,1.1061645729404925,9.530822864702476,20,0,1
102,102,0,0,182.39340335181902,26.60659664818112,1.1175264108172986,9.587632054086507,20,0,1
103,103,0,0,182.13645530484217,26.863544695157962,1.1288882486941048,9.644441243470537,20,0,1
104,104,0,0,181.87950725786533,27.120492742134804,1.1402500865709109,9.701250432854568,20,0,1
105,105,0,0,181.62255921088848,27.377440789111645,1.151611924447717,9.7580596222386,20,0,1
106,106,0,0,181.36561116391164,27.634388836088487,1.162973762324523,9.81486881162263,20,0,1
107,107,0,0,181.1086631169348,27.89133688306533,1.1743356002013292,9.87167800100666,20,0,1
108,108,0,0,180.85171506995795,28.14828493004217,1.1856974380781353,9.92848719039069,20,0,1
109,109,0,0,180.5947670229811,28.40523297701901,1.1970592759549414,9.985296379774722,20,0,1
110,110,0,0,180.3402343286338,28.65976567136632,1.2087368550503177,10.043684275251602,20,0,1
111,111,0,0,180.0865450958163,28.91345490418385,1.2205246936448544,10.102623468224287,20,0,1
112,112,0,0,179.83285586299877,29.167144137001383,1.232312532239391,10.161562661196971,20,0,1
113,113,0,0,179.57916663018125,29.420833369818915,1.2441003708339278,10.220501854169655,20,0,1
114,114,0,0,179.32547739736373,29.674522602636447,1.2558882094284645,10.279441047142338,20,0,1
115,115,0,0,179.0717881645462,29.92821183545398,1.2676760480230012,10.338380240115022,20,0,1
116,116,0,0,178.81809893172868,30.18190106827151,1.2794638866175378,10.397319433087706,20,0,1
117,117,0,0,178.56440969891116,30.435590301089043,1.2912517252120745,10.45625862606039,20,0,1
118,118,0,0,178.31072046609364,30.689279533906575,1.3030395638066112,10.515197819033073,20,0,1
119,119,0,0,178.05703123327612,30.942968766724107,1.314827402401148,10.574137012005757,20,0,1
120,120,0,0,177.8033420004586,31.19665799954164,1.3266152409956846,10.63307620497844,20,0,1
121,121,0,0,177.54965276764108,31.45034723235917,1.3384030795902213,10.692015397951124,20,0,1
122,122,0,0,177.29596353482356,31.704036465176703,1.350190918184758,10.750954590923808,20,0,1
123,123,0,0,177.04227430200604,31.957725697994235,1.3619787567792947,10.809893783896491,20,0,1
124,124,0,0,176.7885850691885,32.21141493081176,1.3737665953738314,10.868832976869175,20,0,1
125,125,0,0,176.534895836371,32.46510416362929,1.385554433968368,10.92777216984186,20,0,1
126,126,0,0,176.28120660355347,32.71879339644682,1.3973422725629048,10.986711362814544,20,0,1
127,127,0,0,176.0293536217079,32.970646378292386,1.409443209544048,11.047216047720259,20,0,1
128,128,0,0,175.77803516288242,33.22196483711787,1.4216352878221852,11.108176439110945,20,0,1
129,129,0,0,175.52671670405692,33.47328329594336,1.4338273661003225,11.16913683050163,20,0,1
130,130,0,0,175.27539824523143,33.72460175476885,1.4460194443784598,11.230097221892317,20,0,1
131,131,0,0,175.02407978640593,33.975920213594335,1.458211522656597,11.291057613283003,20,0,1
132,132,0,0,174.77276132758044,34.22723867241982,1.4704036009347343,11.35201800467369,20,0,1
133,133,0,0,174.52144286875495,34.47855713124531,1.4825956792128716,11.412978396064377,20,0,1
134,134,0,0,174.27012440992945,34.7298755900708,1.494787757491009,11.473938787455063,20,0,1
135,135,0,0,174.01880595110396,34.981194048896285,1.5069798357691462,11.534899178845748,20,0,1
136,136,0,0,173.76748749227846,35.23251250772177,1.5191719140472835,11.595859570236435,20,0,1
137,137,0,0,173.51616903345297,35.48383096654726,1.5313639923254208,11.656819961627122,20,0,1
138,138,0,0,173.26485057462747,35.73514942537275,1.543556070603558,11.717780353017808,20,0,1
139,139,0,0,173.01353211580198,35.986467884198234,1.5557481488816953,11.778740744408495,20,0,1
140,140,0,0,172.76221365697648,36.23778634302372,1.5679402271598326,11.839701135799181,20,0,1
141,141,0,0,172.510895198151,36.48910480184921,1.58013230543797,11.900661527189866,20,0,1
142,142,0,0,172.2595767393255,36.740423260674696,1.5923243837161072,11.961621918580553,20,0,1
143,143,0,0,172.00860366347868,36.99139633652152,1.6046438713605886,12.023219356802961,20,0,1
144,144,0,0,171.75821755752523,37.24178244247497,1.6171798880953796,12.085899440476917,20,0,1
145,145,0,0,171.50783145157178,37.492168548428424,1.6297159048301706,12.148579524150872,20,0,1
146,146,0,0,171.25744534561832,37.74255465438188,1.6422519215649616,12.211259607824827,20,0,1
147,147,0,0,171.00705923966487,37.99294076033533,1.6547879382997526,12.273939691498782,20,0,1
148,148,0,0,170.75667313371142,38.24332686628878,1.6673239550345436,12.336619775172736,20,0,1
149,149,0,0,170.50628702775796,38.493712972242236,1.6798599717693345,12.39929985884669,20,0,1
150,150,0,0,170.2559009218045,38.74409907819569,1.6923959885041255,12.461979942520646,20,0,1
151,151,0,0,170.00551481585106,38.99448518414914,1.7049320052389165,12.524660026194601,20,0,1
152,152,0,0,169.7551287098976,39.244871290102594,1.7174680219737075,12.587340109868556,20,0,1
153,153,0,0,169.50474260394415,39.49525739605605,1.7300040387084985,12.650020193542511,20,0,1
154,154,0,0,169.2543564979907,39.7456435020095,1.7425400554432895,12.712700277216467,20,0,1
155,155,0,0,169.00397039203725,39.99602960796295,1.7550760721780805,12.775380360890422,20,0,1
156,156,0,0,168.7535842860838,40.246415713916406,1.7676120889128715,12.838060444564377,20,0,1
157,157,0,0,168.50319818013034,40.49680181986986,1.7801481056476625,12.900740528238332,20,0,1
158,158,0,0,168.2528120741769,40.74718792582331,1.7926841223824534,12.963420611912287,20,0,1
159,159,0,0,168.0026005448136,40.99739945518662,1.805319227553968,13.026596137769861,20,0,1
160,160,0,0,167.75263367961338,41.247366320386824,1.8180932023724599,13.09046601186232,20,0,1
161,161,0,0,167.50266681441317,41.49733318558703,1.8308671771909517,13.15433588595478,20,0,1
162,162,0,0,167.25269994921297,41.74730005078724,1.8436411520094436,13.218205760047239,20,0,1
163,163,0,0,167.00273308401276,41.997266915987446,1.8564151268279354,13.282075634139698,20,0,1
164,164,0,0,166.75276621881255,42.24723378118765,1.8691891016464273,13.345945508232157,20,0,1
165,165,0,0,166.50279935361235,42.49720064638786,1.8819630764649191,13.409815382324616,20,0,1
166,166,0,0,166.25283248841214,42.74716751158807,1.894737051283411,13.473685256417076,20,0,1
167,167,0,0,166.00286562321193,42.997134376788274,1.9075110261019028,13.537555130509535,20,0,1
168,168,0,0,165.75289875801172,43.24710124198848,1.9202850009203947,13.601425004601994,20,0,1
169,169,0,0,165.50293189281152,43.49706810718869,1.9330589757388865,13.665294878694453,20,0,1
170,170,0,0,165.2529650276113,43.747034972388896,1.9458329505573784,13.729164752786913,20,0,1
171,171,0,0,165.0029981624111,43.9970018375891,1.9586069253758702,13.793034626879372,20,0,1
172,172,0,0,164.7530312972109,44.24696870278931,1.971380900194362,13.856904500971831,20,0,1
173,173,0,0,164.5030644320107,44.49693556798952,1.984154875012854,13.92077437506429,20,0,1
174,174,0,0,164.25309756681048,44.746902433189724,1.9969288498313458,13.98464424915675,20,0,1
175,175,0,0,164.00390457120216,44.99609542879805,2.0097617871930398,14.048808935965218,20,0,1
176,176,0,0,163.75495652176295,45.24504347823726,2.0226133874525014,14.113066937262527,20,0,1
177,177,0,0,163.50600847232374,45.493991527676464,2.035464987711963,14.177324938559835,20,0,1
178,178,0,0,163.25706042288454,45.74293957711567,2.0483165879714247,14.241582939857143,20,0,1
179,179,0,0,163.00811237344533,45.99188762655488,2.0611681882308863,14.305840941154452,20,0,1
180,180,0,0,162.75916432400612,46.240835675994084,2.074019788490348,14.37009894245176,20,0,1
181,181,0,0,162.51021627456691,46.48978372543329,2.0868713887498096,14.434356943749068,20,0,1
182,182,0,0,162.2612682251277,46.7387317748725,2.0997229890092712,14.498614945046377,20,0,1
183,183,0,0,162.0123201756885,46.987679824311705,2.112574589268733,14.562872946343685,20,0,1
184,184,0,0,161.7633721262493,47.23662787375091,2.1254261895281945,14.627130947640993,20,0,1
185,185,0,0,161.5144240768101,47.48557592319012,2.138277789787656,14.6913889489383,20,0,1
186,186,0,0,161.26547602737088,47.734523972629326,2.151129390047118,14.75564695023561,20,0,1
187,187,0,0,161.01652797793167,47.98347202206853,2.1639809903065794,14.819904951532918,20,0,1
188,188,0,0,160.76757992849247,48.23242007150774,2.176832590566041,14.884162952830225,20,0,1
189,189,0,0,160.51863187905326,48.48136812094695,2.1896841908255027,14.948420954127535,20,0,1
190,190,0,0,160.2698517220282,48.73014827797202,2.2023413953419033,15.008278082618506,19.991721917381494,0,1
191,191,0,0,160.02175456531663,48.97824543468359,2.214207781796974,15.05023209427131,19.94976790572869,0,1
192,192,0,0,159.77365740860506,49.226342591395166,2.2260741682520444,15.092186105924112,19.907813894075886,0,1
193,193,0,0,159.5255602518935,49.47443974810674,2.237940554707115,15.134140117576916,19.865859882423084,0,1
194,194,0,0,159.27746309518193,49.72253690481831,2.2498069411621855,15.176094129229718,19.823905870770282,0,1
195,195,0,0,159.02936593847036,49.970634061529886,2.261673327617256,15.218048140882521,19.78195185911748,0,1
196,196,0,0,158.7812687817588,50.21873121824146,2.2735397140723266,15.260002152535323,19.739997847464675,0,1
197,197,0,0,158.53317162504723,50.46682837495303,2.285406100527397,15.301956164188127,19.698043835811873,0,1
198,198,0,0,158.28507446833567,50.714925531664605,2.2972724869824677,15.343910175840929,19.65608982415907,0,1
199,199,0,0,158.0369773116241,50.96302268837618,2.309138873437538,15.385864187493732,19.61413581250627,0,1
200,200,0,0,157.78888015491253,51.21111984508775,2.3210052598926088,15.427818199146534,19.572181800853464,0,1
201,201,0,0,157.54078299820097,51.459217001799324,2.3328716463476793,15.469772210799338,19.530227789200662,0,1
202,202,0,0,157.2926858414894,51.7073141585109,2.34473803280275,15.51172622245214,19.48827377754786,0,1
203,203,0,0,157.04458868477784,51.95541131522247,2.3566044192578204,15.553680234104943,19.446319765895055,0,1
204,204,0,0,156.79649152806627,52.20350847193404,2.368470805712891,15.595634245757747,19.404365754242253,0,1
205,205,0,0,156.5483943713547,52.451605628645616,2.3803371921679615,15.637588257410549,19.36241174258945,0,1
206,206,0,0,156.30029721464314,52.69970278535719,2.392203578623032,15.679542269063353,19.32045773093665,0,1
207,207,0,0,156.05220005793157,52.94779994206876,2.4040699650781026,15.721496280716154,19.278503719283844,0,1
208,208,0,0,155.80410290122,53.195897098780335,2.415936351533173,15.763450292368958,19.236549707631042,0,1
209,209,0,0,155.55600574450844,53.44399425549191,2.4278027379882436,15.80540430402176,19.19459569597824,0,1
210,210,0,0,155.30790858779687,53.69209141220348,2.439669124443314,15.847358315674564,19.152641684325438,0,1
211,211,0,0,155.0598114310853,53.940188568915055,2.4515355108983847,15.889312327327367,19.110687672672633,0,1
212,212,0,0,154.81171427437374,54.18828572562663,2.4634018973534553,15.93126633898017,19.06873366101983,0,1
213,213,0,0,154.56361711766218,54.4363828823382,2.475268283808526,15.973220350632973,19.02677964936703,0,1
214,214,0,0,154.3155975266021,54.68440247339827,2.4870233566507176,16.01478080923325,18.98521919076675,0,1
215,215,0,0,154.06771482307053,54.93228517692983,2.4985819837071475,16.05564672709729,18.94435327290271,0,1
216,216,0,0,153.81983211953897,55.18016788046139,2.5101406107635773,16.09651264496133,18.90348735503867,0,1
217,217,0,0,153.5719494160074,55.42805058399295,2.521699237820007,16.13737856282537,18.86262143717463,0,1
218,218,0,0,153.32406671247585,55.67593328752451,2.533257864876437,16.178244480689408,18.821755519310592,0,1
219,219,0,0,153.0761840089443,55.92381599105607,2.544816491932867,16.219110398553447,18.780889601446553,0,1
220,220,0,0,152.82830130541274,56.171698694587626,2.5563751189892967,16.259976316417486,18.740023683582514,0,1
221,221,0,0,152.58041860188118,56.419581398119185,2.5679337460457266,16.300842234281525,18.699157765718475,0,1
222,222,0,0,152.33253589834962,56.667464101650744,2.5794923731021564,16.341708152145564,18.658291847854436,0,1
223,223,0,0,152.08465319481806,56.9153468051823,2.5910510001585862,16.382574070009603,18.617425929990397,0,1
224,224,0,0,151.8367704912865,57.16322950871386,2.602609627215016,16.423439987873643,18.576560012126357,0,1
225,225,0,0,151.58888778775494,57.41111221224542,2.614168254271446,16.46430590573768,18.53569409426232,0,1
226,226,0,0,151.34100508422338,57.65899491577698,2.625726881327876,16.50517182360172,18.49482817639828,0,1
227,227,0,0,151.09312238069182,57.90687761930854,2.6372855083843056,16.54603774146576,18.45396225853424,0,1
228,228,0,0,150.84523967716027,58.1547603228401,2.6488441354407355,16.5869036593298,18.4130963406702,0,1
229,229,0,0,150.5973569736287,58.402643026371656,2.6604027624971653,16.62776957719384,18.37223042280616,0,1
230,230,0,0,150.34947427009715,58.650525729903215,2.671961389553595,16.668635495057877,18.331364504942123,0,1
231,231,0,0,150.1015915665656,58.898408433434774,2.683520016610025,16.709501412921917,18.290498587078083,0,1
232,232,0,0,149.85370886303403,59.14629113696633,2.695078643666455,16.750367330785956,18.249632669214044,0,1
233,233,0,0,149.60582615950247,59.39417384049789,2.7066372707228847,16.791233248649995,18.208766751350005,0,1
234,234,0,0,149.3579434559709,59.64205654402945,2.7181958977793146,16.832099166514034,18.167900833485966,0,1
235,235,0,0,149.11006075243935,59.88993924756101,2.7297545248357444,16.872965084378073,18.127034915621927,0,1
236,236,0,0,148.8621780489078,60.13782195109257,2.7413131518921743,16.913831002242112,18.086168997757888,0,1
237,237,0,0,148.61429534537623,60.38570465462413,2.752871778948604,16.95469692010615,18.04530307989385,0,1
238,238,0,0,148.36641264184468,60.63358735815569,2.764430406005034,16.99556283797019,18.00443716202981,0,1
239,238.10857854813324,0,0.8914214518667521,148.33949789778788,60.66050210221249,2.765685424949235,17,18,0,2
240,238.10857854813324,0,1.8914214518667523,148.33949789778788,60.66050210221249,2.765685424949235,17,18,0,2
241,238.10857854813324,0,2.8914214518667523,148.33949789778788,60.66050210221249,2.765685424949235,17,18,0,2
242,238.10857854813324,0,3.8914214518667523,148.33949789778788,60.66050210221249,2.765685424949235,17,18,0,2
243,238.10857854813324,0,4.891421451866752,148.33949789778788,60.66050210221249,2.765685424949235,17,18,0,2
244,238.10857854813324,0,5.891421451866752,148.33949789778788,60.66050210221249,2.765685424949235,17,18,0,2
245,238.10857854813324,0,6.891421451866752,148.33949789778788,60.66050210221249,2.765685424949235,17,18,0,2
246,238.10857854813324,0,7.891421451866752,148.33949789778788,60.66050210221249,2.765685424949235,17,18,0,2
247,238.10857854813324,0,8.891421451866751,148.33949789778788,60.66050210221249,2.765685424949235,17,18,0,2
248,238.10857854813324,0,9.891421451866751,148.33949789778788,60.66050210221249,2.765685424949235,17,18,0,2
249,238.10857854813324,0,10.891421451866751,148.33949789778788,60.66050210221249,2.765685424949235,17,18,0,2
250,238.10857854813324,0,11.891421451866751,148.33949789778788,60.66050210221249,2.765685424949235,17,18,0,2
251,238.10857854813324,0,12.891421451866751,148.33949789778788,60.66050210221249,2.765685424949235,17,18,0,2
252,238.10857854813324,0,13.891421451866751,148.33949789778788,60.66050210221249,2.765685424949235,17,18,0,2
253,238.10857854813324,0,14.891421451866751,148.33949789778788,60.66050210221249,2.765685424949235,17,18,0,2
254,238.10857854813324,0,15.891421451866751,148.33949789778788,60.66050210221249,2.765685424949235,17,18,0,2
255,238.10857854813324,0,16.89142145186675,148.33949789778788,60.66050210221249,2.765685424949235,17,18,0,2
256,238.10857854813324,0,17.89142145186675,148.33949789778788,60.66050210221249,2.765685424949235,17,18,0,2
257,238.10857854813324,0,18.89142145186675,148.33949789778788,60.66050210221249,2.765685424949235,17,18,0,2
258,238.10857854813324,0,19.89142145186675,148.33949789778788,60.66050210221249,2.765685424949235,17,18,0,2
259,238.10857854813324,0,20.89142145186675,148.33949789778788,60.66050210221249,2.765685424949235,17,18,0,2
260,238.10857854813324,0,21.89142145186675,148.33949789778788,60.66050210221249,2.765685424949235,17,18,0,2
261,238.10857854813324,0,22.89142145186675,148.33949789778788,60.66050210221249,2.765685424949235,17,18,0,2
262,238.10857854813324,0,23.89142145186675,148.33949789778788,60.66050210221249,2.765685424949235,17,18,0,2
263,238.10857854813324,0,24.89142145186675,148.33949789778788,60.66050210221249,2.765685424949235,17,18,0,2
264,238.10857854813324,0,25.89142145186675,148.33949789778788,60.66050210221249,2.765685424949235,17,18,0,2
265,238.10857854813324,0,26.89142145186675,148.33949789778788,60.66050210221249,2.765685424949235,17,18,0,2
266,238.10857854813324,0,27.89142145186675,148.33949789778788,60.66050210221249,2.765685424949235,17,18,0,2
267,238.10857854813324,0,28.89142145186675,148.33949789778788,60.66050210221249,2.765685424949235,17,18,0,2
268,238.10857854813324,0,29.89142145186675,148.33949789778788,60.66050210221249,2.765685424949235,17,18,0,2
269,238.10857854813324,0,30.89142145186675,148.33949789778788,60.66050210221249,2.765685424949235,17,18,0,2
270,238.10857854813324,0,31.89142145186675,148.33949789778788,60.66050210221249,2.765685424949235,17,18,0,2
271,238.10857854813324,0,32.89142145186675,148.33949789778788,60.66050210221249,2.765685424949235,17,18,0,2
272,238.10857854813324,0,33.89142145186675,148.33949789778788,60.66050210221249,2.765685424949235,17,18,0,2
273,238.10857854813324,0,34.89142145186675,148.33949789778788,60.66050210221249,2.765685424949235,17,18,0,2
274,238.10857854813324,0,35.89142145186675,148.33949789778788,60.66050210221249,2.765685424949235,17,18,0,2
275,238.10857854813324,0,36.89142145186675,148.33949789778788,60.66050210221249,2.765685424949235,17,18,0,2
276,238.10857854813324,0,37.89142145186675,148.33949789778788,60.66050210221249,2.765685424949235,17,18,0,2
277,238.10857854813324,0,38.89142145186675,148.33949789778788,60.66050210221249,2.765685424949235,17,18,0,2
278,238.10857854813324,0,39.89142145186675,148.33949789778788,60.66050210221249,2.765685424949235,17,18,0,2
279,238.10857854813324,0,40.89142145186675,148.33949789778788,60.66050210221249,2.765685424949235,17,18,0,2
280,238.10857854813324,0,41.89142145186675,148.33949789778788,60.66050210221249,2.765685424949235,17,18,0,2
281,238.10857854813324,0,42.89142145186675,148.33949789778788,60.66050210221249,2.765685424949235,17,18,0,2
282,238.10857854813324,0,43.89142145186675,148.33949789778788,60.66050210221249,2.765685424949235,17,18,0,2
283,238.10857854813324,0,44.89142145186675,148.33949789778788,60.66050210221249,2.765685424949235,17,18,0,2
284,238.10857854813324,0,45.89142145186675,148.33949789778788,60.66050210221249,2.765685424949235,17,18,0,2
285,238.10857854813324,0,46.89142145186675,148.33949789778788,60.66050210221249,2.765685424949235,17,18,0,2
286,238.10857854813324,0,47.89142145186675,148.33949789778788,60.66050210221249,2.765685424949235,17,18,0,2
287,238.10857854813324,0,48.89142145186675,148.33949789778788,60.66050210221249,2.765685424949235,17,18,0,2
288,238.10857854813324,0,49.89142145186675,148.33949789778788,60.66050210221249,2.765685424949235,17,18,0,2
289,238.10857854813324,0,50.89142145186675,148.33949789778788,60.66050210221249,2.765685424949235,17,18,0,2
290,238.10857854813324,0,51.89142145186675,148.33949789778788,60.66050210221249,2.765685424949235,17,18,0,2
291,238.10857854813324,0,52.89142145186675,148.33949789778788,60.66050210221249,2.765685424949235,17,18,0,2
292,238.10857854813324,0,53.89142145186675,148.33949789778788,60.66050210221249,2.765685424949235,17,18,0,2
293,238.10857854813324,0,54.89142145186675,148.33949789778788,60.66050210221249,2.765685424949235,17,18,0,2
294,238.10857854813324,0,55.89142145186675,148.33949789778788,60.66050210221249,2.765685424949235,17,18,0,2
295,238.10857854813324,0,56.89142145186675,148.33949789778788,60.66050210221249,2.765685424949235,17,18,0,2
296,238.10857854813324,0,57.89142145186675,148.33949789778788,60.66050210221249,2.765685424949235,17,18,0,2
297,238.10857854813324,0,58.89142145186675,148.33949789778788,60.66050210221249,2.765685424949235,17,18,0,2
298,238.10857854813324,0,59.89142145186675,148.33949789778788,60.66050210221249,2.765685424949235,17,18,0,2
299,238.10857854813324,0,60.89142145186675,148.33949789778788,60.66050210221249,2.765685424949235,17,18,0,2
300,238.10857854813324,0,61.89142145186675,148.33949789778788,60.66050210221249,2.765685424949235,17,18,0,2
301,238.10857854813324,0,62.89142145186675,148.33949789778788,60.66050210221249,2.765685424949235,17,18,0,2
302,238.10857854813324,0,63.89142145186675,148.33949789778788,60.66050210221249,2.765685424949235,17,18,0,2
303,238.10857854813324,0,64.89142145186675,148.33949789778788,60.66050210221249,2.765685424949235,17,18,0,2
304,238.10857854813324,0,65.89142145186675,148.33949789778788,60.66050210221249,2.765685424949235,17,18,0,2
305,238.10857854813324,0,66.89142145186675,148.33949789778788,60.66050210221249,2.765685424949235,17,18,0,2
306,238.10857854813324,0,67.89142145186675,148.33949789778788,60.66050210221249,2.765685424949235,17,18,0,2
307,238.10857854813324,0,68.89142145186675,148.33949789778788,60.66050210221249,2.765685424949235,17,18,0,2
308,238.10857854813324,0,69.89142145186675,148.33949789778788,60.66050210221249,2.765685424949235,17,18,0,2
309,238.10857854813324,0,70.89142145186675,148.33949789778788,60.66050210221249,2.765685424949235,17,18,0,2
310,238.10857854813324,0,71.89142145186675,148.33949789778788,60.66050210221249,2.765685424949235,17,18,0,2
311,238.10857854813324,0,72.89142145186675,148.33949789778788,60.66050210221249,2.765685424949235,17,18,0,2
312,238.10857854813324,0,73.89142145186675,148.33949789778788,60.66050210221249,2.765685424949235,17,18,0,2
313,238.10857854813324,0,74.89142145186675,148.33949789778788,60.66050210221249,2.765685424949235,17,18,0,2
314,238.10857854813324,0,75.89142145186675,148.33949789778788,60.66050210221249,2.765685424949235,17,18,0,2
315,238.10857854813324,0,76.89142145186675,148.33949789778788,60.66050210221249,2.765685424949235,17,18,0,2
316,238.10857854813324,0,77.89142145186675,148.33949789778788,60.66050210221249,2.765685424949235,17,18,0,2
317,238.10857854813324,0,78.89142145186675,148.33949789778788,60.66050210221249,2.765685424949235,17,18,0,2
318,238.10857854813324,0,79.89142145186675,148.33949789778788,60.66050210221249,2.765685424949235,17,18,0,2
319,238.10857854813324,0,80.89142145186675,148.33949789778788,60.66050210221249,2.765685424949235,17,18,0,2
320,238.10857854813324,0,81.89142145186675,148.33949789778788,60.66050210221249,2.765685424949235,17,18,0,2
321,238.10857854813324,0,82.89142145186675,148.33949789778788,60.66050210221249,2.765685424949235,17,18,0,2
322,238.10857854813324,0,83.89142145186675,148.33949789778788,60.66050210221249,2.765685424949235,17,18,0,2
323,238.10857854813324,0,84.89142145186675,148.33949789778788,60.66050210221249,2.765685424949235,17,18,0,2
324,238.10857854813324,0,85.89142145186675,148.33949789778788,60.66050210221249,2.765685424949235,17,18,0,2
325,238.10857854813324,0,86.89142145186675,148.33949789778788,60.66050210221249,2.765685424949235,17,18,0,2
326,238.10857854813324,0,87.89142145186675,148.33949789778788,60.66050210221249,2.765685424949235,17,18,0,2
327,238.10857854813324,0,88.89142145186675,148.33949789778788,60.66050210221249,2.765685424949235,17,18,0,2
328,238.10857854813324,0,89.89142145186675,148.33949789778788,60.66050210221249,2.765685424949235,17,18,0,2
329,238.10857854813324,0,90.89142145186675,148.33949789778788,60.66050210221249,2.765685424949235,17,18,0,2
330,238.10857854813324,0,91.89142145186675,148.33949789778788,60.66050210221249,2.765685424949235,17,18,0,2
331,238.10857854813324,0,92.89142145186675,148.33949789778788,60.66050210221249,2.765685424949235,17,18,0,2
332,238.10857854813324,0,93.89142145186675,148.33949789778788,60.66050210221249,2.765685424949235,17,18,0,2
333,238.10857854813324,0,94.89142145186675,148.33949789778788,60.66050210221249,2.765685424949235,17,18,0,2
334,238.10857854813324,0,95.89142145186675,148.33949789778788,60.66050210221249,2.765685424949235,17,18,0,2
335,238.10857854813324,0,96.89142145186675,148.33949789778788,60.66050210221249,2.765685424949235,17,18,0,2
336,238.10857854813324,0,97.89142145186675,148.33949789778788,60.66050210221249,2.765685424949235,17,18,0,2
337,238.10857854813324,0,98.89142145186675,148.33949789778788,60.66050210221249,2.765685424949235,17,18,0,2
338,238.10857854813324,0,99.89142145186675,148.33949789778788,60.66050210221249,2.765685424949235,17,18,0,2
339,238.10857854813324,0,100.89142145186675,148.33949789778788,60.66050210221249,2.765685424949235,17,18,0,2
340,238.10857854813324,0,101.89142145186675,148.33949789778788,60.66050210221249,2.765685424949235,17,18,0,2
341,238.10857854813324,0,102.89142145186675,148.33949789778788,60.66050210221249,2.765685424949235,17,18,0,2
342,238.10857854813324,0,103.89142145186675,148.33949789778788,60.66050210221249,2.765685424949235,17,18,0,2
343,238.10857854813324,0,104.89142145186675,148.33949789778788,60.66050210221249,2.765685424949235,17,18,0,2
344,238.10857854813324,0,105.89142145186675,148.33949789778788,60.66050210221249,2.765685424949235,17,18,0,2
345,238.10857854813324,0,106.89142145186675,148.33949789778788,60.66050210221249,2.765685424949235,17,18,0,2
346,238.10857854813324,0,107.89142145186675,148.33949789778788,60.66050210221249,2.765685424949235,17,18,0,2
347,238.10857854813324,0,108.89142145186675,148.33949789778788,60.66050210221249,2.765685424949235,17,18,0,2
348,238.10857854813324,0,109.89142145186675,148.33949789778788,60.66050210221249,2.765685424949235,17,18,0,2
349,238.10857854813324,0,110.89142145186675,148.33949789778788,60.66050210221249,2.765685424949235,17,18,0,2
350,238.10857854813324,0,111.89142145186675,148.33949789778788,60.66050210221249,2.765685424949235,17,18,0,2
351,238.10857854813324,0,112.89142145186675,148.33949789778788,60.66050210221249,2.765685424949235,17,18,0,2
352,238.10857854813324,0,113.89142145186675,148.33949789778788,60.66050210221249,2.765685424949235,17,18,0,2
353,238.10857854813324,0,114.89142145186675,148.33949789778788,60.66050210221249,2.765685424949235,17,18,0,2
354,238.10857854813324,0,115.89142145186675,148.33949789778788,60.66050210221249,2.765685424949235,17,18,0,2
355,238.10857854813324,0,116.89142145186675,148.33949789778788,60.66050210221249,2.765685424949235,17,18,0,2
356,238.10857854813324,0,117.89142145186675,148.33949789778788,60.66050210221249,2.765685424949235,17,18,0,2
357,238.10857854813324,0,118.89142145186675,148.33949789778788,60.66050210221249,2.765685424949235,17,18,0,2
358,238.10857854813324,0,119.89142145186675,148.33949789778788,60.66050210221249,2.765685424949235,17,18,0,2
359,239,0,120,219.77931006418876,60.88119203802373,2.776666257773724,17.054904164122444,18,1,1
360,240,0,120,219.53173924866812,61.12876285354436,2.7889845981070125,17.116495865788888,18,1,1
361,241,0,120,219.28416843314747,61.37633366906499,2.801302938440301,17.17808756745533,18,1,1
362,242,0,120,219.03659761762682,61.62390448458562,2.81362127877359,17.239679269121773,18,1,1
363,243,0,120,218.78902680210618,61.871475300106255,2.8259396191068786,17.301270970788217,18,1,1
364,244,0,120,218.54145598658553,62.11904611562689,2.8382579594401673,17.36286267245466,18,1,1
365,245,0,120,218.2938851710649,62.36661693114752,2.850576299773456,17.4244543741211,18,1,1
366,246,0,120,218.04631435554424,62.61418774666815,2.8628946401067448,17.486046075787545,18,1,1
367,247,0,120,217.7987435400236,62.86175856218878,2.8752129804400335,17.54763777745399,18,1,1
368,248,0,120,217.55117272450295,63.109329377709415,2.887531320773322,17.609229479120433,18,1,1
369,249,0,120,217.3036019089823,63.35690019323005,2.899849661106611,17.670821180786874,18,1,1
370,250,0,120,217.05603109346166,63.60447100875068,2.9121680014398996,17.732412882453318,18,1,1
371,251,0,120,216.808460277941,63.85204182427131,2.9244863417731883,17.79400458411976,18,1,1
372,252,0,120,216.56088946242036,64.09961263979194,2.936804682106477,17.855596285786206,18,1,1
373,253,0,120,216.31331864689972,64.34718345531257,2.9491230224397658,17.917187987452646,18,1,1
374,254,0,120,216.06574783137907,64.5947542708332,2.9614413627730545,17.97877968911909,18,1,1
375,255,0,120,215.81842969555575,64.84207240665654,2.9735927463788427,18.039536607148033,18,1,1
376,256,0,120,215.57124437511544,65.08925772709685,2.9856563729469796,18.099854739988714,18,1,1
377,257,0,120,215.32405905467513,65.33644304753716,2.9977199995151165,18.1601728728294,18,1,1
378,258,0,120,215.07687373423482,65.58362836797747,3.0097836260832533,18.22049100567008,18,1,1
379,259,0,120,214.8296884137945,65.83081368841778,3.02184725265139,18.280809138510765,18,1,1
380,260,0,120,214.5825030933542,66.07799900885809,3.033910879219527,18.34112727135145,18,1,1
381,261,0,120,214.3353177729139,66.3251843292984,3.045974505787664,18.40144540419213,18,1,1
382,262,0,120,214.0881324524736,66.5723696497387,3.058038132355801,18.461763537032816,18,1,1
383,263,0,120,213.84094713203328,66.81955497017901,3.0701017589239377,18.522081669873497,18,1,1
384,264,0,120,213.59376181159297,67.06674029061932,3.0821653854920745,18.582399802714182,18,1,1
385,265,0,120,213.34657649115266,67.31392561105963,3.0942290120602114,18.642717935554863,18,1,1
386,266,0,120,213.09939117071235,67.56111093149994,3.1062926386283483,18.703036068395548,18,1,1
387,267,0,120,212.85220585027204,67.80829625194025,3.118356265196485,18.76335420123623,18,1,1
388,268,0,120,212.60502052983173,68.05548157238056,3.130419891764622,18.823672334076914,18,1,1
389,269,0,120,212.35783520939142,68.30266689282087,3.142483518332759,18.8839904669176,18,1,1
390,270,0,120,212.11064988895112,68.54985221326118,3.1545471449008957,18.94430859975828,18,1,1
391,271,0,120,211.86347055460487,68.79703154760742,3.1665920601944366,19.004533176225983,18,1,1
392,272,0,120,211.6163632741225,69.04413882808977,3.1784117502214952,19.06363162636128,18,1,1
393,273,0,120,211.36925599364014,69.29124610857212,3.190231440248554,19.12273007649657,18,1,1
394,274,0,120,211.12214871315777,69.53835338905448,3.2020511302756125,19.181828526631865,18,1,1
395,275,0,120,210.8750414326754,69.78546066953683,3.213870820302671,19.240926976767156,18,1,1
396,276,0,120,210.62793415219303,70.03256795001919,3.2256905103297298,19.30002542690245,18,1,1
397,277,0,120,210.38082687171067,70.27967523050154,3.2375102003567884,19.359123877037742,18,1,1
398,278,0,120,210.1337195912283,70.52678251098389,3.249329890383847,19.418222327173034,18,1,1
399,279,0,120,209.88661231074593,70.77388979146625,3.2611495804109056,19.47732077730833,18,1,1
400,280,0,120,209.63950503026356,71.0209970719486,3.2729692704379643,19.53641922744362,18,1,1
401,281,0,120,209.3923977497812,71.26810435243095,3.284788960465023,19.595517677578915,18,1,1
402,282,0,120,209.14529046929883,71.5152116329133,3.2966086504920815,19.654616127714206,18,1,1
403,283,0,120,208.89818318881646,71.76231891339566,3.30842834051914,19.7137145778495,18,1,1
404,284,0,120,208.6510759083341,72.00942619387801,3.3202480305461988,19.772813027984792,18,1,1
405,285,0,120,208.40396862785173,72.25653347436037,3.3320677205732574,19.831911478120084,18,1,1
406,286,0,120,208.15686134736936,72.50364075484272,3.343887410600316,19.89100992825538,18,1,1
407,287,0,120,207.909754066887,72.75074803532507,3.3557071006273747,19.95010837839067,18,1,1
408,288,0,120,207.66264062844155,72.99786147377048,3.3674964279540633,20.009055015024114,18,1,1
409,289,0,120,207.41549382011615,73.24500828209587,3.3791212204082264,20.06717897729493,18,1,1
410,290,0,120,207.16834701179076,73.49215509042125,3.3907460128623894,20.125302939565742,18,1,1
411,291,0,120,206.92120020346536,73.73930189874663,3.4023708053165524,20.183426901836558,18,1,1
412,292,0,120,206.67405339513996,73.98644870707201,3.4139955977707155,20.24155086410737,18,1,1
413,293,0,120,206.42690658681457,74.2335955153974,3.4256203902248785,20.299674826378187,18,1,1
414,294,0,120,206.17975977848917,74.48074232372278,3.4372451826790416,20.357798788649,18,1,1
415,295,0,120,205.93261297016377,74.72788913204816,3.4488699751332046,20.415922750919812,18,1,1
416,296,0,120,205.68546616183838,74.97503594037354,3.4604947675873676,20.474046713190628,18,1,1
417,297,0,120,205.43831935351298,75.22218274869893,3.4721195600415307,20.53217067546144,18,1,1
418,298,0,120,205.19117254518758,75.46932955702431,3.4837443524956937,20.590294637732256,18,1,1
419,299,0,120,204.9440257368622,75.71647636534969,3.4953691449498567,20.64841860000307,18,1,1
420,300,0,120,204.6968789285368,75.96362317367507,3.5069939374040198,20.706542562273885,18,1,1
421,301,0,120,204.4497321202114,76.21076998200046,3.518618729858183,20.764666524544698,18,1,1
422,302,0,120,204.202585311886,76.45791679032584,3.530243522312346,20.822790486815514,18,1,1
423,303,0,120,203.9554385035606,76.70506359865122,3.541868314766509,20.880914449086326,18,1,1
424,304,0,120,203.7082916952352,76.9522104069766,3.553493107220672,20.93903841135714,18,1,1
425,305,0,120,203.4611448869098,77.19935721530199,3.565117899674835,20.997162373627955,18,1,1
426,306,0,120,203.21394031040793,77.44656179180387,3.5766316772635647,21.054731261571604,18,1,1
427,307,0,120,202.96673276889675,77.69376933331506,3.5881397569035207,21.112271659771384,18,1,1
428,308,0,120,202.71952522738556,77.94097687482625,3.5996478365434768,21.169812057971168,18,1,1
429,309,0,120,202.47231768587437,78.18818441633744,3.611155916183433,21.227352456170948,18,1,1
430,310,0,120,202.22511014436319,78.43539195784862,3.622663995823389,21.284892854370728,18,1,1
431,311,0,120,201.977902602852,78.68259949935981,3.634172075463345,21.34243325257051,18,1,1
432,312,0,120,201.7306950613408,78.929807040871,3.645680155103301,21.39997365077029,18,1,1
433,313,0,120,201.48348751982962,79.17701458238218,3.657188234743257,21.457514048970072,18,1,1
434,314,0,120,201.23627997831844,79.42422212389337,3.668696314383213,21.515054447169852,18,1,1
435,315,0,120,200.98907243680725,79.67142966540456,3.680204394023169,21.572594845369633,18,1,1
436,316,0,120,200.74186489529606,79.91863720691575,3.691712473663125,21.630135243569413,18,1,1
437,317,0,120,200.49465735378487,80.16584474842693,3.703220553303081,21.687675641769196,18,1,1
438,318,0,120,200.2474498122737,80.41305228993812,3.714728632943037,21.745216039968977,18,1,1
439,319,0,120,200.0002422707625,80.66025983144931,3.726236712582993,21.802756438168757,18,1,1
440,320,0,120,199.7530347292513,80.9074673729605,3.737744792222949,21.860296836368537,18,1,1
441,321,0,120,199.50582718774012,81.15467491447168,3.7492528718629052,21.917837234568317,18,1,1
442,322,0,120,199.25861964622894,81.40188245598287,3.7607609515028613,21.9753776327681,18,1,1
443,323,0,120,199.01139175382468,81.64911034838715,3.7722475071335713,22.03281041092165,18,1,1
444,324,0,120,198.76414863915016,81.89635346306166,3.7837179630145577,22.090162690326583,18,1,1
445,325,0,120,198.51690552447565,82.14359657773616,3.795188418895544,22.147514969731514,18,1,1
446,326,0,120,198.26966240980113,82.39083969241067,3.8066588747765304,22.20486724913645,18,1,1
447,327,0,120,198.0224192951266,82.63808280708517,3.818129330657517,22.26221952854138,18,1,1
448,328,0,120,197.7751761804521,82.88532592175967,3.829599786538503,22.319571807946314,18,1,1
449,329,0,120,197.52793306577757,83.13256903643418,3.8410702424194896,22.376924087351245,18,1,1
450,330,0,120,197.28068995110306,83.37981215110868,3.852540698300476,22.434276366756176,18,1,1
451,331,0,120,197.03344683642854,83.62705526578318,3.8640111541814623,22.49162864616111,18,1,1
452,332,0,120,196.78620372175402,83.87429838045769,3.8754816100624487,22.548980925566042,18,1,1
453,333,0,120,196.5389606070795,84.12154149513219,3.886952065943435,22.606333204970976,18,1,1
454,334,0,120,196.29171749240498,84.3687846098067,3.8984225218244215,22.663685484375907,18,1,1
455,335,0,120,196.04447437773047,84.6160277244812,3.909892977705408,22.721037763780842,18,1,1
456,336,0,120,195.79723126305595,84.8632708391557,3.9213634335863943,22.778390043185773,18,1,1
457,337,0,120,195.54998814838143,85.1105139538302,3.9328338894673807,22.835742322590708,18,1,1
458,338,0,120,195.3027450337069,85.35775706850471,3.944304345348367,22.89309460199564,18,1,1
459,339,0,120,195.0555019190324,85.60500018317921,3.9557748012293534,22.950446881400573,18,1,1
460,340,0,120,194.80825898067758,85.85224312153403,3.967248204670456,23.007813898606084,18,1,1
461,341,0,120,194.56101716259593,86.09948493961569,3.978740335869537,23.06527455460149,18,1,1
462,342,0,120,194.31377534451428,86.34672675769735,3.990232467068618,23.122735210596893,18,1,1
463,343,0,120,194.06653352643264,86.59396857577902,4.001724598267699,23.1801958665923,18,1,1
464,344,0,120,193.819291708351,86.84121039386068,4.01321672946678,23.237656522587706,18,1,1
465,345,0,120,193.57204989026934,87.08845221194234,4.024708860665862,23.29511717858311,18,1,1
466,346,0,120,193.3248080721877,87.335694030024,4.036200991864943,23.352577834578515,18,1,1
467,347,0,120,193.07756625410605,87.58293584810566,4.0476931230640245,23.41003849057392,18,1,1
468,348,0,120,192.8303244360244,87.83017766618732,4.059185254263106,23.467499146569324,18,1,1
469,349,0,120,192.58308261794275,88.07741948426899,4.070677385462187,23.52495980256473,18,1,1
470,350,0,120,192.3358407998611,88.32466130235065,4.082169516661269,23.582420458560136,18,1,1
471,351,0,120,192.08859898177946,88.57190312043231,4.09366164786035,23.63988111455554,18,1,1
472,352,0,120,191.8413571636978,88.81914493851397,4.105153779059432,23.697341770550945,18,1,1
473,353,0,120,191.59411534561616,89.06638675659563,4.116645910258513,23.75480242654635,18,1,1
474,354,0,120,191.3468735275345,89.3136285746773,4.1281380414575946,23.812263082541754,18,1,1
475,355,0,120,191.09963170945286,89.56087039275896,4.139630172656676,23.86972373853716,18,1,1
476,356,0,120,190.85238989137122,89.80811221084062,4.151122303855757,23.927184394532567,18,1,1
477,357,0,120,190.60514807328957,90.05535402892228,4.162614435054839,23.98464505052797,18,1,1
478,358,0,120,190.35793444774,90.30256765447187,4.17415161641191,24.042330957313325,18,1,1
479,359,0,120,190.11073110333615,90.54977099887572,4.185705226489855,24.10009900770305,18,1,1
480,360,0,120,189.8635277589323,90.79697434327956,4.1972588365678,24.157867058092773,18,1,1
481,361,0,120,189.61632441452844,91.0441776876834,4.208812446645744,24.215635108482495,18,1,1
482,362,0,120,189.36912107012458,91.29138103208724,4.220366056723689,24.273403158872217,18,1,1
483,363,0,120,189.12191772572072,91.53858437649109,4.231919666801634,24.33117120926194,18,1,1
484,364,0,120,188.87471438131686,91.78578772089493,4.243473276879579,24.38893925965166,18,1,1
485,365,0,120,188.627511036913,92.03299106529877,4.255026886957523,24.446707310041386,18,1,1
486,366,0,120,188.38030769250915,92.28019440970262,4.266580497035468,24.50447536043111,18,1,1
487,367,0,120,188.1331043481053,92.52739775410646,4.278134107113413,24.56224341082083,18,1,1
488,368,0,120,187.88590100370143,92.7746010985103,4.289687717191358,24.620011461210552,18,1,1
489,369,0,120,187.63869765929758,93.02180444291415,4.301241327269302,24.677779511600274,18,1,1
490,370,0,120,187.39149431489372,93.26900778731799,4.312794937347247,24.735547561989996,18,1,1
491,371,0,120,187.14429097048986,93.51621113172183,4.324348547425192,24.79331561237972,18,1,1
492,372,0,120,186.897087626086,93.76341447612567,4.335902157503137,24.851083662769444,18,1,1
493,373,0,120,186.64988428168215,94.01061782052952,4.347455767581081,24.908851713159166,18,1,1
494,374,0,120,186.4026809372783,94.25782116493336,4.359009377659026,24.966619763548888,18,1,1
495,375,0,120,186.1555104047205,94.50499169749115,4.370600690319099,25.024576326849257,18,1,1
496,376,0,120,185.90838478259144,94.75211731962021,4.382243607485811,25.082790912682814,18,1,1
497,377,0,120,185.66125916046238,94.99924294174927,4.3938865246525225,25.141005498516375,18,1,1
498,378,0,120,185.41413353833332,95.24636856387833,4.405529441819234,25.199220084349935,18,1,1
499,379,0,120,185.16700791620426,95.4934941860074,4.417172358985946,25.257434670183493,18,1,1
500,380,0,120,184.9198822940752,95.74061980813646,4.428815276152657,25.315649256017053,18,1,1
501,381,0,120,184.67275667194613,95.98774543026552,4.440458193319369,25.373863841850614,18,1,1
502,382,0,120,184.42563104981707,96.23487105239458,4.452101110486081,25.43207842768417,18,1,1
503,383,0,120,184.178505427688,96.48199667452364,4.463744027652792,25.490293013517732,18,1,1
504,384,0,120,183.93137980555895,96.7291222966527,4.475386944819504,25.54850759935129,18,1,1
505,385,0,120,183.68425418342989,96.97624791878177,4.4870298619862155,25.60672218518485,18,1,1
506,386,0,120,183.43712856130082,97.22337354091083,4.498672779152927,25.66493677101841,18,1,1
507,387,0,120,183.19000293917176,97.47049916303989,4.510315696319639,25.723151356851968,18,1,1
508,388,0,120,182.9428773170427,97.71762478516895,4.52195861348635,25.78136594268553,18,1,1
509,389,0,120,182.69575169491364,97.96475040729801,4.533601530653062,25.83958052851909,18,1,1
510,390,0,120,182.44862607278458,98.21187602942707,4.5452444478197735,25.897795114352647,18,1,1
511,391,0,120,182.20150045065552,98.45900165155614,4.556887364986485,25.956009700186208,18,1,1
512,392,0,120,181.9543981956302,98.70610390658145,4.568555920584402,26.01435247817579,18,1,1
513,393,0,120,181.70736820615824,98.95313389605342,4.580303766086494,26.073091705686245,18,1,1
514,394,0,120,181.46033821668627,99.20016388552538,4.592051611588585,26.131830933196703,18,1,1
515,395,0,120,181.2133082272143,99.44719387499735,4.603799457090676,26.19057016070716,18,1,1
516,396,0,120,180.96627823774233,99.69422386446932,4.615547302592767,26.249309388217615,18,1,1
517,397,0,120,180.71924824827036,99.94125385394129,4.627295148094858,26.308048615728072,18,1,1
518,398,0,120,180.4722182587984,100.18828384341326,4.6390429935969495,26.366787843238527,18,1,1
519,399,0,120,180.22518826932642,100.43531383288523,4.650790839099041,26.425527070748984,18,1,1
520,400,0,120,179.97815827985445,100.6823438223572,4.662538684601132,26.48426629825944,18,1,1
521,401,0,120,179.7311282903825,100.92937381182917,4.674286530103223,26.543005525769896,18,1,1
522,402,0,120,179.48409830091052,101.17640380130113,4.686034375605314,26.60174475328035,18,1,1
523,403,0,120,179.23706831143855,101.4234337907731,4.697782221107405,26.660483980790808,18,1,1
524,404,0,120,178.99003832196658,101.67046378024507,4.709530066609497,26.719223208301262,18,1,1
525,405,0,120,178.7430083324946,101.91749376971704,4.721277912111588,26.77796243581172,18,1,1
526,406,0,120,178.49597834302264,102.16452375918901,4.733025757613679,26.836701663322174,18,1,1
527,407,0,120,178.24894835355067,102.41155374866098,4.74477360311577,26.89544089083263,18,1,1
528,408,0,120,178.0019183640787,102.65858373813295,4.756521448617861,26.954180118343086,18,1,1
529,409,0,120,177.75490830720068,102.90559379501097,4.7682934984598635,27.013040367553096,18,1,1
530,410,0,120,177.50796894346038,103.15253315875128,4.780151391656697,27.072329833537264,18,1,1
531,411,0,120,177.2610295797201,103.39947252249159,4.792009284853531,27.131619299521432,18,1,1
532,412,0,120,177.0140902159798,103.6464118862319,4.803867178050365,27.190908765505597,18,1,1
533,413,0,120,176.7671508522395,103.89335124997221,4.815725071247199,27.250198231489765,18,1,1
534,414,0,120,176.5202114884992,104.14029061371252,4.827582964444033,27.309487697473934,18,1,1
535,415,0,120,176.2732721247589,104.38722997745283,4.8394408576408665,27.3687771634581,18,1,1
536,416,0,120,176.0263327610186,104.63416934119314,4.8512987508377,27.428066629442267,18,1,1
537,417,0,120,175.7793933972783,104.88110870493345,4.863156644034534,27.487356095426435,18,1,1
538,418,0,120,175.53245403353802,105.12804806867376,4.875014537231368,27.5466455614106,18,1,1
539,419,0,120,175.28551466979772,105.37498743241407,4.886872430428202,27.605935027394768,18,1,1
540,420,0,120,175.03857530605742,105.62192679615438,4.898730323625036,27.665224493378933,18,1,1
541,421,0,120,174.79163594231713,105.8688661598947,4.9105882168218695,27.7245139593631,18,1,1
542,422,0,120,174.54469657857683,106.115805523635,4.922446110018703,27.78380342534727,18,1,1
543,423,0,120,174.29775721483654,106.36274488737531,4.934304003215537,27.843092891331434,18,1,1
544,424,0,120,174.05081785109624,106.60968425111562,4.946161896412371,27.902382357315602,18,1,1
545,425,0,120,173.80387848735595,106.85662361485593,4.958019789609205,27.96167182329977,18,1,1
546,426,0,120,173.55699448694543,107.10350761526645,4.9699128748335,28.021137249421248,18,1,1
547,427,0,120,173.31021171959642,107.35029038261547,4.981870309451038,28.080924422508936,18,1,1
548,428,0,120,173.06342895224742,107.59707314996449,4.993827744068576,28.140711595596628,18,1,1
549,429,0,120,172.81664618489842,107.8438559173135,5.005785178686114,28.20049876868432,18,1,1
550,430,0,120,172.5698634175494,108.09063868466252,5.0177426133036525,28.26028594177201,18,1,1
551,431,0,120,172.3230806502004,108.33742145201154,5.029700047921191,28.3200731148597,18,1,1
552,432,0,120,172.0762978828514,108.58420421936056,5.041657482538729,28.37986028794739,18,1,1
553,433,0,120,171.8295151155024,108.83098698670958,5.053614917156267,28.439647461035083,18,1,1
554,434,0,120,171.5827323481534,109.0777697540586,5.065572351773805,28.49943463412277,18,1,1
555,435,0,120,171.3359495808044,109.32455252140761,5.077529786391343,28.559221807210463,18,1,1
556,436,0,120,171.0891668134554,109.57133528875663,5.0894872210088815,28.619008980298155,18,1,1
557,437,0,120,170.8423840461064,109.81811805610565,5.10144465562642,28.678796153385843,18,1,1
558,438,0,120,170.59560127875739,110.06490082345466,5.113402090243958,28.738583326473535,18,1,1
559,439,0,120,170.34881851140838,110.31168359080368,5.125359524861496,28.798370499561226,18,1,1
560,440,0,120,170.10203574405938,110.5584663581527,5.137316959479034,28.858157672648915,18,1,1
561,441,0,120,169.85525297671037,110.80524912550172,5.149274394096572,28.917944845736606,18,1,1
562,442,0,120,169.60847020936137,111.05203189285074,5.161231828714111,28.977732018824298,18,1,1
563,443,0,120,169.36183461304987,111.29866748916223,5.173234293202317,29.037744341265334,18,1,1
564,444,0,120,169.11528636408585,111.54521573812625,5.185263483327761,29.09789029189255,18,1,1
565,445,0,120,168.86873811512183,111.79176398709026,5.197292673453204,29.158036242519767,18,1,1
566,446,0,120,168.6221898661578,112.03831223605428,5.209321863578648,29.218182193146983,18,1,1
567,447,0,120,168.3756416171938,112.2848604850183,5.221351053704091,29.278328143774196,18,1,1
568,448,0,120,168.12909336822977,112.53140873398232,5.233380243829535,29.338474094401413,18,1,1
569,449,0,120,167.88254511926576,112.77795698294634,5.245409433954978,29.39862004502863,18,1,1
570,450,0,120,167.63599687030174,113.02450523191035,5.257438624080422,29.458765995655845,18,1,1
571,451,0,120,167.38944862133772,113.27105348087437,5.269467814205865,29.51891194628306,18,1,1
572,452,0,120,167.1429003723737,113.51760172983839,5.2814970043313085,29.579057896910275,18,1,1
573,453,0,120,166.89635212340968,113.76414997880241,5.293526194456752,29.63920384753749,18,1,1
574,454,0,120,166.64980387444567,114.01069822776643,5.305555384582195,29.699349798164707,18,1,1
575,455,0,120,166.40325562548165,114.25724647673044,5.317584574707639,29.75949574879192,18,1,1
576,456,0,120,166.15670737651763,114.50379472569446,5.329613764833082,29.819641699419137,18,1,1
577,457,0,120,165.9101591275536,114.75034297465848,5.341642954958526,29.879787650046353,18,1,1
578,458,0,120,165.6636108785896,114.9968912236225,5.353672145083969,29.93993360067357,18,1,1
579,459,0,120,165.41706295508055,115.24343914713154,5.365701389383435,30.000079822170903,18,1,1
580,460,0,120,165.17076077121442,115.48974133099767,5.377771538589626,30.06043056820186,18,1,1
581,461,0,120,164.92445858734828,115.73604351486381,5.389841687795817,30.120781314232815,18,1,1
582,462,0,120,164.67815640348215,115.98234569872994,5.401911837002008,30.18113206026377,18,1,1
583,463,0,120,164.431854219616,116.22864788259608,5.413981986208199,30.241482806294727,18,1,1
584,464,0,120,164.18555203574988,116.47495006646221,5.42605213541439,30.301833552325686,18,1,1
585,465,0,120,163.93924985188374,116.72125225032835,5.438122284620581,30.36218429835664,18,1,1
586,466,0,120,163.6929476680176,116.96755443419448,5.450192433826772,30.422535044387597,18,1,1
587,467,0,120,163.44664548415147,117.21385661806062,5.462262583032963,30.482885790418553,18,1,1
588,468,0,120,163.20034330028534,117.46015880192675,5.474332732239154,30.54323653644951,18,1,1
589,469,0,120,162.9540411164192,117.70646098579289,5.486402881445345,30.603587282480465,18,1,1
590,470,0,120,162.70773893255307,117.95276316965902,5.498473030651536,30.663938028511424,18,1,1
591,471,0,120,162.46143674868694,118.19906535352516,5.510543179857727,30.72428877454238,18,1,1
592,472,0,120,162.2151345648208,118.44536753739129,5.522613329063918,30.784639520573336,18,1,1
593,473,0,120,161.96883238095467,118.69166972125743,5.534683478270109,30.84499026660429,18,1,1
594,474,0,120,161.72253019708853,118.93797190512356,5.5467536274763,30.905341012635247,18,1,1
595,475,0,120,161.4762280132224,119.1842740889897,5.558823776682491,30.965691758666207,18,1,1
596,476,0,120,161.23003839920926,119.43046370300281,5.570898651238782,31.02606613144766,18,1,1
597,477,0,120,160.9839970840533,119.67650501815878,5.582979750943286,31.08647162997018,18,1,1
598,478,0,120,160.73795576889734,119.92254633331474,5.595060850647791,31.146877128492704,18,1,1
599,479,0,120,160.49191445374137,120.1685876484707,5.607141950352295,31.20728262701523,18,1,1
600,480,0,120,160.2458731385854,120.41462896362667,5.6192230500567995,31.26768812553775,18,1,1
601,481,0,120,159.99983182342945,120.66067027878263,5.631304149761304,31.328093624060273,18,1,1
602,482,0,120,159.75379050827348,120.9067115939386,5.643385249465808,31.388499122582797,18,1,1
603,483,0,120,159.50774919311752,121.15275290909456,5.655466349170313,31.448904621105317,18,1,1
604,484,0,120,159.26170787796156,121.39879422425052,5.667547448874817,31.50931011962784,18,1,1
605,485,0,120,159.0156665628056,121.64483553940649,5.679628548579322,31.569715618150365,18,1,1
606,486,0,120,158.76962524764963,121.89087685456245,5.691709648283826,31.630121116672886,18,1,1
607,487,0,120,158.52358393249366,122.13691816971841,5.7037907479883305,31.69052661519541,18,1,1
608,488,0,120,158.2775426173377,122.38295948487438,5.715871847692835,31.750932113717933,18,1,1
609,489,0,120,158.03150130218174,122.62900080003034,5.727952947397339,31.811337612240454,18,1,1
610,490,0,120,157.78545998702577,122.8750421151863,5.740034047101844,31.871743110762978,18,1,1
611,491,0,120,157.5394186718698,123.12108343034227,5.752115146806348,31.932148609285502,18,1,1
612,492,0,120,157.29337735671385,123.36712474549823,5.764196246510853,31.992554107808022,18,1,1
613,493,0,120,157.04758186285432,123.61292023935776,5.7762587275837545,32.05286651317253,18,1,1
614,494,0,120,156.80182093040864,123.85868117180344,5.7883185909573704,32.113165830040614,18,1,1
615,495,0,120,156.55605999796296,124.10444210424912,5.800378454330986,32.1734651469087,18,1,1
616,496,0,120,156.31029906551728,124.3502030366948,5.812438317704602,32.23376446377677,18,1,1
617,497,0,120,156.0645381330716,124.59596396914047,5.824498181078218,32.294063780644855,18,1,1
618,498,0,120,155.81877720062593,124.84172490158615,5.836558044451834,32.35436309751294,18,1,1
619,499,0,120,155.57301626818025,125.08748583403182,5.84861790782545,32.41466241438101,18,1,1
620,500,0,120,155.32725533573458,125.3332467664775,5.860677771199066,32.474961731249095,18,1,1
621,501,0,120,155.0814944032889,125.57900769892318,5.872737634572682,32.53526104811718,18,1,1
622,502,0,120,154.83573347084322,125.82476863136885,5.884797497946298,32.59556036498525,18,1,1
623,503,0,120,154.58997253839755,126.07052956381453,5.896857361319914,32.655859681853336,18,1,1
624,504,0,120,154.34421160595187,126.31629049626021,5.90891722469353,32.71615899872142,18,1,1
625,505,0,120,154.0984506735062,126.56205142870589,5.920977088067146,32.776458315589494,18,1,1
626,506,0,120,153.85268974106052,126.80781236115156,5.933036951440762,32.83675763245758,18,1,1
627,507,0,120,153.60692880861484,127.05357329359724,5.945096814814378,32.89705694932566,18,1,1
628,508,0,120,153.36116787616916,127.29933422604292,5.957156678187994,32.957356266193734,18,1,1
629,509,0,120,153.115490021687,127.54501208052507,5.969200925580107,33.0175775031543,18,1,1
630,510,0,120,152.87001282637024,127.79048927584182,5.981207455511626,33.0776101528119,18,1,1
631,511,0,120,152.62453563105348,128.0359664711586,5.993213985443146,33.13764280246949,18,1,1
632,512,0,120,152.3790584357367,128.28144366647535,6.005220515374665,33.19767545212709,18,1,1
633,513,0,120,152.13358124041994,128.52692086179212,6.017227045306185,33.257708101784694,18,1,1
634,514,0,120,151.88810404510318,128.7723980571089,6.029233575237704,33.317740751442294,18,1,1
635,515,0,120,151.6426268497864,129.01787525242565,6.041240105169224,33.377773401099894,18,1,1
636,516,0,120,151.39714965446964,129.26335244774242,6.053246635100743,33.43780605075749,18,1,1
637,517,0,120,151.15167245915288,129.5088296430592,6.065253165032263,33.49783870041509,18,1,1
638,518,0,120,150.9061952638361,129.75430683837595,6.077259694963782,33.55787135007269,18,1,1
639,519,0,120,150.66071806851934,129.99978403369272,6.089266224895302,33.61790399973029,18,1,1
640,520,0,120,150.41524087320258,130.2452612290095,6.101272754826821,33.67793664938789,18,1,1
641,521,0,120,150.1697636778858,130.49073842432625,6.113279284758341,33.73796929904549,18,1,1
642,522,0,120,149.92428648256904,130.73621561964302,6.12528581468986,33.79800194870308,18,1,1
643,523,0,120,149.67880928725228,130.98169281495979,6.13729234462138,33.85803459836068,18,1,1
644,524,0,120,149.4333320919355,131.22717001027655,6.149298874552899,33.91806724801828,18,1,1
645,525,0,120,149.18785489661875,131.47264720559332,6.161305404484419,33.97809989767588,18,1,1
646,526,0,120,148.942539574081,131.71796252813107,6.173262121245922,34.0378834814834,18,1,1
647,527,0,120,148.69731721754397,131.9631848846681,6.185190229545711,34.09752402298234,18,1,1
648,528,0,120,148.45209486100694,132.20840724120512,6.1971183378455,34.157164564481285,18,1,1
649,529,0,120,148.2068725044699,132.45362959774215,6.2090464461452886,34.21680510598023,18,1,1
650,530,0,120,147.9616501479329,132.69885195427918,6.220974554445077,34.27644564747918,18,1,1
651,531,0,120,147.71642779139586,132.9440743108162,6.232902662744866,34.33608618897812,18,1,1
652,532,0,120,147.47120543485883,133.18929666735323,6.244830771044655,34.395726730477065,18,1,1
653,533,0,120,147.2259830783218,133.43451902389026,6.256758879344444,34.45536727197601,18,1,1
654,534,0,120,146.98076072178478,133.6797413804273,6.268686987644233,34.51500781347495,18,1,1
655,535,0,120,146.73553836524775,133.92496373696432,6.280615095944022,34.574648354973895,18,1,1
656,536,0,120,146.49031600871072,134.17018609350134,6.2925432042438105,34.63428889647284,18,1,1
657,537,0,120,146.2450936521737,134.41540845003837,6.304471312543599,34.69392943797179,18,1,1
658,538,0,120,145.99987129563667,134.6606308065754,6.316399420843388,34.75356997947073,18,1,1
659,539,0,120,145.75464893909964,134.90585316311243,6.328327529143177,34.813210520969676,18,1,1
660,540,0,120,145.5094265825626,135.15107551964945,6.340255637442966,34.87285106246862,18,1,1
661,541,0,120,145.26420422602558,135.39629787618648,6.352183745742755,34.93249160396756,18,1,1
662,542,0,120,145.01898186948856,135.6415202327235,6.364111854042544,34.992132145466506,18,1,1
663,543,0,120,144.77392446960857,135.8865776326035,6.375962605802275,35.05138590426517,18,1,1
664,544,0,120,144.5288921380621,136.13160996414996,6.387801601749434,35.11058088400096,18,1,1
665,545,0,120,144.28385980651564,136.37664229569643,6.399640597696592,35.16977586373675,18,1,1
666,546,0,120,144.03882747496917,136.6216746272429,6.411479593643751,35.228970843472545,18,1,1
667,547,0,120,143.7937951434227,136.86670695878936,6.4233185895909095,35.28816582320834,18,1,1
668,548,0,120,143.54876281187623,137.11173929033583,6.435157585538068,35.34736080294413,18,1,1
669,549,0,120,143.30373048032976,137.3567716218823,6.446996581485227,35.40655578267992,18,1,1
670,550,0,120,143.0586981487833,137.60180395342877,6.458835577432385,35.465750762415716,18,1,1
671,551,0,120,142.81366581723682,137.84683628497524,6.470674573379544,35.52494574215151,18,1,1
672,552,0,120,142.56863348569036,138.0918686165217,6.482513569326702,35.5841407218873,18,1,1
673,553,0,120,142.3236011541439,138.33690094806818,6.494352565273861,35.643335701623094,18,1,1
674,554,0,120,142.07856882259742,138.58193327961465,6.506191561221019,35.70253068135889,18,1,1
675,555,0,120,141.83353649105095,138.8269656111611,6.518030557168178,35.76172566109468,18,1,1
676,556,0,120,141.58850415950448,139.07199794270758,6.529869553115336,35.82092064083047,18,1,1
677,557,0,120,141.343471827958,139.31703027425405,6.541708549062495,35.880115620566265,18,1,1
678,558,0,120,141.09843949641154,139.56206260580052,6.553547545009653,35.93931060030206,18,1,1
679,559,0,120,140.85340716486508,139.807094937347,6.565386540956812,35.99850558003785,18,1,1
680,560,0,120,140.60846145757168,140.05204064464039,6.577141849723749,36.05728212387254,18,1,1
681,561,0,120,140.3635179938096,140.29698410840246,6.5888949910283054,36.11604783039532,18,1,1
682,562,0,120,140.11857453004754,140.54192757216452,6.600648132332862,36.1748135369181,18,1,1
683,563,0,120,139.87363106628547,140.7868710359266,6.612401273637418,36.23357924344088,18,1,1
684,564,0,120,139.6286876025234,141.03181449968866,6.624154414941974,36.29234494996366,18,1,1
685,565,0,120,139.38374413876133,141.27675796345073,6.63590755624653,36.35111065648645,18,1,1
686,566,0,120,139.13880067499926,141.5217014272128,6.647660697551086,36.409876363009225,18,1,1
687,567,0,120,138.8938572112372,141.76664489097487,6.6594138388556425,36.46864206953201,18,1,1
688,568,0,120,138.64891374747512,142.01158835473694,6.671166980160199,36.52740777605479,18,1,1
689,569,0,120,138.40397028371305,142.256531818499,6.682920121464755,36.58617348257757,18,1,1
690,570,0,120,138.15902681995098,142.50147528226108,6.694673262769311,36.644939189100356,18,1,1
691,571,0,120,137.9140833561889,142.74641874602315,6.706426404073867,36.70370489562313,18,1,1
692,572,0,120,137.66913989242684,142.99136220978522,6.718179545378423,36.76247060214592,18,1,1
693,573,0,120,137.42419642866477,143.2363056735473,6.72993268668298,36.8212363086687,18,1,1
694,574,0,120,137.1792529649027,143.48124913730936,6.741685827987536,36.88000201519148,18,1,1
695,575,0,120,136.93430950114063,143.72619260107143,6.753438969292092,36.938767721714264,18,1,1
696,576,0,120,136.68936603737856,143.9711360648335,6.765192110596648,36.99753342823704,18,1,1
697,577,0,120,136.444367198051,144.21613490416107,6.776875530693986,37.055950528723734,18,1,1
698,578,0,120,136.19936593261497,144.4611361695971,6.788555896173136,37.11435235611949,18,1,1
699,579,0,120,135.95436466717894,144.70613743503313,6.8002362616522865,37.172754183515245,18,1,1
700,580,0,120,135.7093634017429,144.95113870046916,6.811916627131437,37.23115601091099,18,1,1
701,581,0,120,135.46436213630687,145.1961399659052,6.823596992610587,37.28955783830675,18,1,1
702,582,0,120,135.21936087087084,145.44114123134122,6.835277358089737,37.347959665702504,18,1,1
703,583,0,120,134.9743596054348,145.68614249677725,6.846957723568887,37.40636149309825,18,1,1
704,584,0,120,134.72935833999878,145.93114376221328,6.858638089048037,37.46476332049401,18,1,1
705,585,0,120,134.48435707456275,146.1761450276493,6.870318454527188,37.523165147889756,18,1,1
706,586,0,120,134.23935580912672,146.42114629308534,6.881998820006338,37.58156697528551,18,1,1
707,587,0,120,133.9943545436907,146.66614755852137,6.893679185485488,37.63996880268127,18,1,1
708,588,0,120,133.74935327825466,146.9111488239574,6.905359550964638,37.698370630077015,18,1,1
709,589,0,120,133.50435201281863,147.15615008939344,6.917039916443788,37.75677245747277,18,1,1
710,590,0,120,133.2593507473826,147.40115135482947,6.9287202819229385,37.815174284868526,18,1,1
711,591,0,120,133.01434948194657,147.6461526202655,6.940400647402089,37.873576112264274,18,1,1
712,592,0,120,132.76934821651054,147.89115388570153,6.952081012881239,37.93197793966003,18,1,1
713,593,0,120,132.5243469510745,148.13615515113756,6.963761378360389,37.990379767055785,18,1,1
714,594,0,120,132.27913758466326,148.3813645175488,6.9754027819549735,38.048586785028704,18,1,1
715,595,0,120,132.033887178596,148.62661492361607,6.98703650186456,38.10675538457664,18,1,1
716,596,0,120,131.78863677252872,148.87186532968335,6.998670221774147,38.16492398412457,18,1,1
717,597,0,120,131.54338636646145,149.11711573575062,7.010303941683734,38.2230925836725,18,1,1
718,598,0,120,131.29813596039418,149.3623661418179,7.021937661593321,38.28126118322044,18,1,1
719,599,0,120,131.0528855543269,149.60761654788516,7.033571381502908,38.33942978276837,18,1,1
720,600,0,120,130.80763514825964,149.85286695395243,7.045205101412495,38.3975983823163,18,1,1
721,601,0,120,130.56238474219236,150.0981173600197,7.056838821322081,38.45576698186423,18,1,1
722,602,0,120,130.3171343361251,150.34336776608697,7.068472541231668,38.51393558141216,18,1,1
723,603,0,120,130.07188393005782,150.58861817215424,7.080106261141255,38.572104180960096,18,1,1
724,604,0,120,129.82663352399055,150.8338685782215,7.091739981050842,38.63027278050803,18,1,1
725,605,0,120,129.58138311792328,151.07911898428878,7.103373700960429,38.68844138005596,18,1,1
726,606,0,120,129.336132711856,151.32436939035605,7.115007420870016,38.746609979603896,18,1,1
727,607,0,120,129.09088230578874,151.56961979642332,7.126641140779602,38.80477857915183,18,1,1
728,608,0,120,128.84563189972147,151.8148702024906,7.138274860689189,38.86294717869976,18,1,1
729,609,0,120,128.6003814936542,152.06012060855787,7.149908580598776,38.921115778247696,18,1,1
730,610,0,120,128.35513108758693,152.30537101462514,7.161542300508363,38.97928437779562,18,1,1
731,611,0,120,128.10958960181796,152.5509125003941,7.173173375359268,39.037439752050155,18,1,1
732,612,0,120,127.86388711690927,152.7966149853028,7.1848029872013495,39.095587811260565,18,1,1
733,613,0,120,127.61818463200058,153.0423174702115,7.196432599043431,39.15373587047097,18,1,1
734,614,0,120,127.37248214709189,153.28801995512018,7.208062210885512,39.21188392968138,18,1,1
735,615,0,120,127.1267796621832,153.53372244002887,7.219691822727593,39.27003198889178,18,1,1
736,616,0,120,126.8810771772745,153.77942492493756,7.231321434569674,39.32818004810219,18,1,1
737,617,0,120,126.63537469236582,154.02512740984625,7.242951046411755,39.3863281073126,18,1,1
738,618,0,120,126.38967220745712,154.27082989475494,7.254580658253836,39.444476166523,18,1,1
739,619,0,120,126.14396972254843,154.51653237966363,7.266210270095917,39.50262422573341,18,1,1
740,620,0,120,125.89826723763974,154.76223486457232,7.277839881937998,39.56077228494382,18,1,1
741,621,0,120,125.65256475273105,155.007937349481,7.2894694937800795,39.618920344154226,18,1,1
742,622,0,120,125.40686226782236,155.2536398343897,7.301099105622161,39.677068403364636,18,1,1
743,623,0,120,125.16115978291367,155.4993423192984,7.312728717464242,39.735216462575046,18,1,1
744,624,0,120,124.91545729800498,155.74504480420708,7.324358329306323,39.79336452178545,18,1,1
745,625,0,120,124.66975481309629,155.99074728911577,7.335987941148404,39.85151258099586,18,1,1
746,626,0,120,124.4240523281876,156.23644977402446,7.347617552990485,39.90966064020627,18,1,1
747,627,0,120,124.17834984327891,156.48215225893316,7.359247164832566,39.96780869941667,18,1,1
748,628,0,120,123.93237284846043,156.72812925375163,7.370897845731219,40.026062103909936,18,1,1
749,629,0,120,123.6860554093228,156.97444669288927,7.382574656253481,40.084446156521246,18,1,1
750,630,0,120,123.43973797018518,157.22076413202691,7.394251466775743,40.142830209132555,18,1,1
751,631,0,120,123.19342053104755,157.46708157116456,7.405928277298005,40.201214261743864,18,1,1
752,632,0,120,122.94710309190992,157.7133990103022,7.4176050878202675,40.25959831435517,18,1,1
753,633,0,120,122.7007856527723,157.95971644943984,7.42928189834253,40.31798236696648,18,1,1
754,634,0,120,122.45446821363467,158.20603388857748,7.440958708864792,40.37636641957779,18,1,1
755,635,0,120,122.20815077449704,158.45235132771512,7.452635519387054,40.4347504721891,18,1,1
756,636,0,120,121.96183333535942,158.69866876685276,7.464312329909316,40.49313452480042,18,1,1
757,637,0,120,121.71551589622179,158.9449862059904,7.475989140431579,40.55151857741173,18,1,1
758,638,0,120,121.46919845708416,159.19130364512804,7.487665950953841,40.609902630023036,18,1,1
759,639,0,120,121.22288101794653,159.4376210842657,7.499342761476103,40.668286682634346,18,1,1
760,640,0,120,120.9765635788089,159.68393852340333,7.511019571998365,40.726670735245655,18,1,1
761,641,0,120,120.73024613967128,159.93025596254097,7.5226963825206274,40.785054787856964,18,1,1
762,642,0,120,120.48392870053365,160.1765734016786,7.53437319304289,40.843438840468274,18,1,1
763,643,0,120,120.23761126139603,160.42289084081625,7.546050003565152,40.90182289307958,18,1,1
764,644,0,120,119.9912938222584,160.6692082799539,7.557726814087414,40.96020694569089,18,1,1
765,645,0,120,119.74475825224195,160.91574384997034,7.569432581017513,41.018735780341395,18,1,1
766,646,0,120,119.4977557845492,161.16274631766308,7.581200327615994,41.07757451333379,18,1,1
767,647,0,120,119.25075331685645,161.40974878535582,7.5929680742144745,41.1364132463262,18,1,1
768,648,0,120,119.0037508491637,161.65675125304855,7.604735820812955,41.195251979318606,18,1,1
769,649,0,120,118.75674838147094,161.9037537207413,7.616503567411436,41.25409071231101,18,1,1
770,650,0,120,118.50974591377819,162.15075618843403,7.6282713140099165,41.31292944530342,18,1,1
771,651,0,120,118.26274344608544,162.39775865612677,7.640039060608397,41.371768178295824,18,1,1
772,652,0,120,118.01574097839269,162.6447611238195,7.651806807206878,41.43060691128823,18,1,1
773,653,0,120,117.76873851069993,162.89176359151224,7.663574553805359,41.489445644280636,18,1,1
774,654,0,120,117.52173604300718,163.13876605920498,7.675342300403839,41.54828437727304,18,1,1
775,655,0,120,117.27473357531443,163.38576852689772,7.68711004700232,41.60712311026545,18,1,1
776,656,0,120,117.02773110762168,163.63277099459046,7.698877793600801,41.66596184325785,18,1,1
777,657,0,120,116.78072863992892,163.8797734622832,7.710645540199281,41.72480057625025,18,1,1
778,658,0,120,116.53372617223617,164.12677592997593,7.722413286797762,41.78363930924266,18,1,1
779,659,0,120,116.28672370454342,164.37377839766867,7.734181033396243,41.842478042235065,18,1,1
780,660,0,120,116.03972123685067,164.6207808653614,7.745948779994723,41.90131677522747,18,1,1
781,661,0,120,115.79271876915791,164.86778333305415,7.757716526593204,41.96015550821988,18,1,1
782,662,0,120,115.54550645720104,165.11499564501102,7.769520311425579,42.01917443238175,18,1,1
783,663,0,120,115.29785395192647,165.3626481502856,7.781399694177244,42.07857134614007,18,1,1
784,664,0,120,115.0502014466519,165.61030065556017,7.7932790769289095,42.1379682598984,18,1,1
785,665,0,120,114.80254894137732,165.85795316083474,7.805158459680575,42.19736517365673,18,1,1
786,666,0,120,114.55489643610275,166.1056056661093,7.81703784243224,42.256762087415055,18,1,1
787,667,0,120,114.30724393082818,166.35325817138389,7.828917225183906,42.31615900117338,18,1,1
788,668,0,120,114.0595914255536,166.60091067665846,7.840796607935571,42.3755559149317,18,1,1
789,669,0,120,113.81193892027903,166.84856318193303,7.852675990687237,42.43495282869003,18,1,1
790,670,0,120,113.56428641500446,167.0962156872076,7.864555373438902,42.49434974244836,18,1,1
791,671,0,120,113.31663390972989,167.34386819248218,7.876434756190568,42.553746656206684,18,1,1
792,672,0,120,113.06898140445531,167.59152069775675,7.888314138942233,42.613143569965004,18,1,1
793,673,0,120,112.82132889918074,167.83917320303132,7.9001935216938985,42.67254048372333,18,1,1
794,674,0,120,112.57367639390617,168.0868257083059,7.912072904445564,42.73193739748166,18,1,1
795,675,0,120,112.3260238886316,168.33447821358047,7.923952287197229,42.791334311239986,18,1,1
796,676,0,120,112.07837138335702,168.58213071885504,7.935831669948895,42.85073122499831,18,1,1
797,677,0,120,111.83071887808245,168.8297832241296,7.94771105270056,42.91012813875663,18,1,1
798,678,0,120,111.58306637280788,169.0774357294042,7.959590435452226,42.96952505251496,18,1,1
799,679,0,120,111.33512593660618,169.32537616560592,7.971521138694006,43.02917856872386,18,1,1
800,680,0,120,111.08688210886461,169.57361999334748,7.9835059181084205,43.08910246579593,18,1,1
801,681,0,120,110.83863828112305,169.82186382108904,7.995490697522835,43.14902636286801,18,1,1
802,682,0,120,110.59039445338149,170.0701076488306,8.00747547693725,43.20895025994008,18,1,1
803,683,0,120,110.34215062563993,170.31835147657216,8.019460256351666,43.268874157012156,18,1,1
804,684,0,120,110.09390679789837,170.56659530431372,8.031445035766081,43.32879805408423,18,1,1
805,685,0,120,109.84566297015681,170.81483913205528,8.043429815180497,43.388721951156306,18,1,1
806,686,0,120,109.59741914241525,171.06308295979684,8.055414594594913,43.44864584822838,18,1,1
807,687,0,120,109.34917531467369,171.3113267875384,8.067399374009328,43.508569745300456,18,1,1
808,688,0,120,109.10093148693213,171.55957061527997,8.079384153423744,43.56849364237253,18,1,1
809,689,0,120,108.85268765919056,171.80781444302153,8.09136893283816,43.6284175394446,18,1,1
810,690,0,120,108.604443831449,172.0560582707631,8.103353712252575,43.68834143651667,18,1,1
811,691,0,120,108.35620000370744,172.30430209850465,8.115338491666991,43.74826533358875,18,1,1
812,692,0,120,108.10795617596588,172.5525459262462,8.127323271081407,43.80818923066082,18,1,1
813,693,0,120,107.85971234822432,172.80078975398777,8.139308050495822,43.8681131277329,18,1,1
814,694,0,120,107.61146852048276,173.04903358172933,8.151292829910238,43.92803702480497,18,1,1
815,695,0,120,107.3632246927412,173.2972774094709,8.163277609324654,43.98796092187705,18,1,1
816,696,0,120,107.11452917983166,173.5459729223804,8.175326908092396,44.04820741571576,18,1,1
817,697,0,120,106.86572010539798,173.7947819968141,8.187392428150146,44.10853501600451,18,1,1
818,698,0,120,106.6169110309643,174.0435910712478,8.199457948207895,44.168862616293254,18,1,1
819,699,0,120,106.36810195653062,174.29240014568148,8.211523468265645,44.229190216582005,18,1,1
820,700,0,120,106.11929288209694,174.54120922011518,8.223588988323394,44.289517816870756,18,1,1
821,701,0,120,105.87048380766326,174.79001829454887,8.235654508381144,44.34984541715951,18,1,1
822,702,0,120,105.62167473322958,175.03882736898257,8.247720028438893,44.41017301744825,18,1,1
823,703,0,120,105.3728656587959,175.28763644341626,8.259785548496643,44.470500617737,18,1,1
824,704,0,120,105.12405658436222,175.53644551784996,8.271851068554392,44.53082821802575,18,1,1
825,705,0,120,104.87524750992854,175.78525459228365,8.283916588612142,44.591155818314505,18,1,1
826,706,0,120,104.62643843549486,176.03406366671734,8.295982108669891,44.651483418603256,18,1,1
827,707,0,120,104.37762936106118,176.28287274115104,8.30804762872764,44.711811018892,18,1,1
828,708,0,120,104.1288202866275,176.53168181558473,8.32011314878539,44.77213861918075,18,1,1
829,709,0,120,103.88001121219382,176.78049089001843,8.33217866884314,44.8324662194695,18,1,1
830,710,0,120,103.63120213776014,177.02929996445212,8.34424418890089,44.89279381975825,18,1,1
831,711,0,120,103.38239306332646,177.27810903888582,8.356309708958639,44.953121420047,18,1,1
832,712,0,120,103.13346938352099,177.5270327186913,8.368385778494208,45.01350176772484,18,1,1
833,713,0,120,102.88414622948244,177.77635587272985,8.380498619818876,45.07406597434818,18,1,1
834,714,0,120,102.63482307544389,178.02567902676842,8.392611461143545,45.13463018097152,18,1,1
835,715,0,120,102.38549992140534,178.27500218080698,8.404724302468214,45.19519438759487,18,1,1
836,716,0,120,102.13617676736679,178.52432533484554,8.416837143792883,45.25575859421821,18,1,1
837,717,0,120,101.88685361332824,178.7736484888841,8.428949985117551,45.31632280084155,18,1,1
838,718,0,120,101.63753045928969,179.02297164292267,8.44106282644222,45.37688700746489,18,1,1
839,719,0,120,101.38820730525114,179.27229479696123,8.453175667766889,45.43745121408823,18,1,1
840,720,0,120,101.1388841512126,179.5216179509998,8.465288509091558,45.49801542071157,18,1,1
841,721,0,120,100.88956099717404,179.77094110503836,8.477401350416226,45.55857962733491,18,1,1
842,722,0,120,100.6402378431355,180.02026425907692,8.489514191740895,45.61914383395825,18,1,1
843,723,0,120,100.39091468909695,180.2695874131155,8.501627033065564,45.67970804058159,18,1,1
844,724,0,120,100.1415915350584,180.51891056715405,8.513739874390232,45.74027224720493,18,1,1
845,725,0,120,99.89226838101985,180.76823372119262,8.525852715714901,45.80083645382827,18,1,1
846,726,0,120,99.6429452269813,181.01755687523118,8.53796555703957,45.86140066045161,18,1,1
847,727,0,120,99.39362207294275,181.26688002926974,8.550078398364239,45.92196486707495,18,1,1
848,728,0,120,99.1442989189042,181.5162031833083,8.562191239688907,45.98252907369829,18,1,1
849,729,0,120,98.89473553953809,181.7657665626744,8.574310788001815,46.04312681526283,18,1,1
850,730,0,120,98.6450747677488,182.0154273344637,8.58643305546946,46.103738152601046,18,1,1
851,731,0,120,98.3954139959595,182.26508810625302,8.598555322937104,46.16434948993927,18,1,1
852,732,0,120,98.1457532241702,182.51474887804233,8.610677590404748,46.224960827277485,18,1,1
853,733,0,120,97.89609245238091,182.76440964983163,8.622799857872392,46.28557216461571,18,1,1
854,734,0,120,97.64643168059162,183.01407042162094,8.634922125340037,46.346183501953924,18,1,1
855,735,0,120,97.39677090880232,183.26373119341025,8.64704439280768,46.40679483929214,18,1,1
856,736,0,120,97.14711013701303,183.51339196519956,8.659166660275325,46.46740617663036,18,1,1
857,737,0,120,96.89744936522374,183.76305273698887,8.67128892774297,46.52801751396858,18,1,1
858,738,0,120,96.64778859343444,184.01271350877818,8.683411195210613,46.588628851306794,18,1,1
859,739,0,120,96.39812782164515,184.26237428056749,8.695533462678258,46.64924018864502,18,1,1
860,740,0,120,96.14846704985585,184.5120350523568,8.707655730145902,46.70985152598323,18,1,1
861,741,0,120,95.89880627806656,184.7616958241461,8.719777997613546,46.77046286332145,18,1,1
862,742,0,120,95.64914550627726,185.0113565959354,8.73190026508119,46.83107420065967,18,1,1
863,743,0,120,95.39948473448797,185.26101736772472,8.744022532548835,46.89168553799789,18,1,1
864,744,0,120,95.14982396269868,185.51067813951403,8.756144800016479,46.9522968753361,18,1,1
865,745,0,120,94.90018627322603,185.76031582898668,8.768260488633528,47.01287531842136,18,1,1
866,746,0,120,94.65063388592931,186.0098682162834,8.780351864687876,47.073332198693095,18,1,1
867,747,0,120,94.40108149863259,186.2594206035801,8.792443240742225,47.13378907896484,18,1,1
868,748,0,120,94.15152911133588,186.50897299087683,8.804534616796573,47.194245959236575,18,1,1
869,749,0,120,93.90197672403916,186.75852537817354,8.816625992850922,47.25470283950832,18,1,1
870,750,0,120,93.65242433674244,187.00807776547026,8.82871736890527,47.315159719780056,18,1,1
871,751,0,120,93.40287194944572,187.25763015276698,8.840808744959618,47.3756166000518,18,1,1
872,752,0,120,93.15331956214901,187.5071825400637,8.852900121013967,47.436073480323536,18,1,1
873,753,0,120,92.90376717485229,187.7567349273604,8.864991497068315,47.49653036059527,18,1,1
874,754,0,120,92.65421478755557,188.00628731465713,8.877082873122664,47.55698724086702,18,1,1
875,755,0,120,92.40466240025886,188.25583970195385,8.889174249177012,47.61744412113875,18,1,1
876,756,0,120,92.15511001296214,188.50539208925056,8.90126562523136,47.6779010014105,18,1,1
877,757,0,120,91.90555762566542,188.75494447654728,8.913357001285709,47.738357881682234,18,1,1
878,758,0,120,91.6560052383687,189.004496863844,8.925448377340057,47.79881476195398,18,1,1
879,759,0,120,91.40645285107199,189.2540492511407,8.937539753394406,47.859271642225714,18,1,1
880,760,0,120,91.15690046377527,189.50360163843743,8.949631129448754,47.91972852249746,18,1,1
881,761,0,120,90.90734807647856,189.75315402573415,8.961722505503102,47.980185402769195,18,1,1
882,762,0,120,90.65832828936477,190.00217381284796,8.973768844660665,48.04041709855701,18,1,1
883,763,0,120,90.40956816429062,190.2509339379221,8.985793226686305,48.1005390086852,18,1,1
884,764,0,120,90.16080803921646,190.49969406299624,8.997817608711944,48.1606609188134,18,1,1
885,765,0,120,89.9120479141423,190.74845418807038,9.009841990737584,48.220782828941594,18,1,1
886,766,0,120,89.66328778906815,190.99721431314453,9.021866372763224,48.28090473906979,18,1,1
887,767,0,120,89.414527663994,191.24597443821867,9.033890754788864,48.34102664919799,18,1,1
888,768,0,120,89.16576753891984,191.4947345632928,9.045915136814504,48.40114855932619,18,1,1
889,769,0,120,88.91700741384568,191.74349468836695,9.057939518840143,48.461270469454384,18,1,1
890,770,0,120,88.66824728877152,191.9922548134411,9.069963900865783,48.52139237958258,18,1,1
891,771,0,120,88.41948716369737,192.24101493851524,9.081988282891423,48.581514289710775,18,1,1
892,772,0,120,88.17072703862321,192.48977506358938,9.094012664917063,48.64163619983898,18,1,1
893,773,0,120,87.92196691354906,192.73853518866352,9.106037046942703,48.70175810996717,18,1,1
894,774,0,120,87.6732067884749,192.98729531373766,9.118061428968343,48.76188002009537,18,1,1
895,775,0,120,87.42444666340074,193.2360554388118,9.130085810993982,48.822001930223564,18,1,1
896,776,0,120,87.17568653832659,193.48481556388595,9.142110193019622,48.88212384035176,18,1,1
897,777,0,120,86.92692641325243,193.7335756889601,9.154134575045262,48.94224575047996,18,1,1
898,778,0,120,86.67821374358628,193.98228835862622,9.166155514122574,49.00235044586652,18,1,1
899,779,0,120,86.43065865176955,194.22984345044296,9.178092469500491,49.06203522275611,18,1,1
900,780,0,120,86.18310355995281,194.4773985422597,9.190029424878409,49.12171999964569,18,1,1
901,781,0,120,85.93554846813608,194.72495363407643,9.201966380256327,49.18140477653528,18,1,1
902,782,0,120,85.68799337631934,194.97250872589316,9.213903335634244,49.24108955342487,18,1,1
903,783,0,120,85.4404382845026,195.2200638177099,9.225840291012162,49.300774330314454,18,1,1
904,784,0,120,85.19288319268587,195.46761890952664,9.23777724639008,49.36045910720404,18,1,1
905,785,0,120,84.94532810086913,195.71517400134337,9.249714201767997,49.42014388409363,18,1,1
906,786,0,120,84.6977730090524,195.9627290931601,9.261651157145915,49.479828660983216,18,1,1
907,787,0,120,84.45021791723566,196.21028418497684,9.273588112523832,49.539513437872806,18,1,1
908,788,0,120,84.20266282541893,196.45783927679358,9.28552506790175,49.59919821476239,18,1,1
909,789,0,120,83.95510773360219,196.7053943686103,9.297462023279667,49.65888299165198,18,1,1
910,790,0,120,83.70755264178545,196.95294946042705,9.309398978657585,49.71856776854157,18,1,1
911,791,0,120,83.45999754996872,197.20050455224379,9.321335934035503,49.77825254543115,18,1,1
912,792,0,120,83.21244245815198,197.44805964406052,9.33327288941342,49.83793732232074,18,1,1
913,793,0,120,82.96488736633525,197.69561473587726,9.345209844791338,49.89762209921033,18,1,1
914,794,0,120,82.71733227451851,197.943169827694,9.357146800169255,49.95730687609991,18,1,1
915,795,0,120,82.4700817166832,198.1904203855293,9.369058750640058,50.01686662845392,18,1,1
916,796,0,120,82.2235963290764,198.43690577313612,9.380907873933403,50.07611224492065,18,1,1
917,797,0,120,81.9771109414696,198.68339116074293,9.392756997226748,50.13535786138738,18,1,1
918,798,0,120,81.73062555386281,198.92987654834974,9.404606120520093,50.19460347785411,18,1,1
919,799,0,120,81.48414016625601,199.17636193595655,9.416455243813438,50.25384909432084,18,1,1
920,800,0,120,81.23765477864922,199.42284732356336,9.428304367106783,50.31309471078757,18,1,1
921,801,0,120,80.99116939104242,199.66933271117017,9.440153490400128,50.3723403272543,18,1,1
922,802,0,120,80.74468400343562,199.91581809877698,9.452002613693473,50.43158594372103,18,1,1
923,803,0,120,80.49819861582883,200.1623034863838,9.463851736986818,50.49083156018776,18,1,1
924,804,0,120,80.25171322822203,200.4087888739906,9.475700860280163,50.55007717665449,18,1,1
925,805,0,120,80.00522784061523,200.6552742615974,9.487549983573508,50.609322793121216,18,1,1
926,806,0,120,79.75874245300844,200.90175964920422,9.499399106866854,50.66856840958795,18,1,1
927,807,0,120,79.51225706540164,201.14824503681103,9.511248230160199,50.72781402605468,18,1,1
928,808,0,120,79.26577167779485,201.39473042441784,9.523097353453544,50.787059642521406,18,1,1
929,809,0,120,79.01928629018805,201.64121581202465,9.534946476746889,50.84630525898814,18,1,1
930,810,0,120,78.77280090258125,201.88770119963146,9.546795600040234,50.90555087545487,18,1,1
931,811,0,120,78.52631551497446,202.13418658723828,9.558644723333579,50.9647964919216,18,1,1
932,812,0,120,78.28011064089183,202.3803914613209,9.570464243837792,51.02389409444266,18,1,1
933,813,0,120,78.03431650699702,202.6261855952157,9.58224041864164,51.0827749684619,18,1,1
934,814,0,120,77.7885223731022,202.8719797291105,9.594016593445486,51.14165584248113,18,1,1
935,815,0,120,77.54272823920738,203.1177738630053,9.605792768249334,51.20053671650036,18,1,1
936,816,0,120,77.29693410531256,203.36356799690012,9.61756894305318,51.2594175905196,18,1,1
937,817,0,120,77.05113997141774,203.60936213079492,9.629345117857028,51.31829846453883,18,1,1
938,818,0,120,76.80534583752292,203.85515626468973,9.641121292660875,51.37717933855806,18,1,1
939,819,0,120,76.5595517036281,204.10095039858453,9.652897467464722,51.436060212577296,18,1,1
940,820,0,120,76.31375756973328,204.34674453247933,9.66467364226857,51.494941086596526,18,1,1
941,821,0,120,76.06796343583846,204.59253866637414,9.676449817072417,51.55382196061576,18,1,1
942,822,0,120,75.82216930194365,204.83833280026894,9.688225991876264,51.612702834634995,18,1,1
943,823,0,120,75.57637516804883,205.08412693416375,9.700002166680111,51.671583708654225,18,1,1
944,824,0,120,75.33058103415401,205.32992106805855,9.711778341483958,51.730464582673456,18,1,1
945,825,0,120,75.08478690025919,205.57571520195336,9.723554516287805,51.78934545669269,18,1,1
946,826,0,120,74.83899276636437,205.82150933584816,9.735330691091653,51.848226330711924,18,1,1
947,827,0,120,74.59319863246955,206.06730346974297,9.7471068658955,51.907107204731155,18,1,1
948,828,0,120,74.34740449857473,206.31309760363777,9.758883040699347,51.96598807875039,18,1,1
949,829,0,120,74.10175971572033,206.55874238649218,9.770639543051438,52.02477059051085,18,1,1
950,830,0,120,73.85631919220376,206.80418291000876,9.782369140455577,52.083418577531546,18,1,1
951,831,0,120,73.61087866868718,207.04962343352534,9.794098737859716,52.14206656455224,18,1,1
952,832,0,120,73.3654381451706,207.29506395704192,9.805828335263856,52.200714551572936,18,1,1
953,833,0,120,73.11999762165402,207.5405044805585,9.817557932667995,52.259362538593635,18,1,1
954,834,0,120,72.87455709813744,207.78594500407507,9.829287530072135,52.318010525614326,18,1,1
955,835,0,120,72.62911657462087,208.03138552759165,9.841017127476274,52.376658512635025,18,1,1
956,836,0,120,72.38367605110429,208.27682605110823,9.852746724880413,52.435306499655724,18,1,1
957,837,0,120,72.13823552758771,208.5222665746248,9.864476322284553,52.493954486676415,18,1,1
958,838,0,120,71.89279500407113,208.7677070981414,9.876205919688692,52.552602473697114,18,1,1
959,839,0,120,71.64735448055455,209.01314762165796,9.887935517092831,52.61125046071781,18,1,1
960,840,0,120,71.40191395703798,209.25858814517454,9.89966511449697,52.669898447738504,18,1,1
961,841,0,120,71.1564734335214,209.50402866869112,9.91139471190111,52.7285464347592,18,1,1
962,842,0,120,70.91103291000482,209.7494691922077,9.92312430930525,52.7871944217799,18,1,1
963,843,0,120,70.66559238648824,209.99490971572428,9.934853906709389,52.84584240880059,18,1,1
964,844,0,120,70.42015186297166,210.24035023924085,9.946583504113528,52.90449039582129,18,1,1
965,845,0,120,70.17471133945509,210.48579076275743,9.958313101517668,52.96313838284199,18,1,1
966,846,0,120,69.92933779913832,210.7311643030742,9.970038889681955,53.02176732366342,18,1,1
967,847,0,120,69.68407759156506,210.97642451064746,9.981758232773382,53.08036403912055,18,1,1
968,848,0,120,69.43881738399179,211.22168471822073,9.993477575864809,53.13896075457768,18,1,1
969,849,0,120,69.19355717641852,211.466944925794,10.005196918956235,53.19755747003481,18,1,1
970,850,0,120,68.94829696884526,211.71220513336726,10.016916262047662,53.256154185491944,18,1,1
971,851,0,120,68.70303676127199,211.95746534094053,10.028635605139089,53.31475090094907,18,1,1
972,852,0,120,68.45777655369872,212.2027255485138,10.040354948230515,53.37334761640621,18,1,1
973,853,0,120,68.21251634612545,212.44798575608706,10.052074291321942,53.431944331863335,18,1,1
974,854,0,120,67.96725613855219,212.69324596366033,10.063793634413368,53.49054104732047,18,1,1
975,855,0,120,67.72199593097892,212.9385061712336,10.075512977504795,53.5491377627776,18,1,1
976,856,0,120,67.47673572340565,213.18376637880687,10.087232320596222,53.60773447823473,18,1,1
977,857,0,120,67.23147551583239,213.42902658638013,10.098951663687648,53.66633119369186,18,1,1
978,858,0,120,66.98621530825912,213.6742867939534,10.110671006779075,53.724927909148995,18,1,1
979,859,0,120,66.74095510068585,213.91954700152667,10.122390349870502,53.78352462460612,18,1,1
980,860,0,120,66.49569489311259,214.16480720909993,10.134109692961928,53.84212134006326,18,1,1
981,861,0,120,66.25043468553932,214.4100674166732,10.145829036053355,53.900718055520386,18,1,1
982,862,0,120,66.00517447796605,214.65532762424647,10.157548379144782,53.95931477097752,18,1,1
983,863,0,120,65.7598466169368,214.90065548527573,10.16935020782367,54.012956964110295,18.0129569641103,1,1
984,864,0,120,65.5143650837731,215.14613701843945,10.18133939923369,54.055345156845135,18.05534515684513,1,1
985,865,0,120,65.2688835506094,215.39161855160316,10.193328590643707,54.09773334957997,18.09773334957997,1,1
986,866,0,120,65.0234020174457,215.63710008476687,10.205317782053726,54.14012154231481,18.140121542314805,1,1
987,867,0,120,64.777920484282,215.88258161793058,10.217306973463744,54.18250973504964,18.182509735049642,1,1
988,868,0,120,64.53243895111831,216.1280631510943,10.229296164873762,54.224897927784475,18.22489792778448,1,1
989,869,0,120,64.28695741795461,216.373544684258,10.24128535628378,54.267286120519316,18.267286120519316,1,1
990,870,0,120,64.04147588479091,216.61902621742172,10.253274547693799,54.30967431325415,18.30967431325415,1,1
991,871,0,120,63.795994351627215,216.86450775058543,10.265263739103817,54.35206250598899,18.352062505988986,1,1
992,872,0,120,63.55051281846352,217.10998928374914,10.277252930513836,54.39445069872382,18.394450698723823,1,1
993,873,0,120,63.30503128529982,217.35547081691286,10.289242121923854,54.43683889145866,18.43683889145866,1,1
994,874,0,120,63.05954975213612,217.60095235007657,10.301231313333872,54.4792270841935,18.479227084193496,1,1
995,875,0,120,62.81406821897242,217.84643388324028,10.31322050474389,54.52161527692833,18.521615276928333,1,1
996,876,0,120,62.568586685808725,218.091915416404,10.325209696153909,54.56400346966317,18.56400346966317,1,1
997,877,0,120,62.32310515264503,218.3373969495677,10.337198887563927,54.606391662398,18.606391662398003,1,1
998,878,0,120,62.07762361948133,218.58287848273142,10.349188078973945,54.648779855132844,18.64877985513284,1,1
999,879,0,120,61.83214208631763,218.82836001589513,10.361177270383964,54.69116804786768,18.691168047867677,1,1
1000,880,0,120,61.58666055315393,219.07384154905884,10.373166461793982,54.73355624060251,18.733556240602514,1,1
1001,881,0,120,61.341179019990236,219.31932308222255,10.385155653204,54.77594443333735,18.77594443333735,1,1
1002,882,0,120,61.09569748682654,219.56480461538627,10.397144844614019,54.818332626072184,18.818332626072188,1,1
1003,883,0,120,60.85021595366284,219.81028614854998,10.409134036024037,54.860720818807025,18.86072081880702,1,1
1004,884,0,120,60.60473442049914,220.0557676817137,10.421123227434055,54.90310901154186,18.903109011541858,1,1
1005,885,0,120,60.359252887335444,220.3012492148774,10.433112418844074,54.9454972042767,18.945497204276695,1,1
1006,886,0,120,60.113771354171746,220.5467307480411,10.445101610254092,54.98788539701153,18.98788539701153,1,1
1007,887,0,120,59.86780187488873,220.79270022732413,10.457287687031526,55.03096968463845,19.03096968463845,1,1
1008,888,0,120,59.62163713387544,221.03886496833744,10.469552551560279,55.07433252903153,19.074332529031526,1,1
1009,889,0,120,59.37547239286215,221.28502970935074,10.481817416089031,55.1176953734246,19.117695373424606,1,1
1010,890,0,120,59.12930765184886,221.53119445036404,10.494082280617784,55.16105821781768,19.161058217817683,1,1
1011,891,0,120,58.88314291083557,221.77735919137734,10.506347145146536,55.20442106221076,19.204421062210763,1,1
1012,892,0,120,58.636978169822285,222.02352393239065,10.518612009675289,55.24778390660384,19.247783906603843,1,1
1013,893,0,120,58.390813428809,222.26968867340395,10.530876874204042,55.29114675099692,19.29114675099692,1,1
1014,894,0,120,58.14464868779571,222.51585341441725,10.543141738732794,55.334509595389996,19.33450959539,1,1
1015,895,0,120,57.89848394678242,222.76201815543055,10.555406603261547,55.377872439783076,19.377872439783076,1,1
1016,896,0,120,57.65231920576913,223.00818289644386,10.5676714677903,55.421235284176156,19.421235284176156,1,1
1017,897,0,120,57.40615446475584,223.25434763745716,10.579936332319052,55.464598128569236,19.464598128569236,1,1
1018,898,0,120,57.159989723742555,223.50051237847046,10.592201196847805,55.507960972962316,19.507960972962312,1,1
1019,899,0,120,56.91382498272927,223.74667711948376,10.604466061376558,55.55132381735539,19.551323817355392,1,1
1020,900,0,120,56.66766024171598,223.99284186049707,10.61673092590531,55.59468666174847,19.59468666174847,1,1
1021,901,0,120,56.42149550070269,224.23900660151037,10.628995790434063,55.63804950614155,19.63804950614155,1,1
1022,902,0,120,56.1753307596894,224.48517134252367,10.641260654962815,55.68141235053463,19.681412350534625,1,1
1023,903,0,120,55.92916601867611,224.73133608353697,10.653525519491568,55.72477519492771,19.724775194927705,1,1
1024,904,0,120,55.683001277662825,224.97750082455028,10.66579038402032,55.76813803932078,19.768138039320785,1,1
1025,905,0,120,55.43683653664954,225.22366556556358,10.678055248549073,55.81150088371386,19.81150088371386,1,1
1026,906,0,120,55.19067179563625,225.46983030657688,10.690320113077826,55.85486372810694,19.854863728106942,1,1
1027,907,0,120,54.94450705462296,225.71599504759018,10.702584977606579,55.89822657250002,19.89822657250002,1,1
1028,908,0,120,54.69834231360967,225.9621597886035,10.714849842135331,55.9415894168931,19.9415894168931,1,1
1029,909,0,120,54.45217757259638,226.2083245296168,10.727114706664084,55.984952261286175,19.98495226128618,1,1
1029.347019180232,909.3470191802322,0,120,54.36675368596788,226.2937484162453,10.73137084989851,56,20,1,4
